2026-09-30T20:02:01.9175464Z Current runner version: '2.337.0'
2026-09-30T20:02:01.9211394Z ##[group]Runner Image Provisioner
2026-09-30T20:02:01.9212625Z Hosted Compute Agent
2026-09-30T20:02:01.9213564Z Version: 20260901.588
2026-09-30T20:02:01.9214866Z Commit: f88ec8081b781fac6c440065ac7ff9e710ce3d0b
2026-09-30T20:02:01.9216109Z Build Date: 2026-09-01T19:56:44Z
2026-09-30T20:02:01.9217299Z Worker ID: {ed5138c1-1751-4332-a034-546afcf4765b}
2026-09-30T20:02:01.9218491Z Azure Region: eastus2
2026-09-30T20:02:01.9219476Z ##[endgroup]
2026-09-30T20:02:01.9222118Z ##[group]Operating System
2026-09-30T20:02:01.9223166Z Ubuntu
2026-09-30T20:02:01.9224094Z 24.04.5
2026-09-30T20:02:01.9224886Z LTS
2026-09-30T20:02:01.9225830Z ##[endgroup]
2026-09-30T20:02:01.9226791Z ##[group]Runner Image
2026-09-30T20:02:01.9227858Z Image: ubuntu-24.04
2026-09-30T20:02:01.9228866Z Version: 20260927.320.1
2026-09-30T20:02:01.9231194Z Included Software: https://github.com/actions/runner-images/blob/ubuntu24/20260927.320/images/ubuntu/Ubuntu2404-Readme.md
2026-09-30T20:02:01.9234510Z Image Release: https://github.com/actions/runner-images/releases/tag/ubuntu24%2F20260927.320
2026-09-30T20:02:01.9236380Z ##[endgroup]
2026-09-30T20:02:01.9238140Z ##[group]GITHUB_TOKEN Permissions
2026-09-30T20:02:01.9241285Z Contents: read
2026-09-30T20:02:01.9242240Z Metadata: read
2026-09-30T20:02:01.9243173Z ##[endgroup]
2026-09-30T20:02:01.9246154Z Secret source: Actions
2026-09-30T20:02:01.9247655Z Cache mode: write
2026-09-30T20:02:01.9249136Z Prepare workflow directory
2026-09-30T20:02:01.9797117Z Prepare all required actions
2026-09-30T20:02:01.9866856Z Getting action download info
2026-09-30T20:02:02.2325679Z Download action repository 'actions/checkout@11d5960a326750d5838078e36cf38b85af677262' (SHA:11d5960a326750d5838078e36cf38b85af677262)
2026-09-30T20:02:02.3411533Z Download action repository 'mamba-org/setup-micromamba@add3a49764cedee8ee24e82dfde87f5bc2914462' (SHA:add3a49764cedee8ee24e82dfde87f5bc2914462)
2026-09-30T20:02:02.6228648Z Download action repository 'actions/upload-artifact@ea165f8d65b6e75b540449e92b4886f43607fa02' (SHA:ea165f8d65b6e75b540449e92b4886f43607fa02)
2026-09-30T20:02:02.8335901Z Complete job name: characterize-cpu
2026-09-30T20:02:02.9148763Z ##[group]Run actions/checkout@11d5960a326750d5838078e36cf38b85af677262
2026-09-30T20:02:02.9149994Z with:
2026-09-30T20:02:02.9150936Z   persist-credentials: false
2026-09-30T20:02:02.9151521Z   repository: georgpou/AToM_MLMM
2026-09-30T20:02:02.9155981Z   token: ***
2026-09-30T20:02:02.9156464Z   ssh-strict: true
2026-09-30T20:02:02.9156949Z   ssh-user: git
2026-09-30T20:02:02.9157421Z   clean: true
2026-09-30T20:02:02.9157910Z   sparse-checkout-cone-mode: true
2026-09-30T20:02:02.9158520Z   fetch-depth: 1
2026-09-30T20:02:02.9158989Z   fetch-tags: false
2026-09-30T20:02:02.9159481Z   show-progress: true
2026-09-30T20:02:02.9159967Z   lfs: false
2026-09-30T20:02:02.9160622Z   submodules: false
2026-09-30T20:02:02.9161136Z   set-safe-directory: true
2026-09-30T20:02:02.9161698Z   allow-unsafe-pr-checkout: false
2026-09-30T20:02:02.9162628Z env:
2026-09-30T20:02:02.9163098Z   OPENMM_CPU_THREADS: 2
2026-09-30T20:02:02.9163616Z   OMP_NUM_THREADS: 2
2026-09-30T20:02:02.9164150Z ##[endgroup]
2026-09-30T20:02:03.0273595Z Syncing repository: georgpou/AToM_MLMM
2026-09-30T20:02:03.0275831Z ##[group]Getting Git version info
2026-09-30T20:02:03.0276752Z Working directory is '/home/runner/work/AToM_MLMM/AToM_MLMM'
2026-09-30T20:02:03.0278031Z [command]/usr/bin/git version
2026-09-30T20:02:03.0352454Z git version 2.55.0
2026-09-30T20:02:03.0375490Z ##[endgroup]
2026-09-30T20:02:03.0397526Z Temporarily overriding HOME='/home/runner/work/_temp/d269ba8a-aaa1-4423-b0aa-58cbda3a4f7e' before making global git config changes
2026-09-30T20:02:03.0400792Z Adding repository directory to the temporary git global config as a safe directory
2026-09-30T20:02:03.0404962Z [command]/usr/bin/git config --global --add safe.directory /home/runner/work/AToM_MLMM/AToM_MLMM
2026-09-30T20:02:03.0459651Z Deleting the contents of '/home/runner/work/AToM_MLMM/AToM_MLMM'
2026-09-30T20:02:03.0464363Z ##[group]Initializing the repository
2026-09-30T20:02:03.0469309Z [command]/usr/bin/git init /home/runner/work/AToM_MLMM/AToM_MLMM
2026-09-30T20:02:03.0568006Z hint: Using 'master' as the name for the initial branch. This default branch name
2026-09-30T20:02:03.0569654Z hint: will change to "main" in Git 3.0. To configure the initial branch name
2026-09-30T20:02:03.0571055Z hint: to use in all of your new repositories, which will suppress this warning,
2026-09-30T20:02:03.0571896Z hint: call:
2026-09-30T20:02:03.0572333Z hint:
2026-09-30T20:02:03.0572925Z hint: 	git config --global init.defaultBranch <name>
2026-09-30T20:02:03.0573592Z hint:
2026-09-30T20:02:03.0574226Z hint: Names commonly chosen instead of 'master' are 'main', 'trunk' and
2026-09-30T20:02:03.0575247Z hint: 'development'. The just-created branch can be renamed via this command:
2026-09-30T20:02:03.0576052Z hint:
2026-09-30T20:02:03.0576514Z hint: 	git branch -m <name>
2026-09-30T20:02:03.0577033Z hint:
2026-09-30T20:02:03.0577747Z hint: Disable this message with "git config set advice.defaultBranchName false"
2026-09-30T20:02:03.0581919Z Initialized empty Git repository in /home/runner/work/AToM_MLMM/AToM_MLMM/.git/
2026-09-30T20:02:03.0595971Z [command]/usr/bin/git remote add origin https://github.com/georgpou/AToM_MLMM
2026-09-30T20:02:03.0646254Z ##[endgroup]
2026-09-30T20:02:03.0647976Z ##[group]Disabling automatic garbage collection
2026-09-30T20:02:03.0649910Z [command]/usr/bin/git config --local gc.auto 0
2026-09-30T20:02:03.0684671Z ##[endgroup]
2026-09-30T20:02:03.0686516Z ##[group]Setting up auth
2026-09-30T20:02:03.0693697Z [command]/usr/bin/git config --local --name-only --get-regexp core\.sshCommand
2026-09-30T20:02:03.0731665Z [command]/usr/bin/git submodule foreach --recursive sh -c "git config --local --name-only --get-regexp 'core\.sshCommand' && git config --local --unset-all 'core.sshCommand' || :"
2026-09-30T20:02:03.1090352Z [command]/usr/bin/git config --local --name-only --get-regexp http\.https\:\/\/github\.com\/\.extraheader
2026-09-30T20:02:03.1134139Z [command]/usr/bin/git submodule foreach --recursive sh -c "git config --local --name-only --get-regexp 'http\.https\:\/\/github\.com\/\.extraheader' && git config --local --unset-all 'http.https://github.com/.extraheader' || :"
2026-09-30T20:02:03.1361392Z [command]/usr/bin/git config --local --name-only --get-regexp ^includeIf\.gitdir:
2026-09-30T20:02:03.1396511Z [command]/usr/bin/git submodule foreach --recursive git config --local --show-origin --name-only --get-regexp remote.origin.url
2026-09-30T20:02:03.1617496Z [command]/usr/bin/git config --local http.https://github.com/.extraheader AUTHORIZATION: basic ***
2026-09-30T20:02:03.1657774Z ##[endgroup]
2026-09-30T20:02:03.1667784Z ##[group]Fetching the repository
2026-09-30T20:02:03.1669622Z [command]/usr/bin/git -c protocol.version=2 fetch --no-tags --prune --no-recurse-submodules --depth=1 origin +bd40066c54a49c7cfbd6c6b8e7fe4c96ac78ae7c:refs/remotes/origin/M00
2026-09-30T20:02:03.7105208Z From https://github.com/georgpou/AToM_MLMM
2026-09-30T20:02:03.7107533Z  * [new ref]         bd40066c54a49c7cfbd6c6b8e7fe4c96ac78ae7c -> origin/M00
2026-09-30T20:02:03.7113526Z ##[endgroup]
2026-09-30T20:02:03.7115830Z ##[group]Determining the checkout info
2026-09-30T20:02:03.7118140Z ##[endgroup]
2026-09-30T20:02:03.7120056Z [command]/usr/bin/git sparse-checkout disable
2026-09-30T20:02:03.7172897Z [command]/usr/bin/git config --local --unset-all extensions.worktreeConfig
2026-09-30T20:02:03.7207623Z ##[group]Checking out the ref
2026-09-30T20:02:03.7212145Z [command]/usr/bin/git checkout --progress --force -B M00 refs/remotes/origin/M00
2026-09-30T20:02:03.7517975Z Switched to a new branch 'M00'
2026-09-30T20:02:03.7522781Z branch 'M00' set up to track 'origin/M00'.
2026-09-30T20:02:03.7533923Z ##[endgroup]
2026-09-30T20:02:03.7579119Z [command]/usr/bin/git log -1 --format=%H
2026-09-30T20:02:03.7606829Z bd40066c54a49c7cfbd6c6b8e7fe4c96ac78ae7c
2026-09-30T20:02:03.7616747Z ##[group]Removing auth
2026-09-30T20:02:03.7620067Z [command]/usr/bin/git config --local --name-only --get-regexp core\.sshCommand
2026-09-30T20:02:03.7653839Z [command]/usr/bin/git submodule foreach --recursive sh -c "git config --local --name-only --get-regexp 'core\.sshCommand' && git config --local --unset-all 'core.sshCommand' || :"
2026-09-30T20:02:03.7874190Z [command]/usr/bin/git config --local --name-only --get-regexp http\.https\:\/\/github\.com\/\.extraheader
2026-09-30T20:02:03.7901635Z http.https://github.com/.extraheader
2026-09-30T20:02:03.7908895Z [command]/usr/bin/git config --local --unset-all http.https://github.com/.extraheader
2026-09-30T20:02:03.7945050Z [command]/usr/bin/git submodule foreach --recursive sh -c "git config --local --name-only --get-regexp 'http\.https\:\/\/github\.com\/\.extraheader' && git config --local --unset-all 'http.https://github.com/.extraheader' || :"
2026-09-30T20:02:03.8162615Z [command]/usr/bin/git config --local --name-only --get-regexp ^includeIf\.gitdir:
2026-09-30T20:02:03.8194290Z [command]/usr/bin/git submodule foreach --recursive git config --local --show-origin --name-only --get-regexp remote.origin.url
2026-09-30T20:02:03.8409833Z ##[endgroup]
2026-09-30T20:02:03.8779896Z ##[group]Run mamba-org/setup-micromamba@add3a49764cedee8ee24e82dfde87f5bc2914462
2026-09-30T20:02:03.8782216Z with:
2026-09-30T20:02:03.8783195Z   micromamba-version: 2.3.3-0
2026-09-30T20:02:03.8784400Z   init-shell: none
2026-09-30T20:02:03.8785452Z env:
2026-09-30T20:02:03.8786415Z   OPENMM_CPU_THREADS: 2
2026-09-30T20:02:03.8787555Z   OMP_NUM_THREADS: 2
2026-09-30T20:02:03.8788594Z ##[endgroup]
2026-09-30T20:02:04.0277514Z Will download micromamba to /home/runner/micromamba-bin/micromamba
2026-09-30T20:02:04.0286514Z ##[group]Install micromamba
2026-09-30T20:02:04.3259869Z micromamba installed to /home/runner/micromamba-bin/micromamba
2026-09-30T20:02:04.3264751Z ##[endgroup]
2026-09-30T20:02:04.3268316Z Adding conda-forge to condarc channels ...
2026-09-30T20:02:04.3277135Z Set environment variables.
2026-09-30T20:02:04.3285298Z ##[group]micromamba info
2026-09-30T20:02:04.3298729Z [command]/home/runner/micromamba-bin/micromamba info -r /home/runner/micromamba
2026-09-30T20:02:04.3422384Z 
2026-09-30T20:02:04.3423724Z        libmamba version : 2.3.3
2026-09-30T20:02:04.3425647Z      micromamba version : 2.3.3
2026-09-30T20:02:04.3428606Z            curl version : libcurl/8.14.1 OpenSSL/3.5.4 zlib/1.3.1 zstd/1.5.7 libssh2/1.11.1 nghttp2/1.67.0
2026-09-30T20:02:04.3432412Z      libarchive version : libarchive 3.8.2 zlib/1.3.1 bz2lib/1.0.8 libzstd/1.5.7 libb2/bundled
2026-09-30T20:02:04.3434531Z        envs directories : /home/runner/micromamba/envs
2026-09-30T20:02:04.3436217Z           package cache : /home/runner/micromamba/pkgs
2026-09-30T20:02:04.3437654Z                           /home/runner/.mamba/pkgs
2026-09-30T20:02:04.3438980Z             environment : base (not found)
2026-09-30T20:02:04.3440572Z            env location : /home/runner/micromamba
2026-09-30T20:02:04.3441970Z       user config files : /home/runner/.mambarc
2026-09-30T20:02:04.3445287Z  populated config files : /home/runner/work/_temp/setup-micromamba/.condarc
2026-09-30T20:02:04.3447135Z        virtual packages : __unix=0=0
2026-09-30T20:02:04.3448332Z                           __linux=6.17.0=0
2026-09-30T20:02:04.3449546Z                           __glibc=2.39=0
2026-09-30T20:02:04.3451369Z                           __archspec=1=x86_64_v3
2026-09-30T20:02:04.3454032Z                channels : https://conda.anaconda.org/conda-forge/linux-64
2026-09-30T20:02:04.3456103Z                           https://conda.anaconda.org/conda-forge/noarch
2026-09-30T20:02:04.3457680Z        base environment : /home/runner/micromamba
2026-09-30T20:02:04.3458998Z                platform : linux-64
2026-09-30T20:02:04.3461192Z ##[endgroup]
2026-09-30T20:02:04.3610727Z ##[group]Run bash environment/bootstrap_cpu.sh
2026-09-30T20:02:04.3612208Z [36;1mbash environment/bootstrap_cpu.sh[0m
2026-09-30T20:02:04.3863178Z shell: /usr/bin/bash --noprofile --norc -e -o pipefail {0}
2026-09-30T20:02:04.3864858Z env:
2026-09-30T20:02:04.3865695Z   OPENMM_CPU_THREADS: 2
2026-09-30T20:02:04.3866647Z   OMP_NUM_THREADS: 2
2026-09-30T20:02:04.3867664Z   MAMBA_ROOT_PREFIX: /home/runner/micromamba
2026-09-30T20:02:04.3869211Z   MAMBA_EXE: /home/runner/micromamba-bin/micromamba
2026-09-30T20:02:04.3871534Z   CONDARC: /home/runner/work/_temp/setup-micromamba/.condarc
2026-09-30T20:02:04.3872940Z ##[endgroup]
2026-09-30T20:02:17.1420246Z 
2026-09-30T20:03:06.4017731Z 
2026-09-30T20:03:06.4018498Z Transaction
2026-09-30T20:03:06.4018793Z 
2026-09-30T20:03:06.4019146Z   Prefix: /home/runner/micromamba/envs/atm-mlmm-p0
2026-09-30T20:03:06.4019643Z 
2026-09-30T20:03:06.4019845Z   Updating specs:
2026-09-30T20:03:06.4020065Z 
2026-09-30T20:03:06.4020667Z    - python=3.11
2026-09-30T20:03:06.4020976Z    - pip[version=">=25,<27"]
2026-09-30T20:03:06.4021278Z    - git
2026-09-30T20:03:06.4021506Z    - setuptools
2026-09-30T20:03:06.4021785Z    - wheel
2026-09-30T20:03:06.4022021Z    - openmm=8.6.1
2026-09-30T20:03:06.4022327Z    - ambertools=26.0
2026-09-30T20:03:06.4022654Z    - openmmforcefields=0.16.0
2026-09-30T20:03:06.4022924Z    - configobj=5.0.9
2026-09-30T20:03:06.4023155Z    - setproctitle
2026-09-30T20:03:06.4023425Z    - numpy[version=">=1.26,<2"]
2026-09-30T20:03:06.4023704Z    - biopython[version=">=1.83,<1.86"]
2026-09-30T20:03:06.4070848Z    - netcdf4
2026-09-30T20:03:06.4071244Z    - pdb2pqr
2026-09-30T20:03:06.4071583Z    - requests
2026-09-30T20:03:06.4071910Z    - docutils
2026-09-30T20:03:06.4072247Z    - scipy
2026-09-30T20:03:06.4072562Z    - pyyaml
2026-09-30T20:03:06.4072880Z    - packaging
2026-09-30T20:03:06.4073210Z    - psutil
2026-09-30T20:03:06.4073537Z    - e3nn=0.4.4
2026-09-30T20:03:06.4073947Z    - pymbar=4.0.3
2026-09-30T20:03:06.4074351Z    - mdtraj=1.10.3
2026-09-30T20:03:06.4074700Z    - pytest
2026-09-30T20:03:06.4075018Z    - pytest-cov
2026-09-30T20:03:06.4075399Z    - pytorch[version="=2.8.0",build="cpu*"]
2026-09-30T20:03:06.4075885Z    - pip
2026-09-30T20:03:06.4076123Z 
2026-09-30T20:03:06.4076133Z 
2026-09-30T20:03:06.4410496Z   Package                           Version  Build                              Channel          Size
2026-09-30T20:03:06.4412338Z ───────────────────────────────────────────────────────────────────────────────────────────────────────
2026-09-30T20:03:06.4412873Z   Install:
2026-09-30T20:03:06.4413317Z ───────────────────────────────────────────────────────────────────────────────────────────────────────
2026-09-30T20:03:06.4413627Z 
2026-09-30T20:03:06.4413849Z   + _openmp_mutex                       4.5  8_kmp_llvm                         conda-forge       8kB
2026-09-30T20:03:06.4414430Z   + _python_abi3_support                1.0  hd8ed1ab_3                         conda-forge       8kB
2026-09-30T20:03:06.4415008Z   + ambertools                         26.0  cuda_None_nompi_py311h232f31e_100  conda-forge     101MB
2026-09-30T20:03:06.4415852Z   + annotated-types                   0.8.0  pyhd8ed1ab_0                       conda-forge      19kB
2026-09-30T20:03:06.4416410Z   + arpack                            3.9.1  nompi_hf03ea27_102                 conda-forge     130kB
2026-09-30T20:03:06.4416944Z   + aws-c-auth                       0.10.4  h4610da3_2                         conda-forge     135kB
2026-09-30T20:03:06.4417442Z   + aws-c-cal                        0.9.15  h6bbde05_1                         conda-forge      57kB
2026-09-30T20:03:06.4417958Z   + aws-c-common                     0.14.3  hb03c661_0                         conda-forge     246kB
2026-09-30T20:03:06.4418492Z   + aws-c-compression                 0.3.2  h01ee8f8_5                         conda-forge      22kB
2026-09-30T20:03:06.4419265Z   + aws-c-http                       0.11.0  hbe094ff_5                         conda-forge     231kB
2026-09-30T20:03:06.4419766Z   + aws-c-io                         0.27.5  h4f381ba_1                         conda-forge     184kB
2026-09-30T20:03:06.4420590Z   + aws-c-s3                         0.13.1  h7508075_1                         conda-forge     158kB
2026-09-30T20:03:06.4421300Z   + aws-c-sdkutils                    0.2.7  h01ee8f8_3                         conda-forge      69kB
2026-09-30T20:03:06.4421842Z   + aws-checksums                    0.2.10  h01ee8f8_5                         conda-forge     102kB
2026-09-30T20:03:06.4422370Z   + backports.zstd                    1.7.0  py311h6f959d0_1                    conda-forge     248kB
2026-09-30T20:03:06.4422908Z   + biopython                          1.85  py311h49ec1c0_2                    conda-forge       3MB
2026-09-30T20:03:06.4423394Z   + blosc                            1.21.6  he440d0b_1                         conda-forge      48kB
2026-09-30T20:03:06.4423859Z   + brotli                            1.2.0  h505cf86_4                         conda-forge      21kB
2026-09-30T20:03:06.4424332Z   + brotli-bin                        1.2.0  h9908984_4                         conda-forge      22kB
2026-09-30T20:03:06.4424830Z   + brotli-python                     1.2.0  py311heb3be6f_4                    conda-forge     367kB
2026-09-30T20:03:06.4425330Z   + bson                             0.5.10  pyhd8ed1ab_0                       conda-forge      17kB
2026-09-30T20:03:06.4425797Z   + bzip2                             1.0.8  hda65f42_10                        conda-forge     258kB
2026-09-30T20:03:06.4426261Z   + c-ares                           1.34.8  hebe6cf0_2                         conda-forge     229kB
2026-09-30T20:03:06.4426743Z   + c-blosc2                          3.3.5  hea3f660_0                         conda-forge     416kB
2026-09-30T20:03:06.4427247Z   + ca-certificates               2026.7.22  hbd8a1cb_0                         conda-forge     132kB
2026-09-30T20:03:06.4427781Z   + cachetools                        7.2.0  pyhd8ed1ab_0                       conda-forge      22kB
2026-09-30T20:03:06.4428258Z   + cairo                            1.18.6  h3c89d7e_0                         conda-forge       1MB
2026-09-30T20:03:06.4428730Z   + certifi                       2026.7.22  pyhd8ed1ab_0                       conda-forge     137kB
2026-09-30T20:03:06.4429214Z   + cftime                            1.6.5  py311he50072f_2                    conda-forge     477kB
2026-09-30T20:03:06.4429808Z   + charset-normalizer                3.5.2  h1114479_0                         conda-forge     217kB
2026-09-30T20:03:06.4430600Z   + click                             8.5.0  pyh5ded981_0                       conda-forge     112kB
2026-09-30T20:03:06.4431292Z   + click-option-group                0.5.9  pyhcf101f3_0                       conda-forge      21kB
2026-09-30T20:03:06.4431834Z   + cloudpickle                       3.1.2  pyhcf101f3_1                       conda-forge      27kB
2026-09-30T20:03:06.4432338Z   + colorama                          0.4.6  pyhd8ed1ab_1                       conda-forge      27kB
2026-09-30T20:03:06.4432832Z   + configobj                         5.0.9  pyhd8ed1ab_1                       conda-forge      38kB
2026-09-30T20:03:06.4433339Z   + contourpy                         1.3.3  py311h724c32c_4                    conda-forge     321kB
2026-09-30T20:03:06.4433833Z   + coverage                         7.16.2  py311h364832d_0                    conda-forge     430kB
2026-09-30T20:03:06.4434323Z   + cpython                         3.11.16  py311hd8ed1ab_2                    conda-forge      49kB
2026-09-30T20:03:06.4434809Z   + cuda-nvrtc                      13.4.92  hd2095e1_0                         conda-forge      41MB
2026-09-30T20:03:06.4435295Z   + cuda-version                       13.4  hfacf21a_3                         conda-forge      21kB
2026-09-30T20:03:06.4435776Z   + cycler                           0.12.1  pyhcf101f3_2                       conda-forge      15kB
2026-09-30T20:03:06.4436415Z   + cyrus-sasl                       2.1.28  hac629b4_1                         conda-forge     210kB
2026-09-30T20:03:06.4436902Z   + docutils                           0.23  pyhcf101f3_0                       conda-forge     460kB
2026-09-30T20:03:06.4437476Z   + e3nn                              0.4.4  pyhd8ed1ab_1                       conda-forge     321kB
2026-09-30T20:03:06.4437956Z   + eigen-abi                     3.4.0.100  h3bcb7cf_2                         conda-forge      13kB
2026-09-30T20:03:06.4438473Z   + exceptiongroup                    1.3.1  pyhd8ed1ab_0                       conda-forge      21kB
2026-09-30T20:03:06.4439005Z   + fftw                             3.3.11  nompi_h3b011a4_100                 conda-forge       2MB
2026-09-30T20:03:06.4439487Z   + filelock                          4.0.7  pyhd8ed1ab_0                       conda-forge      85kB
2026-09-30T20:03:06.4439971Z   + flexcache                           0.3  pyh5ded981_2                       conda-forge      19kB
2026-09-30T20:03:06.4440782Z   + flexparser                          0.4  pyh5ded981_2                       conda-forge      31kB
2026-09-30T20:03:06.4441801Z   + font-ttf-dejavu-sans-mono          2.37  hab24e00_0                         conda-forge     397kB
2026-09-30T20:03:06.4442892Z   + font-ttf-inconsolata              3.000  h77eed37_0                         conda-forge      97kB
2026-09-30T20:03:06.4443973Z   + font-ttf-source-code-pro          2.038  h77eed37_0                         conda-forge     701kB
2026-09-30T20:03:06.4444974Z   + font-ttf-ubuntu                    0.83  h77eed37_3                         conda-forge       2MB
2026-09-30T20:03:06.4445890Z   + fontconfig                       2.18.3  h4db4eae_1                         conda-forge     296kB
2026-09-30T20:03:06.4446797Z   + fonts-conda-ecosystem                 1  0                                  conda-forge       4kB
2026-09-30T20:03:06.4447736Z   + fonts-conda-forge                     1  hc364b38_1                         conda-forge       4kB
2026-09-30T20:03:06.4448665Z   + fonttools                        4.66.1  py311h92159aa_0                    conda-forge       3MB
2026-09-30T20:03:06.4449558Z   + freesasa                          2.2.1  hd8ed1ab_5                         conda-forge       7kB
2026-09-30T20:03:06.4450720Z   + freesasa-python                   2.2.1  py311h49ec1c0_1                    conda-forge     257kB
2026-09-30T20:03:06.4451633Z   + freetype                         2.14.3  ha770c72_2                         conda-forge     175kB
2026-09-30T20:03:06.4452133Z   + freetype-py                       2.3.0  pyhd8ed1ab_0                       conda-forge      59kB
2026-09-30T20:03:06.4452654Z   + fribidi                          1.0.17  h7cc23a3_0                         conda-forge      64kB
2026-09-30T20:03:06.4453133Z   + fsspec                         2026.9.0  pyhd8ed1ab_0                       conda-forge     164kB
2026-09-30T20:03:06.4453612Z   + gemmi                             0.7.5  py311h5b8264c_0                    conda-forge       4MB
2026-09-30T20:03:06.4454073Z   + git                              2.56.0  pl5440h3795e67_0                   conda-forge      12MB
2026-09-30T20:03:06.4454527Z   + gmp                               6.3.0  hfd2156b_3                         conda-forge     493kB
2026-09-30T20:03:06.4454985Z   + gmpy2                             2.3.1  py311hbc40be8_1                    conda-forge     313kB
2026-09-30T20:03:06.4455453Z   + graphite2                        1.3.15  h54a6638_1                         conda-forge     103kB
2026-09-30T20:03:06.4455908Z   + h2                                4.4.1  pyhcf101f3_0                       conda-forge     101kB
2026-09-30T20:03:06.4456359Z   + hdf4                             4.2.15  h2a13503_7                         conda-forge     757kB
2026-09-30T20:03:06.4456815Z   + hdf5                              2.2.0  nompi_hc529623_100                 conda-forge       4MB
2026-09-30T20:03:06.4457452Z   + hpack                             4.2.0  pyhd8ed1ab_0                       conda-forge      33kB
2026-09-30T20:03:06.4457939Z   + hyperframe                        6.1.0  pyhd8ed1ab_0                       conda-forge      17kB
2026-09-30T20:03:06.4458515Z   + icu                                78.3  py310h44b86e0_2                    conda-forge      14MB
2026-09-30T20:03:06.4458964Z   + idna                               3.20  pyh5ded981_0                       conda-forge     179kB
2026-09-30T20:03:06.4460460Z   + importlib-metadata                9.0.1  pyhcf101f3_0                       conda-forge      35kB
2026-09-30T20:03:06.4461561Z   + importlib_resources               7.1.0  pyhd8ed1ab_0                       conda-forge      35kB
2026-09-30T20:03:06.4462112Z   + iniconfig                         2.3.0  pyhd8ed1ab_0                       conda-forge      13kB
2026-09-30T20:03:06.4462595Z   + jax                               0.7.1  pyhd8ed1ab_0                       conda-forge       2MB
2026-09-30T20:03:06.4463077Z   + jaxlib                            0.7.1  cpu_py311he1b3896_0                conda-forge      57MB
2026-09-30T20:03:06.4463552Z   + jinja2                            3.1.6  pyhcf101f3_1                       conda-forge     121kB
2026-09-30T20:03:06.4464033Z   + joblib                            1.6.0  pyhcf101f3_0                       conda-forge     229kB
2026-09-30T20:03:06.4464523Z   + keyutils                          1.6.3  h7cc23a3_1                         conda-forge     135kB
2026-09-30T20:03:06.4465019Z   + kiwisolver                        1.5.1  py311h4c6fd42_3                    conda-forge      77kB
2026-09-30T20:03:06.4465493Z   + krb5                             1.22.2  hbc21106_2                         conda-forge       1MB
2026-09-30T20:03:06.4465947Z   + lcms2                            2.19.1  h9073bf1_3                         conda-forge     254kB
2026-09-30T20:03:06.4466449Z   + ld_impl_linux-64                 2.46.1  default_hbd61a6d_102               conda-forge     745kB
2026-09-30T20:03:06.4466943Z   + lerc                              4.2.0  hdb68285_0                         conda-forge     271kB
2026-09-30T20:03:06.4467427Z   + libabseil                    20250512.1  cxx17_hba17884_0                   conda-forge       1MB
2026-09-30T20:03:06.4467918Z   + libaec                            1.1.5  h088129d_0                         conda-forge      37kB
2026-09-30T20:03:06.4468391Z   + libblas                          3.11.0  6_h5875eb1_mkl                     conda-forge      19kB
2026-09-30T20:03:06.4468864Z   + libboost                         1.86.0  hd24cca6_5                         conda-forge       3MB
2026-09-30T20:03:06.4469368Z   + libboost-python                  1.86.0  py311h1d5f577_5                    conda-forge     120kB
2026-09-30T20:03:06.4469888Z   + libbrotlicommon                   1.2.0  h39a168f_4                         conda-forge      81kB
2026-09-30T20:03:06.4470784Z   + libbrotlidec                      1.2.0  ha411449_4                         conda-forge      35kB
2026-09-30T20:03:06.4471289Z   + libbrotlienc                      1.2.0  h018ffa1_4                         conda-forge     298kB
2026-09-30T20:03:06.4471800Z   + libcblas                         3.11.0  6_hfef963f_mkl                     conda-forge      19kB
2026-09-30T20:03:06.4472284Z   + libcufft                      12.4.0.43  hd2095e1_0                         conda-forge     128MB
2026-09-30T20:03:06.4472761Z   + libcurl                          8.22.0  ha042cf0_0                         conda-forge     500kB
2026-09-30T20:03:06.4473251Z   + libdeflate                         1.25  hd45a770_1                         conda-forge      74kB
2026-09-30T20:03:06.4473755Z   + libedit                    3.1.20250104  pl5321h373387f_1                   conda-forge     135kB
2026-09-30T20:03:06.4474242Z   + libev                              4.33  h280c20c_3                         conda-forge      43kB
2026-09-30T20:03:06.4474878Z   + libexpat                          2.8.5  hd2095e1_0                         conda-forge      78kB
2026-09-30T20:03:06.4475362Z   + libffi                            3.7.0  h81df57d_1                         conda-forge      68kB
2026-09-30T20:03:06.4475841Z   + libfreetype                      2.14.3  ha770c72_2                         conda-forge       8kB
2026-09-30T20:03:06.4476439Z   + libfreetype6                     2.14.3  h5e6c136_2                         conda-forge     388kB
2026-09-30T20:03:06.4476921Z   + libgcc                           16.2.0  ha9f2e26_7                         conda-forge       1MB
2026-09-30T20:03:06.4477393Z   + libgcc-ng                        16.2.0  h69a702a_7                         conda-forge      29kB
2026-09-30T20:03:06.4477876Z   + libgfortran                      16.2.0  h69a702a_7                         conda-forge      29kB
2026-09-30T20:03:06.4478366Z   + libgfortran5                     16.2.0  h6b99dfc_7                         conda-forge       3MB
2026-09-30T20:03:06.4478855Z   + libglib                          2.90.0  h569388d_0                         conda-forge       5MB
2026-09-30T20:03:06.4479326Z   + libgomp                          16.2.0  he0feb66_7                         conda-forge     641kB
2026-09-30T20:03:06.4479790Z   + libgrpc                          1.73.1  h3288cfb_1                         conda-forge       8MB
2026-09-30T20:03:06.4480563Z   + libharfbuzz                      14.5.0  h23af247_0                         conda-forge       1MB
2026-09-30T20:03:06.4481067Z   + libhwloc                         2.15.0  default_hd7c4d0c_1001              conda-forge       2MB
2026-09-30T20:03:06.4481552Z   + libiconv                           1.18  h0cb94f2_3                         conda-forge     789kB
2026-09-30T20:03:06.4482036Z   + libjpeg-turbo                     3.2.0  hb03c661_1                         conda-forge     650kB
2026-09-30T20:03:06.4482535Z   + liblapack                        3.11.0  6_h5e43f62_mkl                     conda-forge      19kB
2026-09-30T20:03:06.4483025Z   + libllvm21                        21.1.8  h474f4eb_1                         conda-forge      45MB
2026-09-30T20:03:06.4483494Z   + liblzma                           5.8.3  hb03c661_1                         conda-forge     113kB
2026-09-30T20:03:06.4483984Z   + libnetcdf                        4.10.1  nompi_he3e3c8e_201                 conda-forge       1MB
2026-09-30T20:03:06.4484480Z   + libnghttp2                       1.68.1  h74cf4be_1                         conda-forge     650kB
2026-09-30T20:03:06.4484957Z   + libnsl                            2.0.1  hb9d3cd8_1                         conda-forge      34kB
2026-09-30T20:03:06.4485423Z   + libntlm                             1.8  hb9d3cd8_0                         conda-forge      33kB
2026-09-30T20:03:06.4485898Z   + libpng                           1.6.58  h922cc85_1                         conda-forge     317kB
2026-09-30T20:03:06.4486355Z   + libpq                              18.6  h3883810_2                         conda-forge      12MB
2026-09-30T20:03:06.4486829Z   + libprotobuf                      6.31.1  hfb7daa7_5                         conda-forge       4MB
2026-09-30T20:03:06.4487310Z   + libpsl                           0.23.1  hd9e3e90_1                         conda-forge      73kB
2026-09-30T20:03:06.4487797Z   + libpython                       3.11.16  h0c77377_2_cpython                 conda-forge       8MB
2026-09-30T20:03:06.4488280Z   + libraqm                          0.11.0  h6406941_0                         conda-forge      34kB
2026-09-30T20:03:06.4488757Z   + librdkit                      2026.03.1  h4dfd318_0                         conda-forge      10MB
2026-09-30T20:03:06.4489251Z   + libre2-11                    2025.11.05  h7b12aa8_0                         conda-forge     211kB
2026-09-30T20:03:06.4489735Z   + libsqlite                        3.53.4  h13e7031_1                         conda-forge     974kB
2026-09-30T20:03:06.4490439Z   + libssh2                          1.11.1  h6154650_1                         conda-forge     306kB
2026-09-30T20:03:06.4491048Z   + libstdcxx                        16.2.0  h934c35e_7                         conda-forge       7MB
2026-09-30T20:03:06.4491536Z   + libstdcxx-ng                     16.2.0  hdf11a46_7                         conda-forge      29kB
2026-09-30T20:03:06.4492117Z   + libtiff                           4.7.2  hcc2c06a_1                         conda-forge     460kB
2026-09-30T20:03:06.4492594Z   + libtorch                          2.8.0  cpu_mkl_h09b866c_102               conda-forge      59MB
2026-09-30T20:03:06.4493075Z   + libuuid                          2.42.4  hcfc3c73_0                         conda-forge      34kB
2026-09-30T20:03:06.4493535Z   + libuv                            1.52.1  h280c20c_1                         conda-forge     420kB
2026-09-30T20:03:06.4494007Z   + libwebp-base                      1.6.0  hd42ef1d_1                         conda-forge     428kB
2026-09-30T20:03:06.4494485Z   + libxcb                           1.17.0  hb83e432_2                         conda-forge     395kB
2026-09-30T20:03:06.4494989Z   + libxcrypt                        4.4.38  h280c20c_0                         conda-forge     102kB
2026-09-30T20:03:06.4495458Z   + libxml2                          2.15.4  h7df9aa5_0                         conda-forge      47kB
2026-09-30T20:03:06.4495933Z   + libxml2-16                       2.15.4  hf3af7cc_0                         conda-forge     569kB
2026-09-30T20:03:06.4496417Z   + libxslt                          1.1.45  h8e12856_1                         conda-forge     250kB
2026-09-30T20:03:06.4496888Z   + libzip                           1.11.4  h6008cf6_0                         conda-forge     113kB
2026-09-30T20:03:06.4497352Z   + libzlib                           1.3.2  h25fd6f3_3                         conda-forge      64kB
2026-09-30T20:03:06.4497864Z   + lightning-utilities              0.15.3  pyhd8ed1ab_0                       conda-forge      32kB
2026-09-30T20:03:06.4498392Z   + llvm-openmp                      23.1.2  h7148c6a_0                         conda-forge       6MB
2026-09-30T20:03:06.4498878Z   + llvmlite                         0.49.0  py311h1369f55_5                    conda-forge      41MB
2026-09-30T20:03:06.4499346Z   + lxml                              6.1.3  py311h0537bf7_0                    conda-forge       2MB
2026-09-30T20:03:06.4499808Z   + lz4-c                            1.10.0  hee9eb32_2                         conda-forge     182kB
2026-09-30T20:03:06.4500411Z   + markdown-it-py                    4.2.0  pyhd8ed1ab_0                       conda-forge      69kB
2026-09-30T20:03:06.4500912Z   + markupsafe                        3.0.3  py311h3778330_1                    conda-forge      27kB
2026-09-30T20:03:06.4501417Z   + matplotlib-base                  3.11.2  py311hfea5af0_1                    conda-forge       9MB
2026-09-30T20:03:06.4501918Z   + mda-xdrlib                        0.2.0  pyhd8ed1ab_1                       conda-forge      17kB
2026-09-30T20:03:06.4502410Z   + mdtraj                           1.10.3  py311h2ed89a0_0                    conda-forge       2MB
2026-09-30T20:03:06.4502875Z   + mdurl                             0.1.2  pyhd8ed1ab_1                       conda-forge      14kB
2026-09-30T20:03:06.4503345Z   + mkl                            2025.3.1  h0e700b2_12                        conda-forge     125MB
2026-09-30T20:03:06.4503819Z   + ml_dtypes                         0.5.4  np2py311h5a3f614_2                 conda-forge     348kB
2026-09-30T20:03:06.4504311Z   + mmcif_pdbx                        2.0.1  pyhd8ed1ab_1                       conda-forge      26kB
2026-09-30T20:03:06.4504777Z   + mpc                               1.4.0  ha2cb11d_1                         conda-forge     101kB
2026-09-30T20:03:06.4505224Z   + mpfr                              4.2.2  ha2cb11d_1                         conda-forge     730kB
2026-09-30T20:03:06.4505682Z   + mpmath                            1.4.1  pyhd8ed1ab_0                       conda-forge     465kB
2026-09-30T20:03:06.4506268Z   + munkres                           1.1.4  pyhd8ed1ab_1                       conda-forge      16kB
2026-09-30T20:03:06.4506757Z   + narwhals                         2.26.0  pyh5ded981_0                       conda-forge     297kB
2026-09-30T20:03:06.4507330Z   + ncurses                             6.6  hdb14827_1                         conda-forge     911kB
2026-09-30T20:03:06.4507818Z   + netcdf-fortran                    4.6.4  nompi_h52816da_101                 conda-forge     477kB
2026-09-30T20:03:06.4508318Z   + netcdf4                           1.7.4  nompi_py311hd34d2e2_111            conda-forge       1MB
2026-09-30T20:03:06.4508796Z   + networkx                          3.6.1  pyhcf101f3_0                       conda-forge       2MB
2026-09-30T20:03:06.4509277Z   + nlopt                            2.11.0  np2py311h1a37cdc_2                 conda-forge     462kB
2026-09-30T20:03:06.4509746Z   + numba                            0.67.0  py311hdfc3925_1                    conda-forge       6MB
2026-09-30T20:03:06.4510505Z   + numexpr                          2.14.1  mkl_py311hf9c0e9f_1                conda-forge     221kB
2026-09-30T20:03:06.4510993Z   + numpy                            1.26.4  py311h64a7726_0                    conda-forge       8MB
2026-09-30T20:03:06.4511459Z   + ocl-icd                           2.3.4  hb03c661_1                         conda-forge     110kB
2026-09-30T20:03:06.4511931Z   + ocl-icd-system                    1.0.0  1                                  conda-forge       4kB
2026-09-30T20:03:06.4512426Z   + onemkl-license                 2025.3.1  hf2ce2f3_12                        conda-forge      40kB
2026-09-30T20:03:06.4512945Z   + opencl-headers               2025.06.13  hecca717_0                         conda-forge      56kB
2026-09-30T20:03:06.4513507Z   + openff-amber-ff-ports         2025.09.0  pyhd8ed1ab_0                       conda-forge     222kB
2026-09-30T20:03:06.4514090Z   + openff-forcefields            2026.01.0  pyhd8ed1ab_0                       conda-forge     119kB
2026-09-30T20:03:06.4514642Z   + openff-interchange                0.5.2  pyhd8ed1ab_1                       conda-forge       9kB
2026-09-30T20:03:06.4515197Z   + openff-interchange-base           0.5.2  pyhd8ed1ab_1                       conda-forge     699kB
2026-09-30T20:03:06.4515730Z   + openff-nagl                       0.5.5  pyh3fa9b46_2                       conda-forge       8kB
2026-09-30T20:03:06.4516237Z   + openff-nagl-base                  0.5.5  pyhc364b38_2                       conda-forge     127kB
2026-09-30T20:03:06.4516769Z   + openff-nagl-models             2025.9.0  pyhd8ed1ab_1                       conda-forge      53MB
2026-09-30T20:03:06.4517300Z   + openff-toolkit                   0.18.0  pyhd8ed1ab_6                       conda-forge      10kB
2026-09-30T20:03:06.4517829Z   + openff-toolkit-base              0.18.0  pyhd8ed1ab_6                       conda-forge       8MB
2026-09-30T20:03:06.4518363Z   + openff-units                      0.3.2  pyhd8ed1ab_0                       conda-forge      25kB
2026-09-30T20:03:06.4518877Z   + openff-utilities                 0.1.18  pyh5ded981_0                       conda-forge      21kB
2026-09-30T20:03:06.4519383Z   + openjpeg                          2.5.4  heb1ab33_2                         conda-forge     391kB
2026-09-30T20:03:06.4519863Z   + openldap                         2.6.13  hbde042b_0                         conda-forge     786kB
2026-09-30T20:03:06.4520460Z   + openmm                            8.6.1  py311h1aadaef_0                    conda-forge      14MB
2026-09-30T20:03:06.4520963Z   + openmmforcefields                0.16.0  pyhc364b38_1                       conda-forge       3MB
2026-09-30T20:03:06.4521461Z   + openssl                           3.6.4  h781a0a9_0                         conda-forge       3MB
2026-09-30T20:03:06.4521941Z   + opt-einsum                        3.4.0  hd8ed1ab_1                         conda-forge       7kB
2026-09-30T20:03:06.4522556Z   + opt_einsum                        3.4.0  pyhd8ed1ab_1                       conda-forge      62kB
2026-09-30T20:03:06.4523067Z   + opt_einsum_fx                     0.1.4  pyh5ded981_2                       conda-forge      19kB
2026-09-30T20:03:06.4523554Z   + optree                           0.20.0  py311h5f908af_1                    conda-forge     573kB
2026-09-30T20:03:06.4524144Z   + packaging                          26.3  pyhc364b38_0                       conda-forge     116kB
2026-09-30T20:03:06.4524631Z   + pandas                            2.3.3  py311hed34c8f_2                    conda-forge      15MB
2026-09-30T20:03:06.4525108Z   + parmed                            4.3.1  py311h74232ed_1                    conda-forge      20MB
2026-09-30T20:03:06.4525575Z   + pcre2                             10.47  h8b3dc9c_1                         conda-forge       1MB
2026-09-30T20:03:06.4526044Z   + pdb2pqr                           3.6.1  pyhd8ed1ab_1                       conda-forge     153kB
2026-09-30T20:03:06.4526529Z   + perl                             5.44.0  1_h7cc23a3_perl5                   conda-forge      11MB
2026-09-30T20:03:06.4527003Z   + pillow                           12.3.0  py311hf303fd3_4                    conda-forge       1MB
2026-09-30T20:03:06.4527477Z   + pint                             0.25.3  pyhc364b38_0                       conda-forge     245kB
2026-09-30T20:03:06.4527932Z   + pip                              26.2.1  pyh8b19718_0                       conda-forge       1MB
2026-09-30T20:03:06.4528393Z   + pixman                           0.46.4  h54a6638_3                         conda-forge     377kB
2026-09-30T20:03:06.4528879Z   + platformdirs                     4.12.2  pyh5ded981_0                       conda-forge      34kB
2026-09-30T20:03:06.4529363Z   + pluggy                            1.6.0  pyhf9edf01_1                       conda-forge      26kB
2026-09-30T20:03:06.4529837Z   + propka                            3.5.1  pyhecae5ae_2                       conda-forge      96kB
2026-09-30T20:03:06.4530437Z   + psutil                            7.2.2  py311h194be0f_3                    conda-forge     232kB
2026-09-30T20:03:06.4530925Z   + pthread-stubs                       0.4  h7cc23a3_1004                      conda-forge      10kB
2026-09-30T20:03:06.4531426Z   + py-cpuinfo                        9.0.0  pyhd8ed1ab_1                       conda-forge      26kB
2026-09-30T20:03:06.4531912Z   + pybind11                         2.13.6  pyhc790b64_3                       conda-forge     187kB
2026-09-30T20:03:06.4532391Z   + pybind11-abi                          4  hd8ed1ab_3                         conda-forge      10kB
2026-09-30T20:03:06.4532890Z   + pybind11-global                  2.13.6  pyh217bc35_3                       conda-forge     180kB
2026-09-30T20:03:06.4533401Z   + pycairo                          1.29.1  py311h616d719_2                    conda-forge     122kB
2026-09-30T20:03:06.4533884Z   + pydantic                        2.11.10  pyh3cfb1c2_0                       conda-forge     308kB
2026-09-30T20:03:06.4534386Z   + pydantic-core                    2.33.2  py311h902ca64_1                    conda-forge       2MB
2026-09-30T20:03:06.4534871Z   + pyedr                             0.8.0  pyhd8ed1ab_1                       conda-forge     345kB
2026-09-30T20:03:06.4535349Z   + pygments                         2.21.0  pyhcf101f3_0                       conda-forge     959kB
2026-09-30T20:03:06.4535822Z   + pymbar                            4.0.3  h38be061_3                         conda-forge       7kB
2026-09-30T20:03:06.4536302Z   + pymbar-core                       4.0.3  py311h9f3472d_3                    conda-forge     194kB
2026-09-30T20:03:06.4536797Z   + pyparsing                         3.3.3  pyh5ded981_0                       conda-forge     114kB
2026-09-30T20:03:06.4537277Z   + pysocks                           1.7.1  pyha55dd90_7                       conda-forge      21kB
2026-09-30T20:03:06.4538082Z   + pytables                         3.11.1  py311h9acb22d_6                    conda-forge       2MB
2026-09-30T20:03:06.4539092Z   + pytest                            9.1.1  pyhc364b38_2                       conda-forge     307kB
2026-09-30T20:03:06.4539920Z   + pytest-cov                        7.1.0  pyhcf101f3_0                       conda-forge      30kB
2026-09-30T20:03:06.4541099Z   + python                          3.11.16  h5f976f7_2_cpython                 conda-forge      23MB
2026-09-30T20:03:06.4541645Z   + python-constraint                 1.4.0  pyhff2d567_1                       conda-forge      26kB
2026-09-30T20:03:06.4542231Z   + python-dateutil             2.9.0.post0  pyhe01879c_2                       conda-forge     233kB
2026-09-30T20:03:06.4542764Z   + python-gil                      3.11.16  hd8ed1ab_2                         conda-forge      49kB
2026-09-30T20:03:06.4543270Z   + python-tzdata                    2026.4  pyh5ded981_0                       conda-forge     141kB
2026-09-30T20:03:06.4543768Z   + python_abi                         3.11  9_cp311                            conda-forge       7kB
2026-09-30T20:03:06.4544247Z   + pytorch                           2.8.0  cpu_mkl_py311_hcfbaf12_102         conda-forge      25MB
2026-09-30T20:03:06.4544773Z   + pytorch-lightning                 2.6.6  pyh5ded981_0                       conda-forge     498kB
2026-09-30T20:03:06.4545299Z   + pytz                             2026.4  pyh5ded981_0                       conda-forge     202kB
2026-09-30T20:03:06.4545780Z   + pyyaml                            6.0.3  py311h3778330_1                    conda-forge     206kB
2026-09-30T20:03:06.4546247Z   + qhull                            2020.2  h434a139_5                         conda-forge     553kB
2026-09-30T20:03:06.4546719Z   + rdkit                         2026.03.1  py311h34e1bb8_0                    conda-forge      20MB
2026-09-30T20:03:06.4547191Z   + re2                          2025.11.05  h5301d42_0                         conda-forge      27kB
2026-09-30T20:03:06.4547658Z   + readline                            8.3  hd6e31c0_1                         conda-forge     349kB
2026-09-30T20:03:06.4548136Z   + reportlab                         5.0.1  pyhc364b38_0                       conda-forge       2MB
2026-09-30T20:03:06.4548620Z   + requests                         2.34.2  pyhcf101f3_0                       conda-forge      69kB
2026-09-30T20:03:06.4549097Z   + rich                             15.0.0  pyhcf101f3_0                       conda-forge     209kB
2026-09-30T20:03:06.4549566Z   + rlpycairo                         0.4.0  pyh6c17108_0                       conda-forge      16kB
2026-09-30T20:03:06.4550046Z   + rocm-core                         7.2.4  h54a6638_1                         conda-forge      37kB
2026-09-30T20:03:06.4550779Z   + s2n                               1.7.6  h7e3ee7f_0                         conda-forge     394kB
2026-09-30T20:03:06.4551262Z   + scikit-learn                      1.9.1  np2py311h1e9b377_1                 conda-forge      10MB
2026-09-30T20:03:06.4551762Z   + scipy                            1.17.1  py311hbe70eeb_1                    conda-forge      17MB
2026-09-30T20:03:06.4552257Z   + setproctitle                      1.3.7  py311h194be0f_1                    conda-forge      24kB
2026-09-30T20:03:06.4552771Z   + setuptools                       84.0.0  pyh332efcf_0                       conda-forge     524kB
2026-09-30T20:03:06.4553247Z   + six                              1.17.0  pyhe01879c_1                       conda-forge      18kB
2026-09-30T20:03:06.4553699Z   + sleef                             3.9.0  ha0421bc_0                         conda-forge       2MB
2026-09-30T20:03:06.4554157Z   + snappy                            1.2.2  h34e00bb_2                         conda-forge      46kB
2026-09-30T20:03:06.4554634Z   + sqlalchemy                        2.1.1  py311h194be0f_0                    conda-forge       4MB
2026-09-30T20:03:06.4555120Z   + sympy                            1.14.0  pyh2585a3b_106                     conda-forge       5MB
2026-09-30T20:03:06.4555725Z   + tbb                            2023.1.0  haa8c3ee_2                         conda-forge     187kB
2026-09-30T20:03:06.4556224Z   + threadpoolctl                     3.7.0  pyhc455866_0                       conda-forge      32kB
2026-09-30T20:03:06.4556820Z   + tinydb                            4.8.2  pyhd8ed1ab_1                       conda-forge      28kB
2026-09-30T20:03:06.4557286Z   + tk                               8.6.13  noxft_h1df4ec4_4                   conda-forge       4MB
2026-09-30T20:03:06.4557762Z   + tomli                             2.4.1  pyhcf101f3_0                       conda-forge      22kB
2026-09-30T20:03:06.4558258Z   + torchmetrics                      1.9.0  pyhd8ed1ab_0                       conda-forge     399kB
2026-09-30T20:03:06.4558746Z   + tqdm                             4.70.1  pyhfa0c392_0                       conda-forge      96kB
2026-09-30T20:03:06.4559250Z   + typing-extensions                4.16.0  h69aa097_0                         conda-forge      94kB
2026-09-30T20:03:06.4559788Z   + typing-inspection                 0.4.4  pyhcf101f3_0                       conda-forge      21kB
2026-09-30T20:03:06.4560453Z   + typing_extensions                4.16.0  pyhcf101f3_0                       conda-forge      53kB
2026-09-30T20:03:06.4560962Z   + tzdata                            2026c  h151e31d_0                         conda-forge     119kB
2026-09-30T20:03:06.4561454Z   + unicodedata2                     18.0.0  py311h0d48ccd_0                    conda-forge     421kB
2026-09-30T20:03:06.4561944Z   + urllib3                           2.8.0  pyhd8ed1ab_0                       conda-forge     107kB
2026-09-30T20:03:06.4562425Z   + validators                       0.35.0  pyhd8ed1ab_0                       conda-forge      40kB
2026-09-30T20:03:06.4562901Z   + wheel                            0.48.0  pyhd8ed1ab_0                       conda-forge      35kB
2026-09-30T20:03:06.4563381Z   + xmltodict                         1.0.2  pyhcf101f3_0                       conda-forge      20kB
2026-09-30T20:03:06.4563870Z   + xorg-libice                       1.1.2  h280c20c_0                         conda-forge      63kB
2026-09-30T20:03:06.4564357Z   + xorg-libsm                        1.2.6  h0d788c3_1                         conda-forge      31kB
2026-09-30T20:03:06.4564847Z   + xorg-libx11                      1.8.13  he1eb515_1                         conda-forge     840kB
2026-09-30T20:03:06.4565330Z   + xorg-libxau                      1.0.12  h7cc23a3_2                         conda-forge      19kB
2026-09-30T20:03:06.4565825Z   + xorg-libxdmcp                     1.1.5  h7cc23a3_2                         conda-forge      23kB
2026-09-30T20:03:06.4566321Z   + xorg-libxext                      1.3.7  h7cc23a3_1                         conda-forge      53kB
2026-09-30T20:03:06.4566827Z   + xorg-libxrender                  0.9.12  hb03c661_1                         conda-forge      35kB
2026-09-30T20:03:06.4567332Z   + xorg-libxt                        1.3.1  h7cc23a3_1                         conda-forge     384kB
2026-09-30T20:03:06.4567796Z   + yaml                              0.2.5  hebe6cf0_3                         conda-forge      85kB
2026-09-30T20:03:06.4568255Z   + zipp                              4.1.0  pyhcf101f3_0                       conda-forge      24kB
2026-09-30T20:03:06.4568707Z   + zlib                              1.3.2  h25fd6f3_3                         conda-forge      96kB
2026-09-30T20:03:06.4569158Z   + zlib-ng                           2.3.3  hce19668_1                         conda-forge     124kB
2026-09-30T20:03:06.4569609Z   + zstd                              1.5.7  hb78ec9c_7                         conda-forge     601kB
2026-09-30T20:03:06.4569891Z 
2026-09-30T20:03:06.4569975Z   Summary:
2026-09-30T20:03:06.4570079Z 
2026-09-30T20:03:06.4570286Z   Install: 289 packages
2026-09-30T20:03:06.4570433Z 
2026-09-30T20:03:06.4570523Z   Total download: 1GB
2026-09-30T20:03:06.4570655Z 
2026-09-30T20:03:06.4571255Z ───────────────────────────────────────────────────────────────────────────────────────────────────────
2026-09-30T20:03:06.4571638Z 
2026-09-30T20:03:06.4571643Z 
2026-09-30T20:03:06.4571647Z 
2026-09-30T20:03:06.4571733Z Transaction starting
2026-09-30T20:03:18.8235067Z Linking python_abi-3.11-9_cp311
2026-09-30T20:03:18.8237531Z Linking pybind11-abi-4-hd8ed1ab_3
2026-09-30T20:03:18.8240583Z Linking tzdata-2026c-h151e31d_0
2026-09-30T20:03:18.8571248Z Linking ca-certificates-2026.7.22-hbd8a1cb_0
2026-09-30T20:03:18.8577304Z Linking cuda-version-13.4-hfacf21a_3
2026-09-30T20:03:18.8580490Z Linking font-ttf-dejavu-sans-mono-2.37-hab24e00_0
2026-09-30T20:03:18.8585273Z Linking font-ttf-ubuntu-0.83-h77eed37_3
2026-09-30T20:03:18.8594827Z Linking font-ttf-inconsolata-3.000-h77eed37_0
2026-09-30T20:03:18.8598713Z Linking font-ttf-source-code-pro-2.038-h77eed37_0
2026-09-30T20:03:18.8609874Z Linking fonts-conda-forge-1-hc364b38_1
2026-09-30T20:03:18.8613031Z Linking fonts-conda-ecosystem-1-0
2026-09-30T20:03:18.8616520Z Linking libgomp-16.2.0-he0feb66_7
2026-09-30T20:03:18.8623393Z Linking libzlib-1.3.2-h25fd6f3_3
2026-09-30T20:03:18.8627980Z Linking llvm-openmp-23.1.2-h7148c6a_0
2026-09-30T20:03:18.8638834Z Linking onemkl-license-2025.3.1-hf2ce2f3_12
2026-09-30T20:03:18.8647336Z Linking eigen-abi-3.4.0.100-h3bcb7cf_2
2026-09-30T20:03:18.8650931Z Linking zstd-1.5.7-hb78ec9c_7
2026-09-30T20:03:18.8668055Z Linking zlib-1.3.2-h25fd6f3_3
2026-09-30T20:03:18.8675681Z Linking _openmp_mutex-4.5-8_kmp_llvm
2026-09-30T20:03:18.8690768Z Linking ld_impl_linux-64-2.46.1-default_hbd61a6d_102
2026-09-30T20:03:18.8824114Z Linking libgcc-16.2.0-ha9f2e26_7
2026-09-30T20:03:18.8837102Z Linking xorg-libice-1.1.2-h280c20c_0
2026-09-30T20:03:18.8847433Z Linking xorg-libxdmcp-1.1.5-h7cc23a3_2
2026-09-30T20:03:18.8854742Z Linking xorg-libxau-1.0.12-h7cc23a3_2
2026-09-30T20:03:18.8860880Z Linking yaml-0.2.5-hebe6cf0_3
2026-09-30T20:03:18.8868679Z Linking libev-4.33-h280c20c_3
2026-09-30T20:03:18.8875047Z Linking c-ares-1.34.8-hebe6cf0_2
2026-09-30T20:03:18.8977025Z Linking libbrotlicommon-1.2.0-h39a168f_4
2026-09-30T20:03:18.8986572Z Linking keyutils-1.6.3-h7cc23a3_1
2026-09-30T20:03:18.9034970Z Linking libiconv-1.18-h0cb94f2_3
2026-09-30T20:03:18.9091317Z Linking fribidi-1.0.17-h7cc23a3_0
2026-09-30T20:03:18.9110865Z Linking libdeflate-1.25-hd45a770_1
2026-09-30T20:03:18.9120694Z Linking pthread-stubs-0.4-h7cc23a3_1004
2026-09-30T20:03:18.9124743Z Linking aws-c-common-0.14.3-hb03c661_0
2026-09-30T20:03:18.9187889Z Linking libpng-1.6.58-h922cc85_1
2026-09-30T20:03:18.9206817Z Linking libntlm-1.8-hb9d3cd8_0
2026-09-30T20:03:18.9214245Z Linking libwebp-base-1.6.0-hd42ef1d_1
2026-09-30T20:03:18.9242701Z Linking libjpeg-turbo-3.2.0-hb03c661_1
2026-09-30T20:03:18.9271431Z Linking tk-8.6.13-noxft_h1df4ec4_4
2026-09-30T20:03:18.9579987Z Linking openssl-3.6.4-h781a0a9_0
2026-09-30T20:03:18.9761284Z Linking ncurses-6.6-hdb14827_1
2026-09-30T20:03:20.7888593Z Linking libuuid-2.42.4-hcfc3c73_0
2026-09-30T20:03:20.7902755Z Linking libnsl-2.0.1-hb9d3cd8_1
2026-09-30T20:03:20.7913561Z Linking liblzma-5.8.3-hb03c661_1
2026-09-30T20:03:20.7917162Z Linking libffi-3.7.0-h81df57d_1
2026-09-30T20:03:20.7928970Z Linking bzip2-1.0.8-hda65f42_10
2026-09-30T20:03:20.7946934Z Linking libuv-1.52.1-h280c20c_1
2026-09-30T20:03:20.7957488Z Linking libgfortran5-16.2.0-h6b99dfc_7
2026-09-30T20:03:20.7964538Z Linking libstdcxx-16.2.0-h934c35e_7
2026-09-30T20:03:20.7972174Z Linking libgcc-ng-16.2.0-h69a702a_7
2026-09-30T20:03:20.7975339Z Linking libxcrypt-4.4.38-h280c20c_0
2026-09-30T20:03:20.7989500Z Linking libexpat-2.8.5-hd2095e1_0
2026-09-30T20:03:20.7994819Z Linking libbrotlienc-1.2.0-h018ffa1_4
2026-09-30T20:03:20.8001844Z Linking libbrotlidec-1.2.0-ha411449_4
2026-09-30T20:03:20.8008551Z Linking libxcb-1.17.0-hb83e432_2
2026-09-30T20:03:20.8144993Z Linking aws-c-compression-0.3.2-h01ee8f8_5
2026-09-30T20:03:20.8154999Z Linking aws-checksums-0.2.10-h01ee8f8_5
2026-09-30T20:03:20.8166037Z Linking aws-c-sdkutils-0.2.7-h01ee8f8_3
2026-09-30T20:03:20.8180429Z Linking libfreetype6-2.14.3-h5e6c136_2
2026-09-30T20:03:20.8187930Z Linking libssh2-1.11.1-h6154650_1
2026-09-30T20:03:20.8314227Z Linking s2n-1.7.6-h7e3ee7f_0
2026-09-30T20:03:20.8332443Z Linking aws-c-cal-0.9.15-h6bbde05_1
2026-09-30T20:03:20.8347976Z Linking libedit-3.1.20250104-pl5321h373387f_1
2026-09-30T20:03:20.8397877Z Linking readline-8.3-hd6e31c0_1
2026-09-30T20:03:20.8420213Z Linking xorg-libsm-1.2.6-h0d788c3_1
2026-09-30T20:03:20.8429364Z Linking pcre2-10.47-h8b3dc9c_1
2026-09-30T20:03:20.8579404Z Linking libzip-1.11.4-h6008cf6_0
2026-09-30T20:03:20.8674365Z Linking libgfortran-16.2.0-h69a702a_7
2026-09-30T20:03:20.8678310Z Linking opencl-headers-2025.06.13-hecca717_0
2026-09-30T20:03:20.8696325Z Linking zlib-ng-2.3.3-hce19668_1
2026-09-30T20:03:20.8708693Z Linking graphite2-1.3.15-h54a6638_1
2026-09-30T20:03:20.8719937Z Linking icu-78.3-py310h44b86e0_2
2026-09-30T20:03:20.8915537Z Linking lz4-c-1.10.0-hee9eb32_2
2026-09-30T20:03:20.8934432Z Linking pixman-0.46.4-h54a6638_3
2026-09-30T20:03:20.8943114Z Linking gmp-6.3.0-hfd2156b_3
2026-09-30T20:03:20.8959170Z Linking libnghttp2-1.68.1-h74cf4be_1
2026-09-30T20:03:20.8969453Z Linking snappy-1.2.2-h34e00bb_2
2026-09-30T20:03:20.8980328Z Linking libaec-1.1.5-h088129d_0
2026-09-30T20:03:20.8994194Z Linking rocm-core-7.2.4-h54a6638_1
2026-09-30T20:03:20.9010471Z Linking libcufft-12.4.0.43-hd2095e1_0
2026-09-30T20:03:20.9022126Z Linking cuda-nvrtc-13.4.92-hd2095e1_0
2026-09-30T20:03:20.9036460Z Linking lerc-4.2.0-hdb68285_0
2026-09-30T20:03:20.9044485Z Linking libstdcxx-ng-16.2.0-hdf11a46_7
2026-09-30T20:03:20.9044886Z Linking sleef-3.9.0-ha0421bc_0
2026-09-30T20:03:20.9070579Z Linking libabseil-20250512.1-cxx17_hba17884_0
2026-09-30T20:03:21.0138502Z Linking libpython-3.11.16-h0c77377_2_cpython
2026-09-30T20:03:21.0522075Z Linking perl-5.44.0-1_h7cc23a3_perl5
2026-09-30T20:03:21.2168422Z Linking brotli-bin-1.2.0-h9908984_4
2026-09-30T20:03:21.2172153Z Linking xorg-libx11-1.8.13-he1eb515_1
2026-09-30T20:03:21.2351206Z Linking libfreetype-2.14.3-ha770c72_2
2026-09-30T20:03:21.2351771Z Linking aws-c-io-0.27.5-h4f381ba_1
2026-09-30T20:03:21.2367416Z Linking krb5-1.22.2-hbc21106_2
2026-09-30T20:03:21.2526521Z Linking libglib-2.90.0-h569388d_0
2026-09-30T20:03:21.2907762Z Linking fftw-3.3.11-nompi_h3b011a4_100
2026-09-30T20:03:21.3024030Z Linking ocl-icd-2.3.4-hb03c661_1
2026-09-30T20:03:21.3043138Z Linking libxml2-16-2.15.4-hf3af7cc_0
2026-09-30T20:03:21.3064460Z Linking libsqlite-3.53.4-h13e7031_1
2026-09-30T20:03:21.3072745Z Linking libpsl-0.23.1-hd9e3e90_1
2026-09-30T20:03:21.3080225Z Linking libboost-1.86.0-hd24cca6_5
2026-09-30T20:03:21.3160175Z Linking c-blosc2-3.3.5-hea3f660_0
2026-09-30T20:03:21.3180604Z Linking mpfr-4.2.2-ha2cb11d_1
2026-09-30T20:03:21.3198069Z Linking blosc-1.21.6-he440d0b_1
2026-09-30T20:03:21.3206258Z Linking libtiff-4.7.2-hcc2c06a_1
2026-09-30T20:03:21.3228795Z Linking qhull-2020.2-h434a139_5
2026-09-30T20:03:21.3295781Z Linking hdf4-4.2.15-h2a13503_7
2026-09-30T20:03:21.3349528Z Linking libre2-11-2025.11.05-h7b12aa8_0
2026-09-30T20:03:21.3354561Z Linking libprotobuf-6.31.1-hfb7daa7_5
2026-09-30T20:03:21.3564024Z Linking brotli-1.2.0-h505cf86_4
2026-09-30T20:03:21.3570656Z Linking xorg-libxt-1.3.1-h7cc23a3_1
2026-09-30T20:03:21.3613303Z Linking xorg-libxrender-0.9.12-hb03c661_1
2026-09-30T20:03:21.3620795Z Linking xorg-libxext-1.3.7-h7cc23a3_1
2026-09-30T20:03:21.3643880Z Linking fontconfig-2.18.3-h4db4eae_1
2026-09-30T20:03:21.3730910Z Linking freetype-2.14.3-ha770c72_2
2026-09-30T20:03:21.3776694Z Linking aws-c-http-0.11.0-hbe094ff_5
2026-09-30T20:03:21.3801774Z Linking cyrus-sasl-2.1.28-hac629b4_1
2026-09-30T20:03:21.3865465Z Linking ocl-icd-system-1.0.0-1
2026-09-30T20:03:21.4508296Z 
2026-09-30T20:03:21.4512995Z Linking libxml2-2.15.4-h7df9aa5_0
2026-09-30T20:03:21.4521754Z Linking python-3.11.16-h5f976f7_2_cpython
2026-09-30T20:03:21.6296503Z Linking libcurl-8.22.0-ha042cf0_0
2026-09-30T20:03:21.6330804Z Linking mpc-1.4.0-ha2cb11d_1
2026-09-30T20:03:21.6339048Z Linking openjpeg-2.5.4-heb1ab33_2
2026-09-30T20:03:21.6354632Z Linking lcms2-2.19.1-h9073bf1_3
2026-09-30T20:03:21.6369242Z Linking re2-2025.11.05-h5301d42_0
2026-09-30T20:03:21.6384336Z Linking cairo-1.18.6-h3c89d7e_0
2026-09-30T20:03:21.6428997Z Linking aws-c-auth-0.10.4-h4610da3_2
2026-09-30T20:03:21.6445874Z Linking openldap-2.6.13-hbde042b_0
2026-09-30T20:03:21.6962351Z Linking libhwloc-2.15.0-default_hd7c4d0c_1001
2026-09-30T20:03:21.7340783Z Linking libllvm21-21.1.8-h474f4eb_1
2026-09-30T20:03:21.7347656Z Linking libxslt-1.1.45-h8e12856_1
2026-09-30T20:03:21.7411606Z Linking git-2.56.0-pl5440h3795e67_0
2026-09-30T20:03:21.8878249Z Linking libgrpc-1.73.1-h3288cfb_1
2026-09-30T20:03:21.9193439Z Linking libharfbuzz-14.5.0-h23af247_0
2026-09-30T20:03:21.9217338Z Linking librdkit-2026.03.1-h4dfd318_0
2026-09-30T20:03:22.0246796Z Linking aws-c-s3-0.13.1-h7508075_1
2026-09-30T20:03:22.0264874Z Linking tbb-2023.1.0-haa8c3ee_2
2026-09-30T20:03:22.0277504Z Linking libpq-18.6-h3883810_2
2026-09-30T20:03:22.1576303Z Linking libraqm-0.11.0-h6406941_0
2026-09-30T20:03:22.1583797Z Linking hdf5-2.2.0-nompi_hc529623_100
2026-09-30T20:03:22.1832340Z Linking mkl-2025.3.1-h0e700b2_12
2026-09-30T20:03:22.1875635Z Linking libnetcdf-4.10.1-nompi_he3e3c8e_201
2026-09-30T20:03:22.1928620Z Linking libblas-3.11.0-6_h5875eb1_mkl
2026-09-30T20:03:22.2200079Z Linking netcdf-fortran-4.6.4-nompi_h52816da_101
2026-09-30T20:03:22.2225961Z Linking libcblas-3.11.0-6_hfef963f_mkl
2026-09-30T20:03:22.2495649Z Linking liblapack-3.11.0-6_h5e43f62_mkl
2026-09-30T20:03:22.2762440Z Linking libtorch-2.8.0-cpu_mkl_h09b866c_102
2026-09-30T20:03:22.8227378Z Linking arpack-3.9.1-nompi_hf03ea27_102
2026-09-30T20:03:22.8243830Z Linking setuptools-84.0.0-pyh332efcf_0
2026-09-30T20:03:22.8616408Z Linking packaging-26.3-pyhc364b38_0
2026-09-30T20:03:22.8643736Z Linking wheel-0.48.0-pyhd8ed1ab_0
2026-09-30T20:03:22.8662349Z Linking pip-26.2.1-pyh8b19718_0
2026-09-30T20:03:22.9021686Z Linking pybind11-global-2.13.6-pyh217bc35_3
2026-09-30T20:03:22.9056560Z Linking py-cpuinfo-9.0.0-pyhd8ed1ab_1
2026-09-30T20:03:22.9069190Z Linking threadpoolctl-3.7.0-pyhc455866_0
2026-09-30T20:03:22.9079079Z Linking narwhals-2.26.0-pyh5ded981_0
2026-09-30T20:03:22.9196114Z Linking cloudpickle-3.1.2-pyhcf101f3_1
2026-09-30T20:03:22.9207853Z Linking mdurl-0.1.2-pyhd8ed1ab_1
2026-09-30T20:03:22.9220825Z Linking platformdirs-4.12.2-pyh5ded981_0
2026-09-30T20:03:22.9239921Z Linking mda-xdrlib-0.2.0-pyhd8ed1ab_1
2026-09-30T20:03:22.9261547Z Linking pysocks-1.7.1-pyha55dd90_7
2026-09-30T20:03:22.9265362Z Linking hyperframe-6.1.0-pyhd8ed1ab_0
2026-09-30T20:03:22.9278029Z Linking hpack-4.2.0-pyhd8ed1ab_0
2026-09-30T20:03:22.9293378Z Linking munkres-1.1.4-pyhd8ed1ab_1
2026-09-30T20:03:22.9301637Z Linking cycler-0.12.1-pyhcf101f3_2
2026-09-30T20:03:22.9323831Z Linking pyparsing-3.3.3-pyh5ded981_0
2026-09-30T20:03:22.9357193Z Linking pytz-2026.4-pyh5ded981_0
2026-09-30T20:03:23.0011030Z Linking python-tzdata-2026.4-pyh5ded981_0
2026-09-30T20:03:23.0637070Z Linking fsspec-2026.9.0-pyhd8ed1ab_0
2026-09-30T20:03:23.0735316Z Linking filelock-4.0.7-pyhd8ed1ab_0
2026-09-30T20:03:23.0781940Z Linking freetype-py-2.3.0-pyhd8ed1ab_0
2026-09-30T20:03:23.0830463Z Linking six-1.17.0-pyhe01879c_1
2026-09-30T20:03:23.0860979Z Linking zipp-4.1.0-pyhcf101f3_0
2026-09-30T20:03:23.0900790Z Linking tqdm-4.70.1-pyhfa0c392_0
2026-09-30T20:03:23.0980705Z Linking click-8.5.0-pyh5ded981_0
2026-09-30T20:03:23.1010895Z Linking openff-forcefields-2026.01.0-pyhd8ed1ab_0
2026-09-30T20:03:23.1130711Z Linking networkx-3.6.1-pyhcf101f3_0
2026-09-30T20:03:23.1867726Z Linking xmltodict-1.0.2-pyhcf101f3_0
2026-09-30T20:03:23.1877455Z Linking typing_extensions-4.16.0-pyhcf101f3_0
2026-09-30T20:03:23.1892554Z Linking python-constraint-1.4.0-pyhff2d567_1
2026-09-30T20:03:23.1935136Z Linking cachetools-7.2.0-pyhd8ed1ab_0
2026-09-30T20:03:23.2031480Z Linking openff-utilities-0.1.18-pyh5ded981_0
2026-09-30T20:03:23.2060701Z Linking validators-0.35.0-pyhd8ed1ab_0
2026-09-30T20:03:23.2090815Z Linking openff-amber-ff-ports-2025.09.0-pyhd8ed1ab_0
2026-09-30T20:03:23.2120824Z Linking tinydb-4.8.2-pyhd8ed1ab_1
2026-09-30T20:03:23.2151003Z Linking opt_einsum-3.4.0-pyhd8ed1ab_1
2026-09-30T20:03:23.2180872Z Linking mmcif_pdbx-2.0.1-pyhd8ed1ab_1
2026-09-30T20:03:23.2210850Z Linking propka-3.5.1-pyhecae5ae_2
2026-09-30T20:03:23.2270006Z Linking tomli-2.4.1-pyhcf101f3_0
2026-09-30T20:03:23.2300747Z Linking pygments-2.21.0-pyhcf101f3_0
2026-09-30T20:03:23.2734075Z Linking iniconfig-2.3.0-pyhd8ed1ab_0
2026-09-30T20:03:23.2771399Z Linking colorama-0.4.6-pyhd8ed1ab_1
2026-09-30T20:03:23.2804724Z Linking pluggy-1.6.0-pyhf9edf01_1
2026-09-30T20:03:23.2830786Z Linking certifi-2026.7.22-pyhd8ed1ab_0
2026-09-30T20:03:23.2860700Z Linking idna-3.20-pyh5ded981_0
2026-09-30T20:03:23.2885850Z Linking mpmath-1.4.1-pyhd8ed1ab_0
2026-09-30T20:03:23.3061078Z Linking cpython-3.11.16-py311hd8ed1ab_2
2026-09-30T20:03:23.3061945Z Linking docutils-0.23-pyhcf101f3_0
2026-09-30T20:03:23.3361174Z Linking pybind11-2.13.6-pyhc790b64_3
2026-09-30T20:03:23.3413418Z Linking joblib-1.6.0-pyhcf101f3_0
2026-09-30T20:03:23.3581094Z Linking markdown-it-py-4.2.0-pyhd8ed1ab_0
2026-09-30T20:03:23.3671055Z Linking h2-4.4.1-pyhcf101f3_0
2026-09-30T20:03:23.3730832Z Linking python-dateutil-2.9.0.post0-pyhe01879c_2
2026-09-30T20:03:23.3782444Z Linking configobj-5.0.9-pyhd8ed1ab_1
2026-09-30T20:03:23.3811090Z Linking importlib-metadata-9.0.1-pyhcf101f3_0
2026-09-30T20:03:23.3840786Z Linking importlib_resources-7.1.0-pyhd8ed1ab_0
2026-09-30T20:03:23.3891138Z Linking click-option-group-0.5.9-pyhcf101f3_0
2026-09-30T20:03:23.3917086Z Linking typing-inspection-0.4.4-pyhcf101f3_0
2026-09-30T20:03:23.3940956Z Linking lightning-utilities-0.15.3-pyhd8ed1ab_0
2026-09-30T20:03:23.3992856Z Linking typing-extensions-4.16.0-h69aa097_0
2026-09-30T20:03:23.3993672Z Linking exceptiongroup-1.3.1-pyhd8ed1ab_0
2026-09-30T20:03:23.4020794Z Linking opt-einsum-3.4.0-hd8ed1ab_1
2026-09-30T20:03:23.4080753Z Linking python-gil-3.11.16-hd8ed1ab_2
2026-09-30T20:03:23.4105696Z Linking rich-15.0.0-pyhcf101f3_0
2026-09-30T20:03:23.4150845Z Linking bson-0.5.10-pyhd8ed1ab_0
2026-09-30T20:03:23.4183808Z Linking openff-nagl-models-2025.9.0-pyhd8ed1ab_1
2026-09-30T20:03:23.4211246Z warning  libmamba [openff-nagl-models-2025.9.0-pyhd8ed1ab_1] The following files were already present in the environment:
2026-09-30T20:03:23.4235385Z     - lib/python3.11/site-packages/docs/conf.py
2026-09-30T20:03:23.4236263Z Linking flexparser-0.4-pyh5ded981_2
2026-09-30T20:03:23.4260858Z Linking flexcache-0.3-pyh5ded981_2
2026-09-30T20:03:23.4290810Z Linking annotated-types-0.8.0-pyhd8ed1ab_0
2026-09-30T20:03:23.4320825Z Linking pytest-9.1.1-pyhc364b38_2
2026-09-30T20:03:23.4396794Z Linking _python_abi3_support-1.0-hd8ed1ab_3
2026-09-30T20:03:23.4411006Z Linking pint-0.25.3-pyhc364b38_0
2026-09-30T20:03:23.4652459Z Linking llvmlite-0.49.0-py311h1369f55_5
2026-09-30T20:03:23.4729954Z Linking freesasa-python-2.2.1-py311h49ec1c0_1
2026-09-30T20:03:23.4760862Z Linking markupsafe-3.0.3-py311h3778330_1
2026-09-30T20:03:23.4780868Z Linking backports.zstd-1.7.0-py311h6f959d0_1
2026-09-30T20:03:23.4861178Z Linking unicodedata2-18.0.0-py311h0d48ccd_0
2026-09-30T20:03:23.4899073Z Linking brotli-python-1.2.0-py311heb3be6f_4
2026-09-30T20:03:23.4930751Z Linking kiwisolver-1.5.1-py311h4c6fd42_3
2026-09-30T20:03:23.4973819Z Linking pycairo-1.29.1-py311h616d719_2
2026-09-30T20:03:23.4974605Z Linking pillow-12.3.0-py311hf303fd3_4
2026-09-30T20:03:23.5272784Z Linking lxml-6.1.3-py311h0537bf7_0
2026-09-30T20:03:23.5380670Z Linking coverage-7.16.2-py311h364832d_0
2026-09-30T20:03:23.5501065Z Linking gmpy2-2.3.1-py311hbc40be8_1
2026-09-30T20:03:23.5540923Z Linking setproctitle-1.3.7-py311h194be0f_1
2026-09-30T20:03:23.5570905Z Linking pyyaml-6.0.3-py311h3778330_1
2026-09-30T20:03:23.5630731Z Linking gemmi-0.7.5-py311h5b8264c_0
2026-09-30T20:03:23.5933198Z Linking psutil-7.2.2-py311h194be0f_3
2026-09-30T20:03:23.5966838Z Linking numpy-1.26.4-py311h64a7726_0
2026-09-30T20:03:23.7541253Z Linking sqlalchemy-2.1.1-py311h194be0f_0
2026-09-30T20:03:23.8121326Z Linking pydantic-core-2.33.2-py311h902ca64_1
2026-09-30T20:03:23.8150849Z Linking optree-0.20.0-py311h5f908af_1
2026-09-30T20:03:23.8211066Z Linking charset-normalizer-3.5.2-h1114479_0
2026-09-30T20:03:23.8222433Z Linking fonttools-4.66.1-py311h92159aa_0
2026-09-30T20:03:23.9020862Z Linking numba-0.67.0-py311hdfc3925_1
2026-09-30T20:03:24.0711965Z Linking nlopt-2.11.0-np2py311h1a37cdc_2
2026-09-30T20:03:24.0740917Z Linking ml_dtypes-0.5.4-np2py311h5a3f614_2
2026-09-30T20:03:24.0770924Z Linking contourpy-1.3.3-py311h724c32c_4
2026-09-30T20:03:24.0810864Z Linking cftime-1.6.5-py311he50072f_2
2026-09-30T20:03:24.0870856Z Linking numexpr-2.14.1-mkl_py311hf9c0e9f_1
2026-09-30T20:03:24.0951204Z Linking libboost-python-1.86.0-py311h1d5f577_5
2026-09-30T20:03:24.0952956Z Linking pandas-2.3.3-py311hed34c8f_2
2026-09-30T20:03:24.4379951Z Linking scipy-1.17.1-py311hbe70eeb_1
2026-09-30T20:03:24.5904023Z Linking biopython-1.85-py311h49ec1c0_2
2026-09-30T20:03:24.7341376Z Linking matplotlib-base-3.11.2-py311hfea5af0_1
2026-09-30T20:03:24.8291275Z Linking netcdf4-1.7.4-nompi_py311hd34d2e2_111
2026-09-30T20:03:24.8398860Z Linking pytables-3.11.1-py311h9acb22d_6
2026-09-30T20:03:24.8671105Z Linking parmed-4.3.1-py311h74232ed_1
2026-09-30T20:03:24.9031957Z Linking scikit-learn-1.9.1-np2py311h1e9b377_1
2026-09-30T20:03:25.1061364Z Linking jaxlib-0.7.1-cpu_py311he1b3896_0
2026-09-30T20:03:25.6475211Z Linking pymbar-core-4.0.3-py311h9f3472d_3
2026-09-30T20:03:25.6514711Z Linking openmm-8.6.1-py311h1aadaef_0
2026-09-30T20:03:25.6999240Z Linking mdtraj-1.10.3-py311h2ed89a0_0
2026-09-30T20:03:25.7184620Z Linking freesasa-2.2.1-hd8ed1ab_5
2026-09-30T20:03:25.7188630Z Linking jinja2-3.1.6-pyhcf101f3_1
2026-09-30T20:03:25.7216294Z Linking urllib3-2.8.0-pyhd8ed1ab_0
2026-09-30T20:03:25.7291051Z Linking rlpycairo-0.4.0-pyh6c17108_0
2026-09-30T20:03:25.7321116Z Linking pytest-cov-7.1.0-pyhcf101f3_0
2026-09-30T20:03:25.7321888Z Linking sympy-1.14.0-pyh2585a3b_106
2026-09-30T20:03:25.8663763Z Linking pyedr-0.8.0-pyhd8ed1ab_1
2026-09-30T20:03:25.8699143Z Linking openff-units-0.3.2-pyhd8ed1ab_0
2026-09-30T20:03:25.8719245Z Linking pydantic-2.11.10-pyh3cfb1c2_0
2026-09-30T20:03:25.8828537Z Linking jax-0.7.1-pyhd8ed1ab_0
2026-09-30T20:03:25.9527120Z Linking requests-2.34.2-pyhcf101f3_0
2026-09-30T20:03:25.9553285Z Linking reportlab-5.0.1-pyhc364b38_0
2026-09-30T20:03:25.9801352Z Linking openff-toolkit-base-0.18.0-pyhd8ed1ab_6
2026-09-30T20:03:26.0041511Z warning  libmamba [openff-toolkit-base-0.18.0-pyhd8ed1ab_6] The following files were already present in the environment:
2026-09-30T20:03:26.0059190Z     - lib/python3.11/site-packages/docs/conf.py
2026-09-30T20:03:26.0084839Z Linking pdb2pqr-3.6.1-pyhd8ed1ab_1
2026-09-30T20:03:26.0125121Z Linking openff-interchange-base-0.5.2-pyhd8ed1ab_1
2026-09-30T20:03:26.0531202Z Linking pytorch-2.8.0-cpu_mkl_py311_hcfbaf12_102
2026-09-30T20:03:27.0891395Z Linking ambertools-26.0-cuda_None_nompi_py311h232f31e_100
2026-09-30T20:03:27.7307611Z Linking pymbar-4.0.3-h38be061_3
2026-09-30T20:03:27.7331371Z Linking rdkit-2026.03.1-py311h34e1bb8_0
2026-09-30T20:03:27.9081285Z Linking torchmetrics-1.9.0-pyhd8ed1ab_0
2026-09-30T20:03:27.9522160Z Linking opt_einsum_fx-0.1.4-pyh5ded981_2
2026-09-30T20:03:27.9551836Z Linking pytorch-lightning-2.6.6-pyh5ded981_0
2026-09-30T20:03:27.9937115Z Linking e3nn-0.4.4-pyhd8ed1ab_1
2026-09-30T20:03:28.0061211Z Linking openff-nagl-base-0.5.5-pyhc364b38_2
2026-09-30T20:03:28.0289976Z Linking openff-nagl-0.5.5-pyh3fa9b46_2
2026-09-30T20:03:28.0307614Z Linking openff-toolkit-0.18.0-pyhd8ed1ab_6
2026-09-30T20:03:28.0330874Z Linking openff-interchange-0.5.2-pyhd8ed1ab_1
2026-09-30T20:03:28.0360947Z Linking openmmforcefields-0.16.0-pyhc364b38_1
2026-09-30T20:03:29.1941579Z 
2026-09-30T20:03:29.1942631Z Transaction finished
2026-09-30T20:03:29.1942841Z 
2026-09-30T20:03:29.1955783Z 
2026-09-30T20:03:29.1956530Z To activate this environment, use:
2026-09-30T20:03:29.1956906Z 
2026-09-30T20:03:29.1957107Z     micromamba activate atm-mlmm-p0
2026-09-30T20:03:29.1957441Z 
2026-09-30T20:03:29.1957695Z Or to execute a single command in this environment, use:
2026-09-30T20:03:29.1958115Z 
2026-09-30T20:03:29.1958566Z     micromamba run -n atm-mlmm-p0 mycommand
2026-09-30T20:03:29.1958922Z 
2026-09-30T20:03:29.1959258Z warning  libmamba You are using 'pip' as an additional package manager.
2026-09-30T20:03:29.1960524Z     Be aware that packages installed with 'pip' are managed independently from 'conda-forge' channel.
2026-09-30T20:03:29.2008140Z 
2026-09-30T20:03:29.2009545Z Installing pip packages: mace-torch==0.3.16, matscipy==1.1.1, openmmml @ git+https://github.com/openmm/openmm-ml.git@1.8, atom-openmm @ git+https://github.com/Gallicchio-Lab/AToM-OpenMM.git@v8.5.0
2026-09-30T20:03:41.6535802Z Obtaining file:///home/runner/work/AToM_MLMM/AToM_MLMM
2026-09-30T20:03:41.6549536Z   Installing build dependencies: started
2026-09-30T20:03:42.3328510Z   Installing build dependencies: finished with status 'done'
2026-09-30T20:03:42.3333028Z   Checking if build backend supports build_editable: started
2026-09-30T20:03:42.5544938Z   Checking if build backend supports build_editable: finished with status 'done'
2026-09-30T20:03:42.5552732Z   Getting requirements to build editable: started
2026-09-30T20:03:42.7988098Z   Getting requirements to build editable: finished with status 'done'
2026-09-30T20:03:42.7996269Z   Preparing editable metadata (pyproject.toml): started
2026-09-30T20:03:42.9509161Z   Preparing editable metadata (pyproject.toml): finished with status 'done'
2026-09-30T20:03:42.9529955Z Building wheels for collected packages: atm-mlmm
2026-09-30T20:03:42.9536798Z   Building editable for atm-mlmm (pyproject.toml): started
2026-09-30T20:03:43.1208164Z   Building editable for atm-mlmm (pyproject.toml): finished with status 'done'
2026-09-30T20:03:43.1213612Z   Created wheel for atm-mlmm: filename=atm_mlmm-0.0.1-0.editable-py3-none-any.whl size=4817 sha256=e30843d927d2fdb32e65191e31ab49e6c223386f0acf1f05977b19fd350189ac
2026-09-30T20:03:43.1215227Z   Stored in directory: /tmp/pip-ephem-wheel-cache-qiunb1hv/wheels/84/47/86/58bc9bdea689a39dfe5adb952a73c47fdf0c6d63eb91ac84ce
2026-09-30T20:03:43.1233795Z Successfully built atm-mlmm
2026-09-30T20:03:43.1321861Z Installing collected packages: atm-mlmm
2026-09-30T20:03:43.1435940Z Successfully installed atm-mlmm-0.0.1
2026-09-30T20:03:48.1195577Z {
2026-09-30T20:03:48.1195930Z   "status": "passed",
2026-09-30T20:03:48.1196361Z   "checked_files": 51754,
2026-09-30T20:03:48.1196755Z   "regenerable_bytecode_count": 16486,
2026-09-30T20:03:48.1197259Z   "prefix_relocated_without_installed_hash_count": 0,
2026-09-30T20:03:48.1197768Z   "documented_collisions": [
2026-09-30T20:03:48.1198129Z     {
2026-09-30T20:03:48.1198529Z       "path": "lib/python3.11/site-packages/docs/conf.py",
2026-09-30T20:03:48.1199016Z       "owners": [
2026-09-30T20:03:48.1199311Z         {
2026-09-30T20:03:48.1199616Z           "name": "openff-nagl-models",
2026-09-30T20:03:48.1200505Z           "sha256": "e87132e7bf74982a1f851924e906df29e833eb4ed296276568451e05615a0d2d"
2026-09-30T20:03:48.1201157Z         },
2026-09-30T20:03:48.1201437Z         {
2026-09-30T20:03:48.1201746Z           "name": "openff-toolkit-base",
2026-09-30T20:03:48.1202390Z           "sha256": "19ed721347e3528c89076887044679ae6910f2e193a3ed53ae79d6c3d834d973"
2026-09-30T20:03:48.1203035Z         },
2026-09-30T20:03:48.1203299Z         {
2026-09-30T20:03:48.1203603Z           "name": "openff-utilities",
2026-09-30T20:03:48.1204241Z           "sha256": "ed175608234bfdd19e7ab51d0c3ea99dce1e21122174941576bf4fd52c05067a"
2026-09-30T20:03:48.1204871Z         }
2026-09-30T20:03:48.1205145Z       ],
2026-09-30T20:03:48.1205694Z       "installed_sha256": "19ed721347e3528c89076887044679ae6910f2e193a3ed53ae79d6c3d834d973",
2026-09-30T20:03:48.1206514Z       "reason": "Known nonruntime Sphinx configuration collision"
2026-09-30T20:03:48.1207044Z     },
2026-09-30T20:03:48.1207319Z     {
2026-09-30T20:03:48.1207702Z       "path": "lib/python3.11/site-packages/tests/__init__.py",
2026-09-30T20:03:48.1208222Z       "owners": [
2026-09-30T20:03:48.1208517Z         {
2026-09-30T20:03:48.1208812Z           "name": "propka",
2026-09-30T20:03:48.1209165Z           "version": "3.5.1",
2026-09-30T20:03:48.1209824Z           "installer": "conda",
2026-09-30T20:03:48.1210753Z           "sha256": "01ba4719c80b6fe911b091a7c05124b64eeece964e09c058ef8f9805daca546b"
2026-09-30T20:03:48.1211429Z         },
2026-09-30T20:03:48.1212011Z         {
2026-09-30T20:03:48.1212342Z           "name": "mace-torch",
2026-09-30T20:03:48.1212752Z           "version": "0.3.16",
2026-09-30T20:03:48.1213154Z           "installer": "pip",
2026-09-30T20:03:48.1213774Z           "sha256": "93370f0df51084312bf42215b21caa72cb2ed0d2859cb8770282d938d5a260a0"
2026-09-30T20:03:48.1214449Z         }
2026-09-30T20:03:48.1214725Z       ],
2026-09-30T20:03:48.1215324Z       "installed_sha256": "93370f0df51084312bf42215b21caa72cb2ed0d2859cb8770282d938d5a260a0",
2026-09-30T20:03:48.1216376Z       "reason": "Exact bundled test initializer collision; upstream tests are not imported"
2026-09-30T20:03:48.1217101Z     }
2026-09-30T20:03:48.1217386Z   ]
2026-09-30T20:03:48.1217660Z }
2026-09-30T20:03:49.3322722Z [
2026-09-30T20:03:49.3323143Z     {
2026-09-30T20:03:49.3323522Z         "base_url": "https://pypi.org/",
2026-09-30T20:03:49.3324016Z         "build_number": 0,
2026-09-30T20:03:49.3324425Z         "build_string": "pypi_0",
2026-09-30T20:03:49.3324854Z         "channel": "pypi",
2026-09-30T20:03:49.3325294Z         "dist_name": "ConfigArgParse-1.8.0-pypi_0",
2026-09-30T20:03:49.3325778Z         "md5": "",
2026-09-30T20:03:49.3326122Z         "name": "ConfigArgParse",
2026-09-30T20:03:49.3326549Z         "platform": "linux-x86_64",
2026-09-30T20:03:49.3326955Z         "sha256": "",
2026-09-30T20:03:49.3327292Z         "url": "",
2026-09-30T20:03:49.3327613Z         "version": "1.8.0"
2026-09-30T20:03:49.3327973Z     },
2026-09-30T20:03:49.3328254Z     {
2026-09-30T20:03:49.3328588Z         "base_url": "https://pypi.org/",
2026-09-30T20:03:49.3329049Z         "build_number": 0,
2026-09-30T20:03:49.3329444Z         "build_string": "pypi_0",
2026-09-30T20:03:49.3329853Z         "channel": "pypi",
2026-09-30T20:03:49.3330515Z         "dist_name": "GitPython-3.2.0-pypi_0",
2026-09-30T20:03:49.3330866Z         "md5": "",
2026-09-30T20:03:49.3331073Z         "name": "GitPython",
2026-09-30T20:03:49.3331312Z         "platform": "linux-x86_64",
2026-09-30T20:03:49.3331657Z         "sha256": "",
2026-09-30T20:03:49.3332005Z         "url": "",
2026-09-30T20:03:49.3332342Z         "version": "3.2.0"
2026-09-30T20:03:49.3332697Z     },
2026-09-30T20:03:49.3332978Z     {
2026-09-30T20:03:49.3333387Z         "base_url": "https://conda.anaconda.org/conda-forge",
2026-09-30T20:03:49.3333965Z         "build_number": 8,
2026-09-30T20:03:49.3334345Z         "build_string": "8_kmp_llvm",
2026-09-30T20:03:49.3334782Z         "channel": "conda-forge",
2026-09-30T20:03:49.3335243Z         "dist_name": "_openmp_mutex-4.5-8_kmp_llvm",
2026-09-30T20:03:49.3335664Z         "md5": "b4d1b93dd1dab4eea23395fd5e5b357d",
2026-09-30T20:03:49.3335952Z         "name": "_openmp_mutex",
2026-09-30T20:03:49.3336195Z         "platform": "linux-64",
2026-09-30T20:03:49.3336570Z         "sha256": "b8de006376660eb12c7fc40803c97e1480bf4bc1253f0d59694b12f81b52fe14",
2026-09-30T20:03:49.3337214Z         "url": "https://conda.anaconda.org/conda-forge/linux-64/_openmp_mutex-4.5-8_kmp_llvm.conda",
2026-09-30T20:03:49.3337682Z         "version": "4.5"
2026-09-30T20:03:49.3337892Z     },
2026-09-30T20:03:49.3338058Z     {
2026-09-30T20:03:49.3338306Z         "base_url": "https://conda.anaconda.org/conda-forge",
2026-09-30T20:03:49.3338645Z         "build_number": 3,
2026-09-30T20:03:49.3338894Z         "build_string": "hd8ed1ab_3",
2026-09-30T20:03:49.3339158Z         "channel": "conda-forge",
2026-09-30T20:03:49.3339448Z         "dist_name": "_python_abi3_support-1.0-hd8ed1ab_3",
2026-09-30T20:03:49.3339783Z         "md5": "3845f3d75991bae0fb90884662f4327c",
2026-09-30T20:03:49.3340077Z         "name": "_python_abi3_support",
2026-09-30T20:03:49.3340511Z         "platform": "noarch",
2026-09-30T20:03:49.3341112Z         "sha256": "2a7204314663eeda5dec482a956f0e2eaf289bd5b9953eaaaad0e81aa64638f2",
2026-09-30T20:03:49.3341730Z         "url": "https://conda.anaconda.org/conda-forge/noarch/_python_abi3_support-1.0-hd8ed1ab_3.conda",
2026-09-30T20:03:49.3342189Z         "version": "1.0"
2026-09-30T20:03:49.3342530Z     },
2026-09-30T20:03:49.3342697Z     {
2026-09-30T20:03:49.3342937Z         "base_url": "https://conda.anaconda.org/conda-forge",
2026-09-30T20:03:49.3343259Z         "build_number": 100,
2026-09-30T20:03:49.3343534Z         "build_string": "cuda_None_nompi_py311h232f31e_100",
2026-09-30T20:03:49.3343838Z         "channel": "conda-forge",
2026-09-30T20:03:49.3344162Z         "dist_name": "ambertools-26.0-cuda_None_nompi_py311h232f31e_100",
2026-09-30T20:03:49.3344532Z         "md5": "bf325a2ab8c847d5c8223a1c3c39dae2",
2026-09-30T20:03:49.3344812Z         "name": "ambertools",
2026-09-30T20:03:49.3345048Z         "platform": "linux-64",
2026-09-30T20:03:49.3345404Z         "sha256": "a94fd2d41e7e5273782582d03c8ebe30154fa10b21338f3593a4df63b8b115d3",
2026-09-30T20:03:49.3346066Z         "url": "https://conda.anaconda.org/conda-forge/linux-64/ambertools-26.0-cuda_None_nompi_py311h232f31e_100.conda",
2026-09-30T20:03:49.3346595Z         "version": "26.0"
2026-09-30T20:03:49.3346805Z     },
2026-09-30T20:03:49.3346976Z     {
2026-09-30T20:03:49.3347217Z         "base_url": "https://conda.anaconda.org/conda-forge",
2026-09-30T20:03:49.3347533Z         "build_number": 0,
2026-09-30T20:03:49.3347768Z         "build_string": "pyhd8ed1ab_0",
2026-09-30T20:03:49.3348032Z         "channel": "conda-forge",
2026-09-30T20:03:49.3348318Z         "dist_name": "annotated-types-0.8.0-pyhd8ed1ab_0",
2026-09-30T20:03:49.3348643Z         "md5": "108c928d2a8551832dbc762b535e90bb",
2026-09-30T20:03:49.3348922Z         "name": "annotated-types",
2026-09-30T20:03:49.3349169Z         "platform": "noarch",
2026-09-30T20:03:49.3349533Z         "sha256": "b8fcb994134d3918d1c64a9d62f4168ff85d5bfb89e698102fe4ed679fe0df24",
2026-09-30T20:03:49.3350522Z         "url": "https://conda.anaconda.org/conda-forge/noarch/annotated-types-0.8.0-pyhd8ed1ab_0.conda",
2026-09-30T20:03:49.3351374Z         "version": "0.8.0"
2026-09-30T20:03:49.3351725Z     },
2026-09-30T20:03:49.3351995Z     {
2026-09-30T20:03:49.3352373Z         "base_url": "https://conda.anaconda.org/conda-forge",
2026-09-30T20:03:49.3352899Z         "build_number": 102,
2026-09-30T20:03:49.3353319Z         "build_string": "nompi_hf03ea27_102",
2026-09-30T20:03:49.3353773Z         "channel": "conda-forge",
2026-09-30T20:03:49.3354219Z         "dist_name": "arpack-3.9.1-nompi_hf03ea27_102",
2026-09-30T20:03:49.3354726Z         "md5": "e09af397232ef1070e0b6cbf4c64aacb",
2026-09-30T20:03:49.3355163Z         "name": "arpack",
2026-09-30T20:03:49.3355511Z         "platform": "linux-64",
2026-09-30T20:03:49.3356085Z         "sha256": "6d71343420292132be0192ddd962b308f7b8a0a0630d1db83fb9d65e8167c6ce",
2026-09-30T20:03:49.3357103Z         "url": "https://conda.anaconda.org/conda-forge/linux-64/arpack-3.9.1-nompi_hf03ea27_102.conda",
2026-09-30T20:03:49.3357902Z         "version": "3.9.1"
2026-09-30T20:03:49.3358272Z     },
2026-09-30T20:03:49.3358559Z     {
2026-09-30T20:03:49.3358893Z         "base_url": "https://pypi.org/",
2026-09-30T20:03:49.3359333Z         "build_number": 0,
2026-09-30T20:03:49.3359707Z         "build_string": "pypi_0",
2026-09-30T20:03:49.3360299Z         "channel": "pypi",
2026-09-30T20:03:49.3360710Z         "dist_name": "ase-3.29.0-pypi_0",
2026-09-30T20:03:49.3361120Z         "md5": "",
2026-09-30T20:03:49.3361401Z         "name": "ase",
2026-09-30T20:03:49.3361725Z         "platform": "linux-x86_64",
2026-09-30T20:03:49.3362109Z         "sha256": "",
2026-09-30T20:03:49.3362444Z         "url": "",
2026-09-30T20:03:49.3362777Z         "version": "3.29.0"
2026-09-30T20:03:49.3363146Z     },
2026-09-30T20:03:49.3363429Z     {
2026-09-30T20:03:49.3363762Z         "base_url": "https://pypi.org/",
2026-09-30T20:03:49.3364202Z         "build_number": 0,
2026-09-30T20:03:49.3364544Z         "build_string": "pypi_0",
2026-09-30T20:03:49.3365088Z         "channel": "pypi",
2026-09-30T20:03:49.3365473Z         "dist_name": "atom-openmm-8.5.0b0-pypi_0",
2026-09-30T20:03:49.3365901Z         "md5": "",
2026-09-30T20:03:49.3366208Z         "name": "atom-openmm",
2026-09-30T20:03:49.3366774Z         "platform": "linux-x86_64",
2026-09-30T20:03:49.3367171Z         "sha256": "",
2026-09-30T20:03:49.3367505Z         "url": "",
2026-09-30T20:03:49.3367738Z         "version": "8.5.0b0"
2026-09-30T20:03:49.3367950Z     },
2026-09-30T20:03:49.3368120Z     {
2026-09-30T20:03:49.3368364Z         "base_url": "https://conda.anaconda.org/conda-forge",
2026-09-30T20:03:49.3368676Z         "build_number": 2,
2026-09-30T20:03:49.3368902Z         "build_string": "h4610da3_2",
2026-09-30T20:03:49.3369156Z         "channel": "conda-forge",
2026-09-30T20:03:49.3369432Z         "dist_name": "aws-c-auth-0.10.4-h4610da3_2",
2026-09-30T20:03:49.3369743Z         "md5": "cefa84dbf94066e7a6902af288a2fedd",
2026-09-30T20:03:49.3370021Z         "name": "aws-c-auth",
2026-09-30T20:03:49.3370535Z         "platform": "linux-64",
2026-09-30T20:03:49.3370912Z         "sha256": "0c92dc5ddf4edd4038a63adb79f9f0b03f61e9455ce3253b7d2cf708e06ff99e",
2026-09-30T20:03:49.3371509Z         "url": "https://conda.anaconda.org/conda-forge/linux-64/aws-c-auth-0.10.4-h4610da3_2.conda",
2026-09-30T20:03:49.3371955Z         "version": "0.10.4"
2026-09-30T20:03:49.3372165Z     },
2026-09-30T20:03:49.3372327Z     {
2026-09-30T20:03:49.3372564Z         "base_url": "https://conda.anaconda.org/conda-forge",
2026-09-30T20:03:49.3372942Z         "build_number": 1,
2026-09-30T20:03:49.3373228Z         "build_string": "h6bbde05_1",
2026-09-30T20:03:49.3373552Z         "channel": "conda-forge",
2026-09-30T20:03:49.3373890Z         "dist_name": "aws-c-cal-0.9.15-h6bbde05_1",
2026-09-30T20:03:49.3374257Z         "md5": "8f2b374c79908f271be3d0e9f1c462a8",
2026-09-30T20:03:49.3374541Z         "name": "aws-c-cal",
2026-09-30T20:03:49.3374773Z         "platform": "linux-64",
2026-09-30T20:03:49.3375144Z         "sha256": "6eb21a0129e0aa7c6be733c7f2d1de6bc97a60c8382c1016f19dced722600d73",
2026-09-30T20:03:49.3375716Z         "url": "https://conda.anaconda.org/conda-forge/linux-64/aws-c-cal-0.9.15-h6bbde05_1.conda",
2026-09-30T20:03:49.3376154Z         "version": "0.9.15"
2026-09-30T20:03:49.3376367Z     },
2026-09-30T20:03:49.3376531Z     {
2026-09-30T20:03:49.3376757Z         "base_url": "https://conda.anaconda.org/conda-forge",
2026-09-30T20:03:49.3377070Z         "build_number": 0,
2026-09-30T20:03:49.3377292Z         "build_string": "hb03c661_0",
2026-09-30T20:03:49.3377548Z         "channel": "conda-forge",
2026-09-30T20:03:49.3377820Z         "dist_name": "aws-c-common-0.14.3-hb03c661_0",
2026-09-30T20:03:49.3378137Z         "md5": "ce8664d7c01d4a598ad38107b289b5ec",
2026-09-30T20:03:49.3378419Z         "name": "aws-c-common",
2026-09-30T20:03:49.3378659Z         "platform": "linux-64",
2026-09-30T20:03:49.3379394Z         "sha256": "8ea79f36d50ba90d7147fe1a047f9a7f2d33b114a3d4bacf1360cd8df43986e4",
2026-09-30T20:03:49.3379990Z         "url": "https://conda.anaconda.org/conda-forge/linux-64/aws-c-common-0.14.3-hb03c661_0.conda",
2026-09-30T20:03:49.3380664Z         "version": "0.14.3"
2026-09-30T20:03:49.3380870Z     },
2026-09-30T20:03:49.3381031Z     {
2026-09-30T20:03:49.3381275Z         "base_url": "https://conda.anaconda.org/conda-forge",
2026-09-30T20:03:49.3381590Z         "build_number": 5,
2026-09-30T20:03:49.3381814Z         "build_string": "h01ee8f8_5",
2026-09-30T20:03:49.3382077Z         "channel": "conda-forge",
2026-09-30T20:03:49.3382366Z         "dist_name": "aws-c-compression-0.3.2-h01ee8f8_5",
2026-09-30T20:03:49.3382693Z         "md5": "ae862abdbb3160f97478d3d4749164c0",
2026-09-30T20:03:49.3382979Z         "name": "aws-c-compression",
2026-09-30T20:03:49.3383232Z         "platform": "linux-64",
2026-09-30T20:03:49.3383586Z         "sha256": "27f8581573c533a92a1a9619516ebb66d390b9923d296331985cfd342dc32d29",
2026-09-30T20:03:49.3384360Z         "url": "https://conda.anaconda.org/conda-forge/linux-64/aws-c-compression-0.3.2-h01ee8f8_5.conda",
2026-09-30T20:03:49.3384843Z         "version": "0.3.2"
2026-09-30T20:03:49.3385048Z     },
2026-09-30T20:03:49.3385215Z     {
2026-09-30T20:03:49.3385448Z         "base_url": "https://conda.anaconda.org/conda-forge",
2026-09-30T20:03:49.3385874Z         "build_number": 5,
2026-09-30T20:03:49.3386113Z         "build_string": "hbe094ff_5",
2026-09-30T20:03:49.3386367Z         "channel": "conda-forge",
2026-09-30T20:03:49.3386637Z         "dist_name": "aws-c-http-0.11.0-hbe094ff_5",
2026-09-30T20:03:49.3386949Z         "md5": "c09f7ec7327b8bd52fc2d6eacaa18d3b",
2026-09-30T20:03:49.3387227Z         "name": "aws-c-http",
2026-09-30T20:03:49.3387462Z         "platform": "linux-64",
2026-09-30T20:03:49.3387822Z         "sha256": "a4a5e24b398e7c0ef64de5a341ecb3f0fa87c2879177695c5d0bcbde0c4f8b5e",
2026-09-30T20:03:49.3388403Z         "url": "https://conda.anaconda.org/conda-forge/linux-64/aws-c-http-0.11.0-hbe094ff_5.conda",
2026-09-30T20:03:49.3388839Z         "version": "0.11.0"
2026-09-30T20:03:49.3389052Z     },
2026-09-30T20:03:49.3389217Z     {
2026-09-30T20:03:49.3389476Z         "base_url": "https://conda.anaconda.org/conda-forge",
2026-09-30T20:03:49.3389825Z         "build_number": 1,
2026-09-30T20:03:49.3390311Z         "build_string": "h4f381ba_1",
2026-09-30T20:03:49.3390633Z         "channel": "conda-forge",
2026-09-30T20:03:49.3390913Z         "dist_name": "aws-c-io-0.27.5-h4f381ba_1",
2026-09-30T20:03:49.3391215Z         "md5": "948f5a4fddac779b7942626e5807caba",
2026-09-30T20:03:49.3391488Z         "name": "aws-c-io",
2026-09-30T20:03:49.3391738Z         "platform": "linux-64",
2026-09-30T20:03:49.3392618Z         "sha256": "76ab4eb6cae12e14244cb1fe11ecccc2f103f8ffa7e80e222099c6b16c19ae20",
2026-09-30T20:03:49.3393670Z         "url": "https://conda.anaconda.org/conda-forge/linux-64/aws-c-io-0.27.5-h4f381ba_1.conda",
2026-09-30T20:03:49.3394462Z         "version": "0.27.5"
2026-09-30T20:03:49.3394810Z     },
2026-09-30T20:03:49.3395108Z     {
2026-09-30T20:03:49.3395532Z         "base_url": "https://conda.anaconda.org/conda-forge",
2026-09-30T20:03:49.3396118Z         "build_number": 1,
2026-09-30T20:03:49.3396523Z         "build_string": "h7508075_1",
2026-09-30T20:03:49.3396988Z         "channel": "conda-forge",
2026-09-30T20:03:49.3397550Z         "dist_name": "aws-c-s3-0.13.1-h7508075_1",
2026-09-30T20:03:49.3398099Z         "md5": "2daf54d3eef87b757f68d7597534dd2f",
2026-09-30T20:03:49.3398609Z         "name": "aws-c-s3",
2026-09-30T20:03:49.3399010Z         "platform": "linux-64",
2026-09-30T20:03:49.3399662Z         "sha256": "d24f7f34b3b564535b533b17176e71f71b6944aa2cb71813283bece139908d9f",
2026-09-30T20:03:49.3401040Z         "url": "https://conda.anaconda.org/conda-forge/linux-64/aws-c-s3-0.13.1-h7508075_1.conda",
2026-09-30T20:03:49.3401859Z         "version": "0.13.1"
2026-09-30T20:03:49.3402241Z     },
2026-09-30T20:03:49.3402537Z     {
2026-09-30T20:03:49.3402973Z         "base_url": "https://conda.anaconda.org/conda-forge",
2026-09-30T20:03:49.3403424Z         "build_number": 3,
2026-09-30T20:03:49.3403668Z         "build_string": "h01ee8f8_3",
2026-09-30T20:03:49.3403923Z         "channel": "conda-forge",
2026-09-30T20:03:49.3404207Z         "dist_name": "aws-c-sdkutils-0.2.7-h01ee8f8_3",
2026-09-30T20:03:49.3404539Z         "md5": "412f0cf18cc4c4945655dba954ca2d76",
2026-09-30T20:03:49.3404818Z         "name": "aws-c-sdkutils",
2026-09-30T20:03:49.3405063Z         "platform": "linux-64",
2026-09-30T20:03:49.3405430Z         "sha256": "b308c393a3db78cef29942c6b83ca7321f86d357fbb47504d59f55254601c87a",
2026-09-30T20:03:49.3406021Z         "url": "https://conda.anaconda.org/conda-forge/linux-64/aws-c-sdkutils-0.2.7-h01ee8f8_3.conda",
2026-09-30T20:03:49.3406473Z         "version": "0.2.7"
2026-09-30T20:03:49.3406678Z     },
2026-09-30T20:03:49.3406849Z     {
2026-09-30T20:03:49.3407082Z         "base_url": "https://conda.anaconda.org/conda-forge",
2026-09-30T20:03:49.3407391Z         "build_number": 5,
2026-09-30T20:03:49.3407618Z         "build_string": "h01ee8f8_5",
2026-09-30T20:03:49.3408026Z         "channel": "conda-forge",
2026-09-30T20:03:49.3408308Z         "dist_name": "aws-checksums-0.2.10-h01ee8f8_5",
2026-09-30T20:03:49.3408630Z         "md5": "4d70caf5260e0787675c3bf61ae5b64c",
2026-09-30T20:03:49.3409020Z         "name": "aws-checksums",
2026-09-30T20:03:49.3409258Z         "platform": "linux-64",
2026-09-30T20:03:49.3409623Z         "sha256": "f8d2cd9faccb273df739fc28431b484a90aca10027ef44f7fec1d4f0bd229a76",
2026-09-30T20:03:49.3410517Z         "url": "https://conda.anaconda.org/conda-forge/linux-64/aws-checksums-0.2.10-h01ee8f8_5.conda",
2026-09-30T20:03:49.3411004Z         "version": "0.2.10"
2026-09-30T20:03:49.3411211Z     },
2026-09-30T20:03:49.3411375Z     {
2026-09-30T20:03:49.3411609Z         "base_url": "https://conda.anaconda.org/conda-forge",
2026-09-30T20:03:49.3411915Z         "build_number": 1,
2026-09-30T20:03:49.3412153Z         "build_string": "py311h6f959d0_1",
2026-09-30T20:03:49.3412419Z         "channel": "conda-forge",
2026-09-30T20:03:49.3412718Z         "dist_name": "backports.zstd-1.7.0-py311h6f959d0_1",
2026-09-30T20:03:49.3413044Z         "md5": "30f9861fbea080176375281b31055fc0",
2026-09-30T20:03:49.3413321Z         "name": "backports.zstd",
2026-09-30T20:03:49.3413571Z         "platform": "linux-64",
2026-09-30T20:03:49.3413926Z         "sha256": "b6be9fb502245705469b05807e9a28d3265f7fdef765bd00d5132f40a0fda92b",
2026-09-30T20:03:49.3414530Z         "url": "https://conda.anaconda.org/conda-forge/linux-64/backports.zstd-1.7.0-py311h6f959d0_1.conda",
2026-09-30T20:03:49.3415000Z         "version": "1.7.0"
2026-09-30T20:03:49.3415213Z     },
2026-09-30T20:03:49.3415376Z     {
2026-09-30T20:03:49.3415610Z         "base_url": "https://conda.anaconda.org/conda-forge",
2026-09-30T20:03:49.3415920Z         "build_number": 2,
2026-09-30T20:03:49.3416151Z         "build_string": "py311h49ec1c0_2",
2026-09-30T20:03:49.3416417Z         "channel": "conda-forge",
2026-09-30T20:03:49.3416696Z         "dist_name": "biopython-1.85-py311h49ec1c0_2",
2026-09-30T20:03:49.3417008Z         "md5": "80852f000d611b48380855ef79b18bff",
2026-09-30T20:03:49.3417282Z         "name": "biopython",
2026-09-30T20:03:49.3417513Z         "platform": "linux-64",
2026-09-30T20:03:49.3417924Z         "sha256": "f36cb03f00fda348dc6ae54c61cdbd4d0631ca45d83d4ae46a6b00369e0ba670",
2026-09-30T20:03:49.3418514Z         "url": "https://conda.anaconda.org/conda-forge/linux-64/biopython-1.85-py311h49ec1c0_2.conda",
2026-09-30T20:03:49.3418957Z         "version": "1.85"
2026-09-30T20:03:49.3419161Z     },
2026-09-30T20:03:49.3419325Z     {
2026-09-30T20:03:49.3419557Z         "base_url": "https://conda.anaconda.org/conda-forge",
2026-09-30T20:03:49.3419863Z         "build_number": 1,
2026-09-30T20:03:49.3420086Z         "build_string": "he440d0b_1",
2026-09-30T20:03:49.3420565Z         "channel": "conda-forge",
2026-09-30T20:03:49.3420822Z         "dist_name": "blosc-1.21.6-he440d0b_1",
2026-09-30T20:03:49.3421125Z         "md5": "2c2fae981fd2afd00812c92ac47d023d",
2026-09-30T20:03:49.3421403Z         "name": "blosc",
2026-09-30T20:03:49.3421622Z         "platform": "linux-64",
2026-09-30T20:03:49.3421981Z         "sha256": "e7af5d1183b06a206192ff440e08db1c4e8b2ca1f8376ee45fb2f3a85d4ee45d",
2026-09-30T20:03:49.3422540Z         "url": "https://conda.anaconda.org/conda-forge/linux-64/blosc-1.21.6-he440d0b_1.conda",
2026-09-30T20:03:49.3422958Z         "version": "1.21.6"
2026-09-30T20:03:49.3423172Z     },
2026-09-30T20:03:49.3423336Z     {
2026-09-30T20:03:49.3423568Z         "base_url": "https://conda.anaconda.org/conda-forge",
2026-09-30T20:03:49.3423876Z         "build_number": 4,
2026-09-30T20:03:49.3424106Z         "build_string": "h505cf86_4",
2026-09-30T20:03:49.3424358Z         "channel": "conda-forge",
2026-09-30T20:03:49.3424614Z         "dist_name": "brotli-1.2.0-h505cf86_4",
2026-09-30T20:03:49.3424908Z         "md5": "746aa619a1bcaf4da541101179d7c60e",
2026-09-30T20:03:49.3425180Z         "name": "brotli",
2026-09-30T20:03:49.3425399Z         "platform": "linux-64",
2026-09-30T20:03:49.3425889Z         "sha256": "61b78574f002390b6a7fc79834fc344beaab09550068a51100eea5a485dac741",
2026-09-30T20:03:49.3426448Z         "url": "https://conda.anaconda.org/conda-forge/linux-64/brotli-1.2.0-h505cf86_4.conda",
2026-09-30T20:03:49.3426994Z         "version": "1.2.0"
2026-09-30T20:03:49.3427199Z     },
2026-09-30T20:03:49.3427368Z     {
2026-09-30T20:03:49.3427607Z         "base_url": "https://conda.anaconda.org/conda-forge",
2026-09-30T20:03:49.3427931Z         "build_number": 4,
2026-09-30T20:03:49.3428153Z         "build_string": "h9908984_4",
2026-09-30T20:03:49.3428404Z         "channel": "conda-forge",
2026-09-30T20:03:49.3428669Z         "dist_name": "brotli-bin-1.2.0-h9908984_4",
2026-09-30T20:03:49.3428974Z         "md5": "c48c09444f3736800ea0b9550c365baf",
2026-09-30T20:03:49.3429249Z         "name": "brotli-bin",
2026-09-30T20:03:49.3429482Z         "platform": "linux-64",
2026-09-30T20:03:49.3429846Z         "sha256": "ce7db81d5fd4b222ee1a27c52ccf7af44faaf88283017103a8e288f9c372b973",
2026-09-30T20:03:49.3430692Z         "url": "https://conda.anaconda.org/conda-forge/linux-64/brotli-bin-1.2.0-h9908984_4.conda",
2026-09-30T20:03:49.3431151Z         "version": "1.2.0"
2026-09-30T20:03:49.3431358Z     },
2026-09-30T20:03:49.3431555Z     {
2026-09-30T20:03:49.3431791Z         "base_url": "https://conda.anaconda.org/conda-forge",
2026-09-30T20:03:49.3432106Z         "build_number": 4,
2026-09-30T20:03:49.3432338Z         "build_string": "py311heb3be6f_4",
2026-09-30T20:03:49.3432759Z         "channel": "conda-forge",
2026-09-30T20:03:49.3433262Z         "dist_name": "brotli-python-1.2.0-py311heb3be6f_4",
2026-09-30T20:03:49.3433818Z         "md5": "7f5e2b7716d10c9a762ee94112143ca8",
2026-09-30T20:03:49.3434107Z         "name": "brotli-python",
2026-09-30T20:03:49.3434345Z         "platform": "linux-64",
2026-09-30T20:03:49.3434703Z         "sha256": "d641ef23bdfce1b1a889845489fce65e00311d6ed22e6b345074ec07627db7d5",
2026-09-30T20:03:49.3435321Z         "url": "https://conda.anaconda.org/conda-forge/linux-64/brotli-python-1.2.0-py311heb3be6f_4.conda",
2026-09-30T20:03:49.3435798Z         "version": "1.2.0"
2026-09-30T20:03:49.3436000Z     },
2026-09-30T20:03:49.3436163Z     {
2026-09-30T20:03:49.3436404Z         "base_url": "https://conda.anaconda.org/conda-forge",
2026-09-30T20:03:49.3436736Z         "build_number": 0,
2026-09-30T20:03:49.3437003Z         "build_string": "pyhd8ed1ab_0",
2026-09-30T20:03:49.3437270Z         "channel": "conda-forge",
2026-09-30T20:03:49.3437529Z         "dist_name": "bson-0.5.10-pyhd8ed1ab_0",
2026-09-30T20:03:49.3437833Z         "md5": "8e1cd1dca850168941e200bc5e626e16",
2026-09-30T20:03:49.3438107Z         "name": "bson",
2026-09-30T20:03:49.3438321Z         "platform": "noarch",
2026-09-30T20:03:49.3438682Z         "sha256": "b6e73522a3fc2d85e8eef363ff9dfe1d7995770b55968dc7e9e23ebd02f56e84",
2026-09-30T20:03:49.3439240Z         "url": "https://conda.anaconda.org/conda-forge/noarch/bson-0.5.10-pyhd8ed1ab_0.conda",
2026-09-30T20:03:49.3439677Z         "version": "0.5.10"
2026-09-30T20:03:49.3439890Z     },
2026-09-30T20:03:49.3440061Z     {
2026-09-30T20:03:49.3440527Z         "base_url": "https://conda.anaconda.org/conda-forge",
2026-09-30T20:03:49.3440845Z         "build_number": 10,
2026-09-30T20:03:49.3441081Z         "build_string": "hda65f42_10",
2026-09-30T20:03:49.3441336Z         "channel": "conda-forge",
2026-09-30T20:03:49.3441822Z         "dist_name": "bzip2-1.0.8-hda65f42_10",
2026-09-30T20:03:49.3442292Z         "md5": "e675fabcf81499adc7edf58124fb1e01",
2026-09-30T20:03:49.3442693Z         "name": "bzip2",
2026-09-30T20:03:49.3443025Z         "platform": "linux-64",
2026-09-30T20:03:49.3443486Z         "sha256": "1a0d382c515ebf55f8ee1f38c8b81bc95af5c2acc42ad53b66bc5df932032f96",
2026-09-30T20:03:49.3444187Z         "url": "https://conda.anaconda.org/conda-forge/linux-64/bzip2-1.0.8-hda65f42_10.conda",
2026-09-30T20:03:49.3444742Z         "version": "1.0.8"
2026-09-30T20:03:49.3445029Z     },
2026-09-30T20:03:49.3445352Z     {
2026-09-30T20:03:49.3445821Z         "base_url": "https://conda.anaconda.org/conda-forge",
2026-09-30T20:03:49.3458545Z         "build_number": 2,
2026-09-30T20:03:49.3458816Z         "build_string": "hebe6cf0_2",
2026-09-30T20:03:49.3459096Z         "channel": "conda-forge",
2026-09-30T20:03:49.3459578Z         "dist_name": "c-ares-1.34.8-hebe6cf0_2",
2026-09-30T20:03:49.3459902Z         "md5": "3ad2b403be8fc5612b9159e2ce621f69",
2026-09-30T20:03:49.3460485Z         "name": "c-ares",
2026-09-30T20:03:49.3460737Z         "platform": "linux-64",
2026-09-30T20:03:49.3461118Z         "sha256": "9c37cc233238adf366ea75b0e845662a5be07ceadf62e458183516369340274b",
2026-09-30T20:03:49.3461700Z         "url": "https://conda.anaconda.org/conda-forge/linux-64/c-ares-1.34.8-hebe6cf0_2.conda",
2026-09-30T20:03:49.3462140Z         "version": "1.34.8"
2026-09-30T20:03:49.3462360Z     },
2026-09-30T20:03:49.3462531Z     {
2026-09-30T20:03:49.3462780Z         "base_url": "https://conda.anaconda.org/conda-forge",
2026-09-30T20:03:49.3463110Z         "build_number": 0,
2026-09-30T20:03:49.3463363Z         "build_string": "hea3f660_0",
2026-09-30T20:03:49.3463628Z         "channel": "conda-forge",
2026-09-30T20:03:49.3463895Z         "dist_name": "c-blosc2-3.3.5-hea3f660_0",
2026-09-30T20:03:49.3464208Z         "md5": "cca490d93e9ca32e2605d9141e189caa",
2026-09-30T20:03:49.3464500Z         "name": "c-blosc2",
2026-09-30T20:03:49.3464738Z         "platform": "linux-64",
2026-09-30T20:03:49.3465120Z         "sha256": "2881ecde436dd23cbd889dedb1226b241be6b4ade309404c1eb02fc83bf2d197",
2026-09-30T20:03:49.3465706Z         "url": "https://conda.anaconda.org/conda-forge/linux-64/c-blosc2-3.3.5-hea3f660_0.conda",
2026-09-30T20:03:49.3466151Z         "version": "3.3.5"
2026-09-30T20:03:49.3466370Z     },
2026-09-30T20:03:49.3466551Z     {
2026-09-30T20:03:49.3466794Z         "base_url": "https://conda.anaconda.org/conda-forge",
2026-09-30T20:03:49.3467112Z         "build_number": 0,
2026-09-30T20:03:49.3467340Z         "build_string": "hbd8a1cb_0",
2026-09-30T20:03:49.3467605Z         "channel": "conda-forge",
2026-09-30T20:03:49.3467900Z         "dist_name": "ca-certificates-2026.7.22-hbd8a1cb_0",
2026-09-30T20:03:49.3468228Z         "md5": "0f51e2391ade309db462a55611263e9c",
2026-09-30T20:03:49.3468519Z         "name": "ca-certificates",
2026-09-30T20:03:49.3468767Z         "platform": "noarch",
2026-09-30T20:03:49.3469124Z         "sha256": "0a0544cf95f64394fe4959286f5c71f5444ad58feb0602e53becb27448d24da6",
2026-09-30T20:03:49.3469738Z         "url": "https://conda.anaconda.org/conda-forge/noarch/ca-certificates-2026.7.22-hbd8a1cb_0.conda",
2026-09-30T20:03:49.3470427Z         "version": "2026.7.22"
2026-09-30T20:03:49.3470651Z     },
2026-09-30T20:03:49.3470821Z     {
2026-09-30T20:03:49.3471055Z         "base_url": "https://conda.anaconda.org/conda-forge",
2026-09-30T20:03:49.3471369Z         "build_number": 0,
2026-09-30T20:03:49.3471602Z         "build_string": "pyhd8ed1ab_0",
2026-09-30T20:03:49.3471871Z         "channel": "conda-forge",
2026-09-30T20:03:49.3472157Z         "dist_name": "cachetools-7.2.0-pyhd8ed1ab_0",
2026-09-30T20:03:49.3472472Z         "md5": "3d61ab93a58be28d1b0036416d46770b",
2026-09-30T20:03:49.3472759Z         "name": "cachetools",
2026-09-30T20:03:49.3472987Z         "platform": "noarch",
2026-09-30T20:03:49.3473344Z         "sha256": "f437fbd00e7a357e854b1d59720bb56c5444c427aa3967d9e4a8767c95eeb438",
2026-09-30T20:03:49.3473920Z         "url": "https://conda.anaconda.org/conda-forge/noarch/cachetools-7.2.0-pyhd8ed1ab_0.conda",
2026-09-30T20:03:49.3474367Z         "version": "7.2.0"
2026-09-30T20:03:49.3474577Z     },
2026-09-30T20:03:49.3474745Z     {
2026-09-30T20:03:49.3474978Z         "base_url": "https://conda.anaconda.org/conda-forge",
2026-09-30T20:03:49.3475293Z         "build_number": 0,
2026-09-30T20:03:49.3475518Z         "build_string": "h3c89d7e_0",
2026-09-30T20:03:49.3475784Z         "channel": "conda-forge",
2026-09-30T20:03:49.3476043Z         "dist_name": "cairo-1.18.6-h3c89d7e_0",
2026-09-30T20:03:49.3476475Z         "md5": "7920701f9abcb488411495742cf365a7",
2026-09-30T20:03:49.3476752Z         "name": "cairo",
2026-09-30T20:03:49.3476979Z         "platform": "linux-64",
2026-09-30T20:03:49.3477342Z         "sha256": "5d0efc6f9981468aca72897460d9b2d17b74dff72787f20a9d2330e214064515",
2026-09-30T20:03:49.3477999Z         "url": "https://conda.anaconda.org/conda-forge/linux-64/cairo-1.18.6-h3c89d7e_0.conda",
2026-09-30T20:03:49.3478423Z         "version": "1.18.6"
2026-09-30T20:03:49.3478642Z     },
2026-09-30T20:03:49.3478811Z     {
2026-09-30T20:03:49.3479057Z         "base_url": "https://conda.anaconda.org/conda-forge",
2026-09-30T20:03:49.3479373Z         "build_number": 0,
2026-09-30T20:03:49.3479605Z         "build_string": "pyhd8ed1ab_0",
2026-09-30T20:03:49.3479879Z         "channel": "conda-forge",
2026-09-30T20:03:49.3480404Z         "dist_name": "certifi-2026.7.22-pyhd8ed1ab_0",
2026-09-30T20:03:49.3480809Z         "md5": "37e13edbe3b48f1095a9d085ef9cd83b",
2026-09-30T20:03:49.3481086Z         "name": "certifi",
2026-09-30T20:03:49.3481312Z         "platform": "noarch",
2026-09-30T20:03:49.3481672Z         "sha256": "fb167de4388e64e52aa3907ed099afab944c1fa6e5f74b281a312dae1bcf7f3b",
2026-09-30T20:03:49.3482251Z         "url": "https://conda.anaconda.org/conda-forge/noarch/certifi-2026.7.22-pyhd8ed1ab_0.conda",
2026-09-30T20:03:49.3482707Z         "version": "2026.7.22"
2026-09-30T20:03:49.3482924Z     },
2026-09-30T20:03:49.3483091Z     {
2026-09-30T20:03:49.3483328Z         "base_url": "https://conda.anaconda.org/conda-forge",
2026-09-30T20:03:49.3483643Z         "build_number": 2,
2026-09-30T20:03:49.3483882Z         "build_string": "py311he50072f_2",
2026-09-30T20:03:49.3484160Z         "channel": "conda-forge",
2026-09-30T20:03:49.3484442Z         "dist_name": "cftime-1.6.5-py311he50072f_2",
2026-09-30T20:03:49.3484764Z         "md5": "1416a39aeaffb2fdb479e591047b7af9",
2026-09-30T20:03:49.3485049Z         "name": "cftime",
2026-09-30T20:03:49.3485287Z         "platform": "linux-64",
2026-09-30T20:03:49.3485665Z         "sha256": "bf47f363a33c1a93e8e90745a218c32decf195c9b254baf896ae3bc38d155506",
2026-09-30T20:03:49.3486249Z         "url": "https://conda.anaconda.org/conda-forge/linux-64/cftime-1.6.5-py311he50072f_2.conda",
2026-09-30T20:03:49.3486702Z         "version": "1.6.5"
2026-09-30T20:03:49.3486920Z     },
2026-09-30T20:03:49.3487094Z     {
2026-09-30T20:03:49.3487336Z         "base_url": "https://conda.anaconda.org/conda-forge",
2026-09-30T20:03:49.3487655Z         "build_number": 0,
2026-09-30T20:03:49.3487887Z         "build_string": "h1114479_0",
2026-09-30T20:03:49.3488146Z         "channel": "conda-forge",
2026-09-30T20:03:49.3488450Z         "dist_name": "charset-normalizer-3.5.2-h1114479_0",
2026-09-30T20:03:49.3488783Z         "md5": "78d5c6112c9320a1a797935cecfec7c2",
2026-09-30T20:03:49.3489073Z         "name": "charset-normalizer",
2026-09-30T20:03:49.3489337Z         "platform": "linux-64",
2026-09-30T20:03:49.3489721Z         "sha256": "e4f04b45d68716fcc47c808aeacbf165f6f295fb91bd20b91aa38942b8d2cdc6",
2026-09-30T20:03:49.3490598Z         "url": "https://conda.anaconda.org/conda-forge/linux-64/charset-normalizer-3.5.2-h1114479_0.conda",
2026-09-30T20:03:49.3491085Z         "version": "3.5.2"
2026-09-30T20:03:49.3491299Z     },
2026-09-30T20:03:49.3491481Z     {
2026-09-30T20:03:49.3491725Z         "base_url": "https://conda.anaconda.org/conda-forge",
2026-09-30T20:03:49.3492055Z         "build_number": 0,
2026-09-30T20:03:49.3492291Z         "build_string": "pyh5ded981_0",
2026-09-30T20:03:49.3492558Z         "channel": "conda-forge",
2026-09-30T20:03:49.3492826Z         "dist_name": "click-8.5.0-pyh5ded981_0",
2026-09-30T20:03:49.3493137Z         "md5": "dea5b13a211bbf99876deb980b408a66",
2026-09-30T20:03:49.3493422Z         "name": "click",
2026-09-30T20:03:49.3493648Z         "platform": "noarch",
2026-09-30T20:03:49.3494008Z         "sha256": "9afb0c2c089330321a219c7ee5a25313bd574d4024be606cbb33e7a5735df662",
2026-09-30T20:03:49.3494711Z         "url": "https://conda.anaconda.org/conda-forge/noarch/click-8.5.0-pyh5ded981_0.conda",
2026-09-30T20:03:49.3495147Z         "version": "8.5.0"
2026-09-30T20:03:49.3495363Z     },
2026-09-30T20:03:49.3495530Z     {
2026-09-30T20:03:49.3495763Z         "base_url": "https://conda.anaconda.org/conda-forge",
2026-09-30T20:03:49.3496245Z         "build_number": 0,
2026-09-30T20:03:49.3496474Z         "build_string": "pyhcf101f3_0",
2026-09-30T20:03:49.3496741Z         "channel": "conda-forge",
2026-09-30T20:03:49.3497038Z         "dist_name": "click-option-group-0.5.9-pyhcf101f3_0",
2026-09-30T20:03:49.3497378Z         "md5": "d64dbb12cae6d209b7bd0587eaae3541",
2026-09-30T20:03:49.3497693Z         "name": "click-option-group",
2026-09-30T20:03:49.3497963Z         "platform": "noarch",
2026-09-30T20:03:49.3498334Z         "sha256": "a7918b2c9086f859c5d6572b4c463ad3e39ce50f47dd6f40c6a718eb4bd472ea",
2026-09-30T20:03:49.3498963Z         "url": "https://conda.anaconda.org/conda-forge/noarch/click-option-group-0.5.9-pyhcf101f3_0.conda",
2026-09-30T20:03:49.3499454Z         "version": "0.5.9"
2026-09-30T20:03:49.3499665Z     },
2026-09-30T20:03:49.3499833Z     {
2026-09-30T20:03:49.3500067Z         "base_url": "https://conda.anaconda.org/conda-forge",
2026-09-30T20:03:49.3500538Z         "build_number": 1,
2026-09-30T20:03:49.3500773Z         "build_string": "pyhcf101f3_1",
2026-09-30T20:03:49.3501033Z         "channel": "conda-forge",
2026-09-30T20:03:49.3501317Z         "dist_name": "cloudpickle-3.1.2-pyhcf101f3_1",
2026-09-30T20:03:49.3501635Z         "md5": "61b8078a0905b12529abc622406cb62c",
2026-09-30T20:03:49.3501910Z         "name": "cloudpickle",
2026-09-30T20:03:49.3502144Z         "platform": "noarch",
2026-09-30T20:03:49.3502494Z         "sha256": "4c287c2721d8a34c94928be8fe0e9a85754e90189dd4384a31b1806856b50a67",
2026-09-30T20:03:49.3503064Z         "url": "https://conda.anaconda.org/conda-forge/noarch/cloudpickle-3.1.2-pyhcf101f3_1.conda",
2026-09-30T20:03:49.3503516Z         "version": "3.1.2"
2026-09-30T20:03:49.3503726Z     },
2026-09-30T20:03:49.3503893Z     {
2026-09-30T20:03:49.3504127Z         "base_url": "https://conda.anaconda.org/conda-forge",
2026-09-30T20:03:49.3504440Z         "build_number": 1,
2026-09-30T20:03:49.3504674Z         "build_string": "pyhd8ed1ab_1",
2026-09-30T20:03:49.3504938Z         "channel": "conda-forge",
2026-09-30T20:03:49.3505208Z         "dist_name": "colorama-0.4.6-pyhd8ed1ab_1",
2026-09-30T20:03:49.3505512Z         "md5": "962b9857ee8e7018c22f2776ffa0b2d7",
2026-09-30T20:03:49.3505781Z         "name": "colorama",
2026-09-30T20:03:49.3506005Z         "platform": "noarch",
2026-09-30T20:03:49.3506353Z         "sha256": "ab29d57dc70786c1269633ba3dff20288b81664d3ff8d21af995742e2bb03287",
2026-09-30T20:03:49.3506914Z         "url": "https://conda.anaconda.org/conda-forge/noarch/colorama-0.4.6-pyhd8ed1ab_1.conda",
2026-09-30T20:03:49.3507346Z         "version": "0.4.6"
2026-09-30T20:03:49.3507554Z     },
2026-09-30T20:03:49.3507724Z     {
2026-09-30T20:03:49.3507957Z         "base_url": "https://conda.anaconda.org/conda-forge",
2026-09-30T20:03:49.3508271Z         "build_number": 1,
2026-09-30T20:03:49.3508497Z         "build_string": "pyhd8ed1ab_1",
2026-09-30T20:03:49.3508752Z         "channel": "conda-forge",
2026-09-30T20:03:49.3509025Z         "dist_name": "configobj-5.0.9-pyhd8ed1ab_1",
2026-09-30T20:03:49.3509340Z         "md5": "5e1999cd1872c9d7f7d56bf3bf1141fa",
2026-09-30T20:03:49.3509615Z         "name": "configobj",
2026-09-30T20:03:49.3509848Z         "platform": "noarch",
2026-09-30T20:03:49.3510347Z         "sha256": "c0e1b662a2f4288e07e57eeca8bf924cfb686d72cbb71720c6bb5aef1d517249",
2026-09-30T20:03:49.3510927Z         "url": "https://conda.anaconda.org/conda-forge/noarch/configobj-5.0.9-pyhd8ed1ab_1.conda",
2026-09-30T20:03:49.3511361Z         "version": "5.0.9"
2026-09-30T20:03:49.3511566Z     },
2026-09-30T20:03:49.3511732Z     {
2026-09-30T20:03:49.3511964Z         "base_url": "https://conda.anaconda.org/conda-forge",
2026-09-30T20:03:49.3512274Z         "build_number": 4,
2026-09-30T20:03:49.3512623Z         "build_string": "py311h724c32c_4",
2026-09-30T20:03:49.3512894Z         "channel": "conda-forge",
2026-09-30T20:03:49.3513172Z         "dist_name": "contourpy-1.3.3-py311h724c32c_4",
2026-09-30T20:03:49.3513486Z         "md5": "d04e508f5a03162c8bab4586a65d00bf",
2026-09-30T20:03:49.3513879Z         "name": "contourpy",
2026-09-30T20:03:49.3514113Z         "platform": "linux-64",
2026-09-30T20:03:49.3514479Z         "sha256": "fd7aca059253cff3d8b0aec71f0c1bf2904823b13f1997bf222aea00a76f3cce",
2026-09-30T20:03:49.3515076Z         "url": "https://conda.anaconda.org/conda-forge/linux-64/contourpy-1.3.3-py311h724c32c_4.conda",
2026-09-30T20:03:49.3515530Z         "version": "1.3.3"
2026-09-30T20:03:49.3515738Z     },
2026-09-30T20:03:49.3515904Z     {
2026-09-30T20:03:49.3516132Z         "base_url": "https://conda.anaconda.org/conda-forge",
2026-09-30T20:03:49.3516442Z         "build_number": 0,
2026-09-30T20:03:49.3516674Z         "build_string": "py311h364832d_0",
2026-09-30T20:03:49.3516956Z         "channel": "conda-forge",
2026-09-30T20:03:49.3517242Z         "dist_name": "coverage-7.16.2-py311h364832d_0",
2026-09-30T20:03:49.3517553Z         "md5": "a924f20ca4637f29b2def21a8362bae3",
2026-09-30T20:03:49.3517826Z         "name": "coverage",
2026-09-30T20:03:49.3518059Z         "platform": "linux-64",
2026-09-30T20:03:49.3518415Z         "sha256": "be4a445e3d8e381c80a48c776bc41e5e154878b0c76c510f0a359d20890a2ac3",
2026-09-30T20:03:49.3518998Z         "url": "https://conda.anaconda.org/conda-forge/linux-64/coverage-7.16.2-py311h364832d_0.conda",
2026-09-30T20:03:49.3519448Z         "version": "7.16.2"
2026-09-30T20:03:49.3519656Z     },
2026-09-30T20:03:49.3519823Z     {
2026-09-30T20:03:49.3520059Z         "base_url": "https://conda.anaconda.org/conda-forge",
2026-09-30T20:03:49.3520501Z         "build_number": 2,
2026-09-30T20:03:49.3520733Z         "build_string": "py311hd8ed1ab_2",
2026-09-30T20:03:49.3520999Z         "channel": "conda-forge",
2026-09-30T20:03:49.3521270Z         "dist_name": "cpython-3.11.16-py311hd8ed1ab_2",
2026-09-30T20:03:49.3521574Z         "md5": "18b8c7456c7a5052ca5d0002957a6f29",
2026-09-30T20:03:49.3521843Z         "name": "cpython",
2026-09-30T20:03:49.3522063Z         "platform": "noarch",
2026-09-30T20:03:49.3522425Z         "sha256": "be18e37b4ab19a72b2ceac449e4ad11e5e18756aeb1c2a5b7f8811bff0c2e030",
2026-09-30T20:03:49.3523005Z         "url": "https://conda.anaconda.org/conda-forge/noarch/cpython-3.11.16-py311hd8ed1ab_2.conda",
2026-09-30T20:03:49.3523459Z         "version": "3.11.16"
2026-09-30T20:03:49.3523673Z     },
2026-09-30T20:03:49.3523836Z     {
2026-09-30T20:03:49.3524066Z         "base_url": "https://conda.anaconda.org/conda-forge",
2026-09-30T20:03:49.3524377Z         "build_number": 0,
2026-09-30T20:03:49.3524602Z         "build_string": "hd2095e1_0",
2026-09-30T20:03:49.3524855Z         "channel": "conda-forge",
2026-09-30T20:03:49.3525124Z         "dist_name": "cuda-nvrtc-13.4.92-hd2095e1_0",
2026-09-30T20:03:49.3525427Z         "md5": "6e7f43cf3b30bb22c746782d939cfc75",
2026-09-30T20:03:49.3525708Z         "name": "cuda-nvrtc",
2026-09-30T20:03:49.3525947Z         "platform": "linux-64",
2026-09-30T20:03:49.3526306Z         "sha256": "1b5e968f355a723c6376eff6f79a95d67bebca62a255a48198d381c5b1fb3637",
2026-09-30T20:03:49.3526884Z         "url": "https://conda.anaconda.org/conda-forge/linux-64/cuda-nvrtc-13.4.92-hd2095e1_0.conda",
2026-09-30T20:03:49.3527326Z         "version": "13.4.92"
2026-09-30T20:03:49.3527539Z     },
2026-09-30T20:03:49.3527702Z     {
2026-09-30T20:03:49.3527929Z         "base_url": "https://conda.anaconda.org/conda-forge",
2026-09-30T20:03:49.3528239Z         "build_number": 3,
2026-09-30T20:03:49.3528466Z         "build_string": "hfacf21a_3",
2026-09-30T20:03:49.3528719Z         "channel": "conda-forge",
2026-09-30T20:03:49.3528997Z         "dist_name": "cuda-version-13.4-hfacf21a_3",
2026-09-30T20:03:49.3529301Z         "md5": "9ff0458c7a21690b23f37dee60f90300",
2026-09-30T20:03:49.3529575Z         "name": "cuda-version",
2026-09-30T20:03:49.3529931Z         "platform": "noarch",
2026-09-30T20:03:49.3530505Z         "sha256": "c75b079579323219d0e1848c3b6dc234c057e60072ecfa4b5678f6d2f99b0b4a",
2026-09-30T20:03:49.3531088Z         "url": "https://conda.anaconda.org/conda-forge/noarch/cuda-version-13.4-hfacf21a_3.conda",
2026-09-30T20:03:49.3531648Z         "version": "13.4"
2026-09-30T20:03:49.3531852Z     },
2026-09-30T20:03:49.3532016Z     {
2026-09-30T20:03:49.3532247Z         "base_url": "https://conda.anaconda.org/conda-forge",
2026-09-30T20:03:49.3532561Z         "build_number": 2,
2026-09-30T20:03:49.3532790Z         "build_string": "pyhcf101f3_2",
2026-09-30T20:03:49.3533050Z         "channel": "conda-forge",
2026-09-30T20:03:49.3533311Z         "dist_name": "cycler-0.12.1-pyhcf101f3_2",
2026-09-30T20:03:49.3533608Z         "md5": "4c2a8fef270f6c69591889b93f9f55c1",
2026-09-30T20:03:49.3533873Z         "name": "cycler",
2026-09-30T20:03:49.3534086Z         "platform": "noarch",
2026-09-30T20:03:49.3534449Z         "sha256": "bb47aec5338695ff8efbddbc669064a3b10fe34ad881fb8ad5d64fbfa6910ed1",
2026-09-30T20:03:49.3535012Z         "url": "https://conda.anaconda.org/conda-forge/noarch/cycler-0.12.1-pyhcf101f3_2.conda",
2026-09-30T20:03:49.3535441Z         "version": "0.12.1"
2026-09-30T20:03:49.3535663Z     },
2026-09-30T20:03:49.3535829Z     {
2026-09-30T20:03:49.3536059Z         "base_url": "https://conda.anaconda.org/conda-forge",
2026-09-30T20:03:49.3536369Z         "build_number": 1,
2026-09-30T20:03:49.3536597Z         "build_string": "hac629b4_1",
2026-09-30T20:03:49.3536850Z         "channel": "conda-forge",
2026-09-30T20:03:49.3537153Z         "dist_name": "cyrus-sasl-2.1.28-hac629b4_1",
2026-09-30T20:03:49.3537455Z         "md5": "af491aae930edc096b58466c51c4126c",
2026-09-30T20:03:49.3537728Z         "name": "cyrus-sasl",
2026-09-30T20:03:49.3537958Z         "platform": "linux-64",
2026-09-30T20:03:49.3538317Z         "sha256": "7684da83306bb69686c0506fb09aa7074e1a55ade50c3a879e4e5df6eebb1009",
2026-09-30T20:03:49.3538889Z         "url": "https://conda.anaconda.org/conda-forge/linux-64/cyrus-sasl-2.1.28-hac629b4_1.conda",
2026-09-30T20:03:49.3539331Z         "version": "2.1.28"
2026-09-30T20:03:49.3539537Z     },
2026-09-30T20:03:49.3539700Z     {
2026-09-30T20:03:49.3539929Z         "base_url": "https://conda.anaconda.org/conda-forge",
2026-09-30T20:03:49.3540411Z         "build_number": 0,
2026-09-30T20:03:49.3540643Z         "build_string": "pyhcf101f3_0",
2026-09-30T20:03:49.3540903Z         "channel": "conda-forge",
2026-09-30T20:03:49.3541174Z         "dist_name": "docutils-0.23-pyhcf101f3_0",
2026-09-30T20:03:49.3541473Z         "md5": "2c3958e02221c2504ec036139e648d8b",
2026-09-30T20:03:49.3541742Z         "name": "docutils",
2026-09-30T20:03:49.3541962Z         "platform": "noarch",
2026-09-30T20:03:49.3542315Z         "sha256": "def3b2566a1702fa083a8984753ac0b3e3f7381048f88714e03d55b7bd930b74",
2026-09-30T20:03:49.3542870Z         "url": "https://conda.anaconda.org/conda-forge/noarch/docutils-0.23-pyhcf101f3_0.conda",
2026-09-30T20:03:49.3543304Z         "version": "0.23"
2026-09-30T20:03:49.3543508Z     },
2026-09-30T20:03:49.3543671Z     {
2026-09-30T20:03:49.3543904Z         "base_url": "https://conda.anaconda.org/conda-forge",
2026-09-30T20:03:49.3544210Z         "build_number": 1,
2026-09-30T20:03:49.3544440Z         "build_string": "pyhd8ed1ab_1",
2026-09-30T20:03:49.3544703Z         "channel": "conda-forge",
2026-09-30T20:03:49.3544959Z         "dist_name": "e3nn-0.4.4-pyhd8ed1ab_1",
2026-09-30T20:03:49.3545255Z         "md5": "8fc606a95ac51d22c0e1e39a0edb42b0",
2026-09-30T20:03:49.3545523Z         "name": "e3nn",
2026-09-30T20:03:49.3545732Z         "platform": "noarch",
2026-09-30T20:03:49.3546082Z         "sha256": "4ba5121f95521c04339ef6e0e6c389d3e0e9f3e04609d5fc43f22b56d8e2cb5b",
2026-09-30T20:03:49.3546628Z         "url": "https://conda.anaconda.org/conda-forge/noarch/e3nn-0.4.4-pyhd8ed1ab_1.tar.bz2",
2026-09-30T20:03:49.3547049Z         "version": "0.4.4"
2026-09-30T20:03:49.3547251Z     },
2026-09-30T20:03:49.3547415Z     {
2026-09-30T20:03:49.3547766Z         "base_url": "https://conda.anaconda.org/conda-forge",
2026-09-30T20:03:49.3548081Z         "build_number": 2,
2026-09-30T20:03:49.3548304Z         "build_string": "h3bcb7cf_2",
2026-09-30T20:03:49.3548660Z         "channel": "conda-forge",
2026-09-30T20:03:49.3548933Z         "dist_name": "eigen-abi-3.4.0.100-h3bcb7cf_2",
2026-09-30T20:03:49.3549243Z         "md5": "aca8e2d59adae20b4715ab372b8d9b9f",
2026-09-30T20:03:49.3549523Z         "name": "eigen-abi",
2026-09-30T20:03:49.3549751Z         "platform": "linux-64",
2026-09-30T20:03:49.3550247Z         "sha256": "6060ac3c240bfd079946aa4ba9b4749b4ffecbdc734b14910a44eb9d2ec84d6f",
2026-09-30T20:03:49.3550840Z         "url": "https://conda.anaconda.org/conda-forge/linux-64/eigen-abi-3.4.0.100-h3bcb7cf_2.conda",
2026-09-30T20:03:49.3551293Z         "version": "3.4.0.100"
2026-09-30T20:03:49.3551509Z     },
2026-09-30T20:03:49.3551672Z     {
2026-09-30T20:03:49.3551899Z         "base_url": "https://conda.anaconda.org/conda-forge",
2026-09-30T20:03:49.3552211Z         "build_number": 0,
2026-09-30T20:03:49.3552432Z         "build_string": "pyhd8ed1ab_0",
2026-09-30T20:03:49.3552693Z         "channel": "conda-forge",
2026-09-30T20:03:49.3552980Z         "dist_name": "exceptiongroup-1.3.1-pyhd8ed1ab_0",
2026-09-30T20:03:49.3553308Z         "md5": "8e662bd460bda79b1ea39194e3c4c9ab",
2026-09-30T20:03:49.3553592Z         "name": "exceptiongroup",
2026-09-30T20:03:49.3553846Z         "platform": "noarch",
2026-09-30T20:03:49.3554207Z         "sha256": "ee6cf346d017d954255bbcbdb424cddea4d14e4ed7e9813e429db1d795d01144",
2026-09-30T20:03:49.3554797Z         "url": "https://conda.anaconda.org/conda-forge/noarch/exceptiongroup-1.3.1-pyhd8ed1ab_0.conda",
2026-09-30T20:03:49.3555249Z         "version": "1.3.1"
2026-09-30T20:03:49.3555450Z     },
2026-09-30T20:03:49.3555608Z     {
2026-09-30T20:03:49.3555831Z         "base_url": "https://conda.anaconda.org/conda-forge",
2026-09-30T20:03:49.3556140Z         "build_number": 100,
2026-09-30T20:03:49.3556381Z         "build_string": "nompi_h3b011a4_100",
2026-09-30T20:03:49.3556653Z         "channel": "conda-forge",
2026-09-30T20:03:49.3556925Z         "dist_name": "fftw-3.3.11-nompi_h3b011a4_100",
2026-09-30T20:03:49.3557224Z         "md5": "0717f4eb3d18259358a1fa77edb18917",
2026-09-30T20:03:49.3557489Z         "name": "fftw",
2026-09-30T20:03:49.3557703Z         "platform": "linux-64",
2026-09-30T20:03:49.3558062Z         "sha256": "6fd5d681fba20adaca771f138ac52dbf0a52e0dc2ac31b9ce7406068d102a9a7",
2026-09-30T20:03:49.3558634Z         "url": "https://conda.anaconda.org/conda-forge/linux-64/fftw-3.3.11-nompi_h3b011a4_100.conda",
2026-09-30T20:03:49.3559081Z         "version": "3.3.11"
2026-09-30T20:03:49.3559288Z     },
2026-09-30T20:03:49.3559451Z     {
2026-09-30T20:03:49.3559684Z         "base_url": "https://conda.anaconda.org/conda-forge",
2026-09-30T20:03:49.3559999Z         "build_number": 0,
2026-09-30T20:03:49.3560354Z         "build_string": "pyhd8ed1ab_0",
2026-09-30T20:03:49.3560617Z         "channel": "conda-forge",
2026-09-30T20:03:49.3560885Z         "dist_name": "filelock-4.0.7-pyhd8ed1ab_0",
2026-09-30T20:03:49.3561194Z         "md5": "ab002986c97c35de6e16c5f13900c25e",
2026-09-30T20:03:49.3561466Z         "name": "filelock",
2026-09-30T20:03:49.3561690Z         "platform": "noarch",
2026-09-30T20:03:49.3562045Z         "sha256": "cb4f2cf54855e5bf1cecf7a186a25110e12796eb0c177a279eb51ba91a77cdea",
2026-09-30T20:03:49.3562612Z         "url": "https://conda.anaconda.org/conda-forge/noarch/filelock-4.0.7-pyhd8ed1ab_0.conda",
2026-09-30T20:03:49.3563050Z         "version": "4.0.7"
2026-09-30T20:03:49.3563257Z     },
2026-09-30T20:03:49.3563422Z     {
2026-09-30T20:03:49.3563656Z         "base_url": "https://conda.anaconda.org/conda-forge",
2026-09-30T20:03:49.3563970Z         "build_number": 2,
2026-09-30T20:03:49.3564196Z         "build_string": "pyh5ded981_2",
2026-09-30T20:03:49.3564461Z         "channel": "conda-forge",
2026-09-30T20:03:49.3564728Z         "dist_name": "flexcache-0.3-pyh5ded981_2",
2026-09-30T20:03:49.3565148Z         "md5": "9ed9902b7f19311ba0836f9dd0b4d7e0",
2026-09-30T20:03:49.3565433Z         "name": "flexcache",
2026-09-30T20:03:49.3565660Z         "platform": "noarch",
2026-09-30T20:03:49.3566021Z         "sha256": "fc30fd32ab60300e5ea6c15e3a39b3f3124a9236211fbb8bdb99708d3fbfed33",
2026-09-30T20:03:49.3566690Z         "url": "https://conda.anaconda.org/conda-forge/noarch/flexcache-0.3-pyh5ded981_2.conda",
2026-09-30T20:03:49.3567121Z         "version": "0.3"
2026-09-30T20:03:49.3567330Z     },
2026-09-30T20:03:49.3567497Z     {
2026-09-30T20:03:49.3567730Z         "base_url": "https://conda.anaconda.org/conda-forge",
2026-09-30T20:03:49.3568044Z         "build_number": 2,
2026-09-30T20:03:49.3568272Z         "build_string": "pyh5ded981_2",
2026-09-30T20:03:49.3568527Z         "channel": "conda-forge",
2026-09-30T20:03:49.3568793Z         "dist_name": "flexparser-0.4-pyh5ded981_2",
2026-09-30T20:03:49.3569108Z         "md5": "5960ecf63e2d46f99dbfafa851c2206b",
2026-09-30T20:03:49.3569386Z         "name": "flexparser",
2026-09-30T20:03:49.3569614Z         "platform": "noarch",
2026-09-30T20:03:49.3569965Z         "sha256": "0a9caab09609fed3a84c3594b62751b3cd7b0d953a7a631175aa3f2c4052765a",
2026-09-30T20:03:49.3570758Z         "url": "https://conda.anaconda.org/conda-forge/noarch/flexparser-0.4-pyh5ded981_2.conda",
2026-09-30T20:03:49.3571193Z         "version": "0.4"
2026-09-30T20:03:49.3571401Z     },
2026-09-30T20:03:49.3571569Z     {
2026-09-30T20:03:49.3571803Z         "base_url": "https://conda.anaconda.org/conda-forge",
2026-09-30T20:03:49.3572118Z         "build_number": 0,
2026-09-30T20:03:49.3572352Z         "build_string": "hab24e00_0",
2026-09-30T20:03:49.3572608Z         "channel": "conda-forge",
2026-09-30T20:03:49.3572914Z         "dist_name": "font-ttf-dejavu-sans-mono-2.37-hab24e00_0",
2026-09-30T20:03:49.3573260Z         "md5": "0c96522c6bdaed4b1566d11387caaf45",
2026-09-30T20:03:49.3573560Z         "name": "font-ttf-dejavu-sans-mono",
2026-09-30T20:03:49.3573841Z         "platform": "noarch",
2026-09-30T20:03:49.3574188Z         "sha256": "58d7f40d2940dd0a8aa28651239adbf5613254df0f75789919c4e6762054403b",
2026-09-30T20:03:49.3574813Z         "url": "https://conda.anaconda.org/conda-forge/noarch/font-ttf-dejavu-sans-mono-2.37-hab24e00_0.tar.bz2",
2026-09-30T20:03:49.3575319Z         "version": "2.37"
2026-09-30T20:03:49.3575527Z     },
2026-09-30T20:03:49.3575690Z     {
2026-09-30T20:03:49.3575920Z         "base_url": "https://conda.anaconda.org/conda-forge",
2026-09-30T20:03:49.3576231Z         "build_number": 0,
2026-09-30T20:03:49.3576456Z         "build_string": "h77eed37_0",
2026-09-30T20:03:49.3576711Z         "channel": "conda-forge",
2026-09-30T20:03:49.3576999Z         "dist_name": "font-ttf-inconsolata-3.000-h77eed37_0",
2026-09-30T20:03:49.3577330Z         "md5": "34893075a5c9e55cdafac56607368fc6",
2026-09-30T20:03:49.3577615Z         "name": "font-ttf-inconsolata",
2026-09-30T20:03:49.3577874Z         "platform": "noarch",
2026-09-30T20:03:49.3578244Z         "sha256": "c52a29fdac682c20d252facc50f01e7c2e7ceac52aa9817aaf0bb83f7559ec5c",
2026-09-30T20:03:49.3578872Z         "url": "https://conda.anaconda.org/conda-forge/noarch/font-ttf-inconsolata-3.000-h77eed37_0.tar.bz2",
2026-09-30T20:03:49.3579360Z         "version": "3.000"
2026-09-30T20:03:49.3579567Z     },
2026-09-30T20:03:49.3579736Z     {
2026-09-30T20:03:49.3579978Z         "base_url": "https://conda.anaconda.org/conda-forge",
2026-09-30T20:03:49.3580414Z         "build_number": 0,
2026-09-30T20:03:49.3580637Z         "build_string": "h77eed37_0",
2026-09-30T20:03:49.3580884Z         "channel": "conda-forge",
2026-09-30T20:03:49.3581186Z         "dist_name": "font-ttf-source-code-pro-2.038-h77eed37_0",
2026-09-30T20:03:49.3581537Z         "md5": "4d59c254e01d9cde7957100457e2d5fb",
2026-09-30T20:03:49.3581827Z         "name": "font-ttf-source-code-pro",
2026-09-30T20:03:49.3582101Z         "platform": "noarch",
2026-09-30T20:03:49.3582574Z         "sha256": "00925c8c055a2275614b4d983e1df637245e19058d79fc7dd1a93b8d9fb4b139",
2026-09-30T20:03:49.3583203Z         "url": "https://conda.anaconda.org/conda-forge/noarch/font-ttf-source-code-pro-2.038-h77eed37_0.tar.bz2",
2026-09-30T20:03:49.3583697Z         "version": "2.038"
2026-09-30T20:03:49.3584004Z     },
2026-09-30T20:03:49.3584167Z     {
2026-09-30T20:03:49.3584401Z         "base_url": "https://conda.anaconda.org/conda-forge",
2026-09-30T20:03:49.3584713Z         "build_number": 3,
2026-09-30T20:03:49.3584942Z         "build_string": "h77eed37_3",
2026-09-30T20:03:49.3585190Z         "channel": "conda-forge",
2026-09-30T20:03:49.3585467Z         "dist_name": "font-ttf-ubuntu-0.83-h77eed37_3",
2026-09-30T20:03:49.3585780Z         "md5": "49023d73832ef61042f6a237cb2687e7",
2026-09-30T20:03:49.3586063Z         "name": "font-ttf-ubuntu",
2026-09-30T20:03:49.3586311Z         "platform": "noarch",
2026-09-30T20:03:49.3586671Z         "sha256": "2821ec1dc454bd8b9a31d0ed22a7ce22422c0aef163c59f49dfdf915d0f0ca14",
2026-09-30T20:03:49.3587257Z         "url": "https://conda.anaconda.org/conda-forge/noarch/font-ttf-ubuntu-0.83-h77eed37_3.conda",
2026-09-30T20:03:49.3587704Z         "version": "0.83"
2026-09-30T20:03:49.3587915Z     },
2026-09-30T20:03:49.3588079Z     {
2026-09-30T20:03:49.3588309Z         "base_url": "https://conda.anaconda.org/conda-forge",
2026-09-30T20:03:49.3588623Z         "build_number": 1,
2026-09-30T20:03:49.3588849Z         "build_string": "h4db4eae_1",
2026-09-30T20:03:49.3589101Z         "channel": "conda-forge",
2026-09-30T20:03:49.3589371Z         "dist_name": "fontconfig-2.18.3-h4db4eae_1",
2026-09-30T20:03:49.3589675Z         "md5": "922776b528a470ab5afa81fd42abfa1d",
2026-09-30T20:03:49.3589948Z         "name": "fontconfig",
2026-09-30T20:03:49.3590303Z         "platform": "linux-64",
2026-09-30T20:03:49.3590664Z         "sha256": "5a3eb10b18a97223ab06b3a7f0d7f56658db2f2800e2f2af95836fe3bf55ba63",
2026-09-30T20:03:49.3591245Z         "url": "https://conda.anaconda.org/conda-forge/linux-64/fontconfig-2.18.3-h4db4eae_1.conda",
2026-09-30T20:03:49.3591692Z         "version": "2.18.3"
2026-09-30T20:03:49.3591909Z     },
2026-09-30T20:03:49.3592077Z     {
2026-09-30T20:03:49.3592357Z         "base_url": "https://conda.anaconda.org/conda-forge",
2026-09-30T20:03:49.3592675Z         "build_number": 0,
2026-09-30T20:03:49.3592899Z         "build_string": "0",
2026-09-30T20:03:49.3593130Z         "channel": "conda-forge",
2026-09-30T20:03:49.3593399Z         "dist_name": "fonts-conda-ecosystem-1-0",
2026-09-30T20:03:49.3593708Z         "md5": "fee5683a3f04bd15cbd8318b096a27ab",
2026-09-30T20:03:49.3594007Z         "name": "fonts-conda-ecosystem",
2026-09-30T20:03:49.3594274Z         "platform": "noarch",
2026-09-30T20:03:49.3594634Z         "sha256": "a997f2f1921bb9c9d76e6fa2f6b408b7fa549edd349a77639c9fe7a23ea93e61",
2026-09-30T20:03:49.3595203Z         "url": "https://conda.anaconda.org/conda-forge/noarch/fonts-conda-ecosystem-1-0.tar.bz2",
2026-09-30T20:03:49.3595641Z         "version": "1"
2026-09-30T20:03:49.3595841Z     },
2026-09-30T20:03:49.3596006Z     {
2026-09-30T20:03:49.3596242Z         "base_url": "https://conda.anaconda.org/conda-forge",
2026-09-30T20:03:49.3596557Z         "build_number": 1,
2026-09-30T20:03:49.3596784Z         "build_string": "hc364b38_1",
2026-09-30T20:03:49.3597049Z         "channel": "conda-forge",
2026-09-30T20:03:49.3597325Z         "dist_name": "fonts-conda-forge-1-hc364b38_1",
2026-09-30T20:03:49.3597635Z         "md5": "a7970cd949a077b7cb9696379d338681",
2026-09-30T20:03:49.3597913Z         "name": "fonts-conda-forge",
2026-09-30T20:03:49.3598158Z         "platform": "noarch",
2026-09-30T20:03:49.3598507Z         "sha256": "54eea8469786bc2291cc40bca5f46438d3e062a399e8f53f013b6a9f50e98333",
2026-09-30T20:03:49.3599077Z         "url": "https://conda.anaconda.org/conda-forge/noarch/fonts-conda-forge-1-hc364b38_1.conda",
2026-09-30T20:03:49.3599519Z         "version": "1"
2026-09-30T20:03:49.3599711Z     },
2026-09-30T20:03:49.3599877Z     {
2026-09-30T20:03:49.3600290Z         "base_url": "https://conda.anaconda.org/conda-forge",
2026-09-30T20:03:49.3600736Z         "build_number": 0,
2026-09-30T20:03:49.3600975Z         "build_string": "py311h92159aa_0",
2026-09-30T20:03:49.3601239Z         "channel": "conda-forge",
2026-09-30T20:03:49.3601519Z         "dist_name": "fonttools-4.66.1-py311h92159aa_0",
2026-09-30T20:03:49.3601953Z         "md5": "d74f4107a95418d1936eb94b7f3b5b0b",
2026-09-30T20:03:49.3602231Z         "name": "fonttools",
2026-09-30T20:03:49.3602467Z         "platform": "linux-64",
2026-09-30T20:03:49.3602838Z         "sha256": "1cff213361acf91321eeafeddb53926c3252a9908c156a8f7bff289a85114ec0",
2026-09-30T20:03:49.3603452Z         "url": "https://conda.anaconda.org/conda-forge/linux-64/fonttools-4.66.1-py311h92159aa_0.conda",
2026-09-30T20:03:49.3603922Z         "version": "4.66.1"
2026-09-30T20:03:49.3604134Z     },
2026-09-30T20:03:49.3604303Z     {
2026-09-30T20:03:49.3604538Z         "base_url": "https://conda.anaconda.org/conda-forge",
2026-09-30T20:03:49.3604855Z         "build_number": 5,
2026-09-30T20:03:49.3605087Z         "build_string": "hd8ed1ab_5",
2026-09-30T20:03:49.3605343Z         "channel": "conda-forge",
2026-09-30T20:03:49.3605608Z         "dist_name": "freesasa-2.2.1-hd8ed1ab_5",
2026-09-30T20:03:49.3605916Z         "md5": "2d93ef3ecf39a1bdabd813c96d205a3b",
2026-09-30T20:03:49.3606200Z         "name": "freesasa",
2026-09-30T20:03:49.3606431Z         "platform": "noarch",
2026-09-30T20:03:49.3606788Z         "sha256": "ac83d523dde3ae3aaccd36488dd092ac331b91138b0a9977def9100ae3cdd293",
2026-09-30T20:03:49.3607351Z         "url": "https://conda.anaconda.org/conda-forge/noarch/freesasa-2.2.1-hd8ed1ab_5.conda",
2026-09-30T20:03:49.3607778Z         "version": "2.2.1"
2026-09-30T20:03:49.3607984Z     },
2026-09-30T20:03:49.3608149Z     {
2026-09-30T20:03:49.3608382Z         "base_url": "https://conda.anaconda.org/conda-forge",
2026-09-30T20:03:49.3608697Z         "build_number": 1,
2026-09-30T20:03:49.3608927Z         "build_string": "py311h49ec1c0_1",
2026-09-30T20:03:49.3609196Z         "channel": "conda-forge",
2026-09-30T20:03:49.3609500Z         "dist_name": "freesasa-python-2.2.1-py311h49ec1c0_1",
2026-09-30T20:03:49.3609833Z         "md5": "dd8e3ea54e06711e81ec3d13460b370b",
2026-09-30T20:03:49.3610267Z         "name": "freesasa-python",
2026-09-30T20:03:49.3610539Z         "platform": "linux-64",
2026-09-30T20:03:49.3610902Z         "sha256": "d506835cb4ae52d62687af948256a79050ff0ae362b0ffa7f6c4fc9ed46c5f23",
2026-09-30T20:03:49.3611533Z         "url": "https://conda.anaconda.org/conda-forge/linux-64/freesasa-python-2.2.1-py311h49ec1c0_1.conda",
2026-09-30T20:03:49.3612024Z         "version": "2.2.1"
2026-09-30T20:03:49.3612229Z     },
2026-09-30T20:03:49.3612394Z     {
2026-09-30T20:03:49.3612638Z         "base_url": "https://conda.anaconda.org/conda-forge",
2026-09-30T20:03:49.3612950Z         "build_number": 2,
2026-09-30T20:03:49.3613175Z         "build_string": "ha770c72_2",
2026-09-30T20:03:49.3613428Z         "channel": "conda-forge",
2026-09-30T20:03:49.3613695Z         "dist_name": "freetype-2.14.3-ha770c72_2",
2026-09-30T20:03:49.3613995Z         "md5": "2d0ea23b23603e07ca47f23f949f67b6",
2026-09-30T20:03:49.3614268Z         "name": "freetype",
2026-09-30T20:03:49.3614492Z         "platform": "linux-64",
2026-09-30T20:03:49.3614860Z         "sha256": "612a8e0c1a6ecae23da54d81ef395f6ebb5c8e4468ec2611593ebce75876a4e0",
2026-09-30T20:03:49.3615427Z         "url": "https://conda.anaconda.org/conda-forge/linux-64/freetype-2.14.3-ha770c72_2.conda",
2026-09-30T20:03:49.3615869Z         "version": "2.14.3"
2026-09-30T20:03:49.3616080Z     },
2026-09-30T20:03:49.3616250Z     {
2026-09-30T20:03:49.3616484Z         "base_url": "https://conda.anaconda.org/conda-forge",
2026-09-30T20:03:49.3616796Z         "build_number": 0,
2026-09-30T20:03:49.3617031Z         "build_string": "pyhd8ed1ab_0",
2026-09-30T20:03:49.3617294Z         "channel": "conda-forge",
2026-09-30T20:03:49.3617575Z         "dist_name": "freetype-py-2.3.0-pyhd8ed1ab_0",
2026-09-30T20:03:49.3617895Z         "md5": "e4a165cdbbaed5bbb6e653b823156151",
2026-09-30T20:03:49.3618298Z         "name": "freetype-py",
2026-09-30T20:03:49.3618538Z         "platform": "noarch",
2026-09-30T20:03:49.3618899Z         "sha256": "bfa5ddb943992643a2ee2e258507beac2bdb17825e74d05f1bb0b79bb2c924fc",
2026-09-30T20:03:49.3619589Z         "url": "https://conda.anaconda.org/conda-forge/noarch/freetype-py-2.3.0-pyhd8ed1ab_0.tar.bz2",
2026-09-30T20:03:49.3620040Z         "version": "2.3.0"
2026-09-30T20:03:49.3620389Z     },
2026-09-30T20:03:49.3620555Z     {
2026-09-30T20:03:49.3620785Z         "base_url": "https://conda.anaconda.org/conda-forge",
2026-09-30T20:03:49.3621093Z         "build_number": 0,
2026-09-30T20:03:49.3621315Z         "build_string": "h7cc23a3_0",
2026-09-30T20:03:49.3621570Z         "channel": "conda-forge",
2026-09-30T20:03:49.3621829Z         "dist_name": "fribidi-1.0.17-h7cc23a3_0",
2026-09-30T20:03:49.3622133Z         "md5": "f9d5302bca196ee87e62f393f2626562",
2026-09-30T20:03:49.3622403Z         "name": "fribidi",
2026-09-30T20:03:49.3622631Z         "platform": "linux-64",
2026-09-30T20:03:49.3623008Z         "sha256": "3ba79ebfbd14ca5db4affaf10ee8001064e907de5baabc2dbe5bcd9aec856c9f",
2026-09-30T20:03:49.3623580Z         "url": "https://conda.anaconda.org/conda-forge/linux-64/fribidi-1.0.17-h7cc23a3_0.conda",
2026-09-30T20:03:49.3624015Z         "version": "1.0.17"
2026-09-30T20:03:49.3624221Z     },
2026-09-30T20:03:49.3624390Z     {
2026-09-30T20:03:49.3624623Z         "base_url": "https://conda.anaconda.org/conda-forge",
2026-09-30T20:03:49.3624941Z         "build_number": 0,
2026-09-30T20:03:49.3625172Z         "build_string": "pyhd8ed1ab_0",
2026-09-30T20:03:49.3625434Z         "channel": "conda-forge",
2026-09-30T20:03:49.3625704Z         "dist_name": "fsspec-2026.9.0-pyhd8ed1ab_0",
2026-09-30T20:03:49.3626008Z         "md5": "42de5cd170647599a84f468a42fabb89",
2026-09-30T20:03:49.3626280Z         "name": "fsspec",
2026-09-30T20:03:49.3626497Z         "platform": "noarch",
2026-09-30T20:03:49.3626843Z         "sha256": "7d17272012e7479ba58f8a72b522d3e88e6837a04a111a278ff417aa82364255",
2026-09-30T20:03:49.3627396Z         "url": "https://conda.anaconda.org/conda-forge/noarch/fsspec-2026.9.0-pyhd8ed1ab_0.conda",
2026-09-30T20:03:49.3627826Z         "version": "2026.9.0"
2026-09-30T20:03:49.3628047Z     },
2026-09-30T20:03:49.3628213Z     {
2026-09-30T20:03:49.3628445Z         "base_url": "https://conda.anaconda.org/conda-forge",
2026-09-30T20:03:49.3628755Z         "build_number": 0,
2026-09-30T20:03:49.3628989Z         "build_string": "py311h5b8264c_0",
2026-09-30T20:03:49.3629258Z         "channel": "conda-forge",
2026-09-30T20:03:49.3629521Z         "dist_name": "gemmi-0.7.5-py311h5b8264c_0",
2026-09-30T20:03:49.3629825Z         "md5": "ebe442ad04b4f7934d8a7625138aa080",
2026-09-30T20:03:49.3630220Z         "name": "gemmi",
2026-09-30T20:03:49.3630446Z         "platform": "linux-64",
2026-09-30T20:03:49.3630810Z         "sha256": "042ec01dd188ae01d5e3432f5eaaa184b61845dace6ef0b9677f18ea31cb8f87",
2026-09-30T20:03:49.3631387Z         "url": "https://conda.anaconda.org/conda-forge/linux-64/gemmi-0.7.5-py311h5b8264c_0.conda",
2026-09-30T20:03:49.3631824Z         "version": "0.7.5"
2026-09-30T20:03:49.3632027Z     },
2026-09-30T20:03:49.3632194Z     {
2026-09-30T20:03:49.3632429Z         "base_url": "https://conda.anaconda.org/conda-forge",
2026-09-30T20:03:49.3632736Z         "build_number": 0,
2026-09-30T20:03:49.3632971Z         "build_string": "pl5440h3795e67_0",
2026-09-30T20:03:49.3633238Z         "channel": "conda-forge",
2026-09-30T20:03:49.3633496Z         "dist_name": "git-2.56.0-pl5440h3795e67_0",
2026-09-30T20:03:49.3633798Z         "md5": "6dbccc130bb4e4f86c9d97af2b787a2a",
2026-09-30T20:03:49.3634078Z         "name": "git",
2026-09-30T20:03:49.3634288Z         "platform": "linux-64",
2026-09-30T20:03:49.3634644Z         "sha256": "d5654608f2bed18580fa05e22d80093fc746cc70dea1d6a208e7a9f65b1888e0",
2026-09-30T20:03:49.3635199Z         "url": "https://conda.anaconda.org/conda-forge/linux-64/git-2.56.0-pl5440h3795e67_0.conda",
2026-09-30T20:03:49.3635751Z         "version": "2.56.0"
2026-09-30T20:03:49.3635966Z     },
2026-09-30T20:03:49.3636133Z     {
2026-09-30T20:03:49.3636328Z         "base_url": "https://pypi.org/",
2026-09-30T20:03:49.3636594Z         "build_number": 0,
2026-09-30T20:03:49.3637002Z         "build_string": "pypi_0",
2026-09-30T20:03:49.3637249Z         "channel": "pypi",
2026-09-30T20:03:49.3637482Z         "dist_name": "gitdb-4.0.12-pypi_0",
2026-09-30T20:03:49.3637743Z         "md5": "",
2026-09-30T20:03:49.3637935Z         "name": "gitdb",
2026-09-30T20:03:49.3638159Z         "platform": "linux-x86_64",
2026-09-30T20:03:49.3638402Z         "sha256": "",
2026-09-30T20:03:49.3638608Z         "url": "",
2026-09-30T20:03:49.3638802Z         "version": "4.0.12"
2026-09-30T20:03:49.3639012Z     },
2026-09-30T20:03:49.3639180Z     {
2026-09-30T20:03:49.3639421Z         "base_url": "https://conda.anaconda.org/conda-forge",
2026-09-30T20:03:49.3639747Z         "build_number": 3,
2026-09-30T20:03:49.3639980Z         "build_string": "hfd2156b_3",
2026-09-30T20:03:49.3640378Z         "channel": "conda-forge",
2026-09-30T20:03:49.3640631Z         "dist_name": "gmp-6.3.0-hfd2156b_3",
2026-09-30T20:03:49.3640918Z         "md5": "576e32739f323438bf69ab006c21be7b",
2026-09-30T20:03:49.3641191Z         "name": "gmp",
2026-09-30T20:03:49.3641407Z         "platform": "linux-64",
2026-09-30T20:03:49.3641769Z         "sha256": "f36c336efc874f346a53a9011f67e997f9faac505562cc18c13b6d399cfe61c7",
2026-09-30T20:03:49.3642308Z         "url": "https://conda.anaconda.org/conda-forge/linux-64/gmp-6.3.0-hfd2156b_3.conda",
2026-09-30T20:03:49.3642720Z         "version": "6.3.0"
2026-09-30T20:03:49.3642934Z     },
2026-09-30T20:03:49.3643094Z     {
2026-09-30T20:03:49.3643321Z         "base_url": "https://conda.anaconda.org/conda-forge",
2026-09-30T20:03:49.3643630Z         "build_number": 1,
2026-09-30T20:03:49.3643861Z         "build_string": "py311hbc40be8_1",
2026-09-30T20:03:49.3644132Z         "channel": "conda-forge",
2026-09-30T20:03:49.3644398Z         "dist_name": "gmpy2-2.3.1-py311hbc40be8_1",
2026-09-30T20:03:49.3644697Z         "md5": "61b78310a24b1a80c97ee03db671c0b6",
2026-09-30T20:03:49.3644964Z         "name": "gmpy2",
2026-09-30T20:03:49.3645180Z         "platform": "linux-64",
2026-09-30T20:03:49.3645537Z         "sha256": "8b56942e4905760d01db4f5b0d12a309b3aa0864ef23830727efdc8799dff18a",
2026-09-30T20:03:49.3646101Z         "url": "https://conda.anaconda.org/conda-forge/linux-64/gmpy2-2.3.1-py311hbc40be8_1.conda",
2026-09-30T20:03:49.3646543Z         "version": "2.3.1"
2026-09-30T20:03:49.3646748Z     },
2026-09-30T20:03:49.3646909Z     {
2026-09-30T20:03:49.3647138Z         "base_url": "https://conda.anaconda.org/conda-forge",
2026-09-30T20:03:49.3647448Z         "build_number": 1,
2026-09-30T20:03:49.3647666Z         "build_string": "h54a6638_1",
2026-09-30T20:03:49.3647915Z         "channel": "conda-forge",
2026-09-30T20:03:49.3648171Z         "dist_name": "graphite2-1.3.15-h54a6638_1",
2026-09-30T20:03:49.3648474Z         "md5": "f9fe2984587fa8235a6af6004760cd18",
2026-09-30T20:03:49.3648750Z         "name": "graphite2",
2026-09-30T20:03:49.3648978Z         "platform": "linux-64",
2026-09-30T20:03:49.3649336Z         "sha256": "7fa3b6a9c081fa3e545573152a788d061a0a0ba57df7251cc0f4f75225fc93e7",
2026-09-30T20:03:49.3649907Z         "url": "https://conda.anaconda.org/conda-forge/linux-64/graphite2-1.3.15-h54a6638_1.conda",
2026-09-30T20:03:49.3650498Z         "version": "1.3.15"
2026-09-30T20:03:49.3650708Z     },
2026-09-30T20:03:49.3650871Z     {
2026-09-30T20:03:49.3651101Z         "base_url": "https://conda.anaconda.org/conda-forge",
2026-09-30T20:03:49.3651411Z         "build_number": 0,
2026-09-30T20:03:49.3651638Z         "build_string": "pyhcf101f3_0",
2026-09-30T20:03:49.3651899Z         "channel": "conda-forge",
2026-09-30T20:03:49.3652157Z         "dist_name": "h2-4.4.1-pyhcf101f3_0",
2026-09-30T20:03:49.3652451Z         "md5": "e652ac7756069c456d0da2a922cd7df5",
2026-09-30T20:03:49.3652720Z         "name": "h2",
2026-09-30T20:03:49.3653054Z         "platform": "noarch",
2026-09-30T20:03:49.3653415Z         "sha256": "307dd6ec90140c3cf4171071b0e5e870abec314f4565c1edd5bc433e942cdcc0",
2026-09-30T20:03:49.3653963Z         "url": "https://conda.anaconda.org/conda-forge/noarch/h2-4.4.1-pyhcf101f3_0.conda",
2026-09-30T20:03:49.3654481Z         "version": "4.4.1"
2026-09-30T20:03:49.3654690Z     },
2026-09-30T20:03:49.3654859Z     {
2026-09-30T20:03:49.3655117Z         "base_url": "https://pypi.org/",
2026-09-30T20:03:49.3655546Z         "build_number": 0,
2026-09-30T20:03:49.3655883Z         "build_string": "pypi_0",
2026-09-30T20:03:49.3656216Z         "channel": "pypi",
2026-09-30T20:03:49.3656666Z         "dist_name": "h5py-3.16.0-pypi_0",
2026-09-30T20:03:49.3657017Z         "md5": "",
2026-09-30T20:03:49.3657329Z         "name": "h5py",
2026-09-30T20:03:49.3657662Z         "platform": "linux-x86_64",
2026-09-30T20:03:49.3657999Z         "sha256": "",
2026-09-30T20:03:49.3658336Z         "url": "",
2026-09-30T20:03:49.3658662Z         "version": "3.16.0"
2026-09-30T20:03:49.3658952Z     },
2026-09-30T20:03:49.3659276Z     {
2026-09-30T20:03:49.3659614Z         "base_url": "https://conda.anaconda.org/conda-forge",
2026-09-30T20:03:49.3660294Z         "build_number": 7,
2026-09-30T20:03:49.3660633Z         "build_string": "h2a13503_7",
2026-09-30T20:03:49.3660968Z         "channel": "conda-forge",
2026-09-30T20:03:49.3661390Z         "dist_name": "hdf4-4.2.15-h2a13503_7",
2026-09-30T20:03:49.3661779Z         "md5": "bd77f8da987968ec3927990495dc22e4",
2026-09-30T20:03:49.3662173Z         "name": "hdf4",
2026-09-30T20:03:49.3662531Z         "platform": "linux-64",
2026-09-30T20:03:49.3672372Z         "sha256": "0d09b6dc1ce5c4005ae1c6a19dc10767932ef9a5e9c755cfdbb5189ac8fb0684",
2026-09-30T20:03:49.3672976Z         "url": "https://conda.anaconda.org/conda-forge/linux-64/hdf4-4.2.15-h2a13503_7.conda",
2026-09-30T20:03:49.3673418Z         "version": "4.2.15"
2026-09-30T20:03:49.3673640Z     },
2026-09-30T20:03:49.3673816Z     {
2026-09-30T20:03:49.3674079Z         "base_url": "https://conda.anaconda.org/conda-forge",
2026-09-30T20:03:49.3674409Z         "build_number": 100,
2026-09-30T20:03:49.3674661Z         "build_string": "nompi_hc529623_100",
2026-09-30T20:03:49.3674944Z         "channel": "conda-forge",
2026-09-30T20:03:49.3675224Z         "dist_name": "hdf5-2.2.0-nompi_hc529623_100",
2026-09-30T20:03:49.3675542Z         "md5": "336f7fb9af0c49cc246e2cff0992c3c4",
2026-09-30T20:03:49.3675826Z         "name": "hdf5",
2026-09-30T20:03:49.3676050Z         "platform": "linux-64",
2026-09-30T20:03:49.3676422Z         "sha256": "786d126bfb33b923dd1341a92c2a3edd0ff5d0a71db8557fca9324ea4e93d677",
2026-09-30T20:03:49.3677011Z         "url": "https://conda.anaconda.org/conda-forge/linux-64/hdf5-2.2.0-nompi_hc529623_100.conda",
2026-09-30T20:03:49.3677453Z         "version": "2.2.0"
2026-09-30T20:03:49.3677662Z     },
2026-09-30T20:03:49.3677833Z     {
2026-09-30T20:03:49.3678073Z         "base_url": "https://conda.anaconda.org/conda-forge",
2026-09-30T20:03:49.3678395Z         "build_number": 0,
2026-09-30T20:03:49.3678638Z         "build_string": "pyhd8ed1ab_0",
2026-09-30T20:03:49.3678911Z         "channel": "conda-forge",
2026-09-30T20:03:49.3679180Z         "dist_name": "hpack-4.2.0-pyhd8ed1ab_0",
2026-09-30T20:03:49.3679488Z         "md5": "b395909221b9bd1df066e5930e18855b",
2026-09-30T20:03:49.3679765Z         "name": "hpack",
2026-09-30T20:03:49.3679988Z         "platform": "noarch",
2026-09-30T20:03:49.3680524Z         "sha256": "fdcea5d7cb314485d3907192ef024c704311548c5b0cbeb390cd1951051e29d2",
2026-09-30T20:03:49.3680774Z         "url": "https://conda.anaconda.org/conda-forge/noarch/hpack-4.2.0-pyhd8ed1ab_0.conda",
2026-09-30T20:03:49.3680858Z         "version": "4.2.0"
2026-09-30T20:03:49.3680935Z     },
2026-09-30T20:03:49.3681005Z     {
2026-09-30T20:03:49.3681158Z         "base_url": "https://conda.anaconda.org/conda-forge",
2026-09-30T20:03:49.3681246Z         "build_number": 0,
2026-09-30T20:03:49.3681341Z         "build_string": "pyhd8ed1ab_0",
2026-09-30T20:03:49.3681610Z         "channel": "conda-forge",
2026-09-30T20:03:49.3681745Z         "dist_name": "hyperframe-6.1.0-pyhd8ed1ab_0",
2026-09-30T20:03:49.3681859Z         "md5": "8e6923fc12f1fe8f8c4e5c9f343256ac",
2026-09-30T20:03:49.3682049Z         "name": "hyperframe",
2026-09-30T20:03:49.3682141Z         "platform": "noarch",
2026-09-30T20:03:49.3682359Z         "sha256": "77af6f5fe8b62ca07d09ac60127a30d9069fdc3c68d6b256754d0ffb1f7779f8",
2026-09-30T20:03:49.3682633Z         "url": "https://conda.anaconda.org/conda-forge/noarch/hyperframe-6.1.0-pyhd8ed1ab_0.conda",
2026-09-30T20:03:49.3682722Z         "version": "6.1.0"
2026-09-30T20:03:49.3682792Z     },
2026-09-30T20:03:49.3682868Z     {
2026-09-30T20:03:49.3683013Z         "base_url": "https://conda.anaconda.org/conda-forge",
2026-09-30T20:03:49.3683102Z         "build_number": 2,
2026-09-30T20:03:49.3683199Z         "build_string": "py310h44b86e0_2",
2026-09-30T20:03:49.3683295Z         "channel": "conda-forge",
2026-09-30T20:03:49.3683408Z         "dist_name": "icu-78.3-py310h44b86e0_2",
2026-09-30T20:03:49.3683522Z         "md5": "72a381cbad04f24b1c2a43ef707f45b4",
2026-09-30T20:03:49.3683605Z         "name": "icu",
2026-09-30T20:03:49.3683694Z         "platform": "linux-64",
2026-09-30T20:03:49.3683911Z         "sha256": "9f07834f0c546ab14d885ce0366285f61f44e326c0edd1fc63b8294e113ae432",
2026-09-30T20:03:49.3684152Z         "url": "https://conda.anaconda.org/conda-forge/linux-64/icu-78.3-py310h44b86e0_2.conda",
2026-09-30T20:03:49.3684239Z         "version": "78.3"
2026-09-30T20:03:49.3684315Z     },
2026-09-30T20:03:49.3684384Z     {
2026-09-30T20:03:49.3684529Z         "base_url": "https://conda.anaconda.org/conda-forge",
2026-09-30T20:03:49.3684611Z         "build_number": 0,
2026-09-30T20:03:49.3684711Z         "build_string": "pyh5ded981_0",
2026-09-30T20:03:49.3684799Z         "channel": "conda-forge",
2026-09-30T20:03:49.3684910Z         "dist_name": "idna-3.20-pyh5ded981_0",
2026-09-30T20:03:49.3685026Z         "md5": "ee73be987f9de9ea5c2fdaeefa7b6491",
2026-09-30T20:03:49.3685113Z         "name": "idna",
2026-09-30T20:03:49.3685205Z         "platform": "noarch",
2026-09-30T20:03:49.3685414Z         "sha256": "e044b1ec829e2e24f971fa3f3408eb26f1db836e521a58f08b0fd9a03fee47be",
2026-09-30T20:03:49.3685654Z         "url": "https://conda.anaconda.org/conda-forge/noarch/idna-3.20-pyh5ded981_0.conda",
2026-09-30T20:03:49.3685737Z         "version": "3.20"
2026-09-30T20:03:49.3685815Z     },
2026-09-30T20:03:49.3685885Z     {
2026-09-30T20:03:49.3686028Z         "base_url": "https://conda.anaconda.org/conda-forge",
2026-09-30T20:03:49.3686116Z         "build_number": 0,
2026-09-30T20:03:49.3686208Z         "build_string": "pyhcf101f3_0",
2026-09-30T20:03:49.3686301Z         "channel": "conda-forge",
2026-09-30T20:03:49.3686439Z         "dist_name": "importlib-metadata-9.0.1-pyhcf101f3_0",
2026-09-30T20:03:49.3686553Z         "md5": "77ec68e0aa61c3fff9ecbf840f93d64e",
2026-09-30T20:03:49.3686648Z         "name": "importlib-metadata",
2026-09-30T20:03:49.3686742Z         "platform": "noarch",
2026-09-30T20:03:49.3686952Z         "sha256": "95a074a7d3f58b3494c068d4789c364dcb591c56b70ca6b12f149a540f9aeea4",
2026-09-30T20:03:49.3687250Z         "url": "https://conda.anaconda.org/conda-forge/noarch/importlib-metadata-9.0.1-pyhcf101f3_0.conda",
2026-09-30T20:03:49.3687342Z         "version": "9.0.1"
2026-09-30T20:03:49.3687413Z     },
2026-09-30T20:03:49.3687488Z     {
2026-09-30T20:03:49.3687625Z         "base_url": "https://conda.anaconda.org/conda-forge",
2026-09-30T20:03:49.3687712Z         "build_number": 0,
2026-09-30T20:03:49.3687804Z         "build_string": "pyhd8ed1ab_0",
2026-09-30T20:03:49.3687900Z         "channel": "conda-forge",
2026-09-30T20:03:49.3688046Z         "dist_name": "importlib_resources-7.1.0-pyhd8ed1ab_0",
2026-09-30T20:03:49.3688153Z         "md5": "0ba6225c279baf7ea9473a62ea0ec9ae",
2026-09-30T20:03:49.3688256Z         "name": "importlib_resources",
2026-09-30T20:03:49.3688341Z         "platform": "noarch",
2026-09-30T20:03:49.3688642Z         "sha256": "a563a51aa522998172838e867e6dedcf630bc45796e8612f5a1f6d73e9c8125a",
2026-09-30T20:03:49.3688945Z         "url": "https://conda.anaconda.org/conda-forge/noarch/importlib_resources-7.1.0-pyhd8ed1ab_0.conda",
2026-09-30T20:03:49.3689116Z         "version": "7.1.0"
2026-09-30T20:03:49.3689195Z     },
2026-09-30T20:03:49.3689268Z     {
2026-09-30T20:03:49.3689436Z         "base_url": "https://conda.anaconda.org/conda-forge",
2026-09-30T20:03:49.3689519Z         "build_number": 0,
2026-09-30T20:03:49.3689621Z         "build_string": "pyhd8ed1ab_0",
2026-09-30T20:03:49.3689709Z         "channel": "conda-forge",
2026-09-30T20:03:49.3689838Z         "dist_name": "iniconfig-2.3.0-pyhd8ed1ab_0",
2026-09-30T20:03:49.3689949Z         "md5": "9614359868482abba1bd15ce465e3c42",
2026-09-30T20:03:49.3690036Z         "name": "iniconfig",
2026-09-30T20:03:49.3690276Z         "platform": "noarch",
2026-09-30T20:03:49.3690506Z         "sha256": "e1a9e3b1c8fe62dc3932a616c284b5d8cbe3124bbfbedcf4ce5c828cb166ee19",
2026-09-30T20:03:49.3690773Z         "url": "https://conda.anaconda.org/conda-forge/noarch/iniconfig-2.3.0-pyhd8ed1ab_0.conda",
2026-09-30T20:03:49.3690855Z         "version": "2.3.0"
2026-09-30T20:03:49.3690932Z     },
2026-09-30T20:03:49.3691016Z     {
2026-09-30T20:03:49.3691153Z         "base_url": "https://conda.anaconda.org/conda-forge",
2026-09-30T20:03:49.3691243Z         "build_number": 0,
2026-09-30T20:03:49.3691337Z         "build_string": "pyhd8ed1ab_0",
2026-09-30T20:03:49.3691430Z         "channel": "conda-forge",
2026-09-30T20:03:49.3691538Z         "dist_name": "jax-0.7.1-pyhd8ed1ab_0",
2026-09-30T20:03:49.3691649Z         "md5": "c622098117be05b9f3a1e26960eaeb5a",
2026-09-30T20:03:49.3691728Z         "name": "jax",
2026-09-30T20:03:49.3691823Z         "platform": "noarch",
2026-09-30T20:03:49.3692020Z         "sha256": "93650448b53f1a0f9062b9556705065b56517c434458e452258248558050091b",
2026-09-30T20:03:49.3692260Z         "url": "https://conda.anaconda.org/conda-forge/noarch/jax-0.7.1-pyhd8ed1ab_0.conda",
2026-09-30T20:03:49.3692347Z         "version": "0.7.1"
2026-09-30T20:03:49.3692418Z     },
2026-09-30T20:03:49.3692497Z     {
2026-09-30T20:03:49.3692639Z         "base_url": "https://conda.anaconda.org/conda-forge",
2026-09-30T20:03:49.3692730Z         "build_number": 0,
2026-09-30T20:03:49.3692839Z         "build_string": "cpu_py311he1b3896_0",
2026-09-30T20:03:49.3692926Z         "channel": "conda-forge",
2026-09-30T20:03:49.3693054Z         "dist_name": "jaxlib-0.7.1-cpu_py311he1b3896_0",
2026-09-30T20:03:49.3693155Z         "md5": "8a686a16a29768918b503fe9b10d4e9e",
2026-09-30T20:03:49.3693243Z         "name": "jaxlib",
2026-09-30T20:03:49.3693332Z         "platform": "linux-64",
2026-09-30T20:03:49.3693549Z         "sha256": "0de558476f69edb2b38f868b48c82dbbb5ce15b48a056fb075d1deaa3044675b",
2026-09-30T20:03:49.3693833Z         "url": "https://conda.anaconda.org/conda-forge/linux-64/jaxlib-0.7.1-cpu_py311he1b3896_0.conda",
2026-09-30T20:03:49.3693913Z         "version": "0.7.1"
2026-09-30T20:03:49.3693993Z     },
2026-09-30T20:03:49.3694063Z     {
2026-09-30T20:03:49.3694205Z         "base_url": "https://conda.anaconda.org/conda-forge",
2026-09-30T20:03:49.3694287Z         "build_number": 1,
2026-09-30T20:03:49.3694388Z         "build_string": "pyhcf101f3_1",
2026-09-30T20:03:49.3694474Z         "channel": "conda-forge",
2026-09-30T20:03:49.3694587Z         "dist_name": "jinja2-3.1.6-pyhcf101f3_1",
2026-09-30T20:03:49.3694690Z         "md5": "04558c96691bed63104678757beb4f8d",
2026-09-30T20:03:49.3694770Z         "name": "jinja2",
2026-09-30T20:03:49.3694858Z         "platform": "noarch",
2026-09-30T20:03:49.3695070Z         "sha256": "fc9ca7348a4f25fed2079f2153ecdcf5f9cf2a0bc36c4172420ca09e1849df7b",
2026-09-30T20:03:49.3695317Z         "url": "https://conda.anaconda.org/conda-forge/noarch/jinja2-3.1.6-pyhcf101f3_1.conda",
2026-09-30T20:03:49.3695394Z         "version": "3.1.6"
2026-09-30T20:03:49.3695472Z     },
2026-09-30T20:03:49.3695549Z     {
2026-09-30T20:03:49.3695804Z         "base_url": "https://conda.anaconda.org/conda-forge",
2026-09-30T20:03:49.3695898Z         "build_number": 0,
2026-09-30T20:03:49.3695988Z         "build_string": "pyhcf101f3_0",
2026-09-30T20:03:49.3696079Z         "channel": "conda-forge",
2026-09-30T20:03:49.3696290Z         "dist_name": "joblib-1.6.0-pyhcf101f3_0",
2026-09-30T20:03:49.3696410Z         "md5": "4ebc70ef1af2e21cdc8edb1bfa1ec28d",
2026-09-30T20:03:49.3696494Z         "name": "joblib",
2026-09-30T20:03:49.3696577Z         "platform": "noarch",
2026-09-30T20:03:49.3696789Z         "sha256": "96b76ace583404ce4fbc234baa6cdb3de485887913104d4ac51994f9b6656696",
2026-09-30T20:03:49.3697027Z         "url": "https://conda.anaconda.org/conda-forge/noarch/joblib-1.6.0-pyhcf101f3_0.conda",
2026-09-30T20:03:49.3697114Z         "version": "1.6.0"
2026-09-30T20:03:49.3697184Z     },
2026-09-30T20:03:49.3697259Z     {
2026-09-30T20:03:49.3697392Z         "base_url": "https://conda.anaconda.org/conda-forge",
2026-09-30T20:03:49.3697479Z         "build_number": 1,
2026-09-30T20:03:49.3697583Z         "build_string": "h7cc23a3_1",
2026-09-30T20:03:49.3697672Z         "channel": "conda-forge",
2026-09-30T20:03:49.3697783Z         "dist_name": "keyutils-1.6.3-h7cc23a3_1",
2026-09-30T20:03:49.3697890Z         "md5": "ba55d1b89fd7775e67de8291029b4059",
2026-09-30T20:03:49.3697977Z         "name": "keyutils",
2026-09-30T20:03:49.3698066Z         "platform": "linux-64",
2026-09-30T20:03:49.3698286Z         "sha256": "dd053c96dcb0dcfd59422aefea9d2fe937a190167f34fba7893ec1e10a7e8963",
2026-09-30T20:03:49.3698541Z         "url": "https://conda.anaconda.org/conda-forge/linux-64/keyutils-1.6.3-h7cc23a3_1.conda",
2026-09-30T20:03:49.3698621Z         "version": "1.6.3"
2026-09-30T20:03:49.3698699Z     },
2026-09-30T20:03:49.3698769Z     {
2026-09-30T20:03:49.3698915Z         "base_url": "https://conda.anaconda.org/conda-forge",
2026-09-30T20:03:49.3699001Z         "build_number": 3,
2026-09-30T20:03:49.3699106Z         "build_string": "py311h4c6fd42_3",
2026-09-30T20:03:49.3699206Z         "channel": "conda-forge",
2026-09-30T20:03:49.3699334Z         "dist_name": "kiwisolver-1.5.1-py311h4c6fd42_3",
2026-09-30T20:03:49.3699448Z         "md5": "257543ed82a917c48d01a16610d79a61",
2026-09-30T20:03:49.3699541Z         "name": "kiwisolver",
2026-09-30T20:03:49.3699637Z         "platform": "linux-64",
2026-09-30T20:03:49.3699854Z         "sha256": "984113fcd6ecce2256c476fca7f2de853f1da8f6eb8fdb42624027708f60ac44",
2026-09-30T20:03:49.3700282Z         "url": "https://conda.anaconda.org/conda-forge/linux-64/kiwisolver-1.5.1-py311h4c6fd42_3.conda",
2026-09-30T20:03:49.3700379Z         "version": "1.5.1"
2026-09-30T20:03:49.3700450Z     },
2026-09-30T20:03:49.3700524Z     {
2026-09-30T20:03:49.3700665Z         "base_url": "https://conda.anaconda.org/conda-forge",
2026-09-30T20:03:49.3700752Z         "build_number": 2,
2026-09-30T20:03:49.3700842Z         "build_string": "hbc21106_2",
2026-09-30T20:03:49.3700938Z         "channel": "conda-forge",
2026-09-30T20:03:49.3701044Z         "dist_name": "krb5-1.22.2-hbc21106_2",
2026-09-30T20:03:49.3701149Z         "md5": "53318d715316929a574f83591308b1f8",
2026-09-30T20:03:49.3701236Z         "name": "krb5",
2026-09-30T20:03:49.3701323Z         "platform": "linux-64",
2026-09-30T20:03:49.3701539Z         "sha256": "2a5c38c85e63df84c4e69ee71439841ce570d259ae3060627bb9a49a938d66f4",
2026-09-30T20:03:49.3701772Z         "url": "https://conda.anaconda.org/conda-forge/linux-64/krb5-1.22.2-hbc21106_2.conda",
2026-09-30T20:03:49.3701860Z         "version": "1.22.2"
2026-09-30T20:03:49.3701931Z     },
2026-09-30T20:03:49.3702006Z     {
2026-09-30T20:03:49.3702149Z         "base_url": "https://conda.anaconda.org/conda-forge",
2026-09-30T20:03:49.3702230Z         "build_number": 3,
2026-09-30T20:03:49.3702323Z         "build_string": "h9073bf1_3",
2026-09-30T20:03:49.3702410Z         "channel": "conda-forge",
2026-09-30T20:03:49.3702516Z         "dist_name": "lcms2-2.19.1-h9073bf1_3",
2026-09-30T20:03:49.3702615Z         "md5": "596464faa06e0b656b35416188ef9bba",
2026-09-30T20:03:49.3702821Z         "name": "lcms2",
2026-09-30T20:03:49.3702914Z         "platform": "linux-64",
2026-09-30T20:03:49.3703128Z         "sha256": "03e675b9adaf235aab880e4133c72f4830e87bc7da2df59d6194771612239b22",
2026-09-30T20:03:49.3703474Z         "url": "https://conda.anaconda.org/conda-forge/linux-64/lcms2-2.19.1-h9073bf1_3.conda",
2026-09-30T20:03:49.3703556Z         "version": "2.19.1"
2026-09-30T20:03:49.3703633Z     },
2026-09-30T20:03:49.3703702Z     {
2026-09-30T20:03:49.3703845Z         "base_url": "https://conda.anaconda.org/conda-forge",
2026-09-30T20:03:49.3703929Z         "build_number": 102,
2026-09-30T20:03:49.3704034Z         "build_string": "default_hbd61a6d_102",
2026-09-30T20:03:49.3704123Z         "channel": "conda-forge",
2026-09-30T20:03:49.3704285Z         "dist_name": "ld_impl_linux-64-2.46.1-default_hbd61a6d_102",
2026-09-30T20:03:49.3704390Z         "md5": "449500f2c089da11c40f5c21312e3e07",
2026-09-30T20:03:49.3704480Z         "name": "ld_impl_linux-64",
2026-09-30T20:03:49.3704573Z         "platform": "linux-64",
2026-09-30T20:03:49.3704784Z         "sha256": "27d83f1188cd19bcb7754a078b3fa7f4cfb8527f8eb2fde54dd01fc529d1adec",
2026-09-30T20:03:49.3705106Z         "url": "https://conda.anaconda.org/conda-forge/linux-64/ld_impl_linux-64-2.46.1-default_hbd61a6d_102.conda",
2026-09-30T20:03:49.3705191Z         "version": "2.46.1"
2026-09-30T20:03:49.3705267Z     },
2026-09-30T20:03:49.3705342Z     {
2026-09-30T20:03:49.3705477Z         "base_url": "https://conda.anaconda.org/conda-forge",
2026-09-30T20:03:49.3705564Z         "build_number": 0,
2026-09-30T20:03:49.3705650Z         "build_string": "hdb68285_0",
2026-09-30T20:03:49.3705741Z         "channel": "conda-forge",
2026-09-30T20:03:49.3705840Z         "dist_name": "lerc-4.2.0-hdb68285_0",
2026-09-30T20:03:49.3705951Z         "md5": "fb9d356b1a57d6d54768be7ebd5fce09",
2026-09-30T20:03:49.3706039Z         "name": "lerc",
2026-09-30T20:03:49.3706123Z         "platform": "linux-64",
2026-09-30T20:03:49.3706347Z         "sha256": "bf9fdebf55d8bc99d83531cdffda00703f4dc5f93a1a956768c147362c72feda",
2026-09-30T20:03:49.3706577Z         "url": "https://conda.anaconda.org/conda-forge/linux-64/lerc-4.2.0-hdb68285_0.conda",
2026-09-30T20:03:49.3706667Z         "version": "4.2.0"
2026-09-30T20:03:49.3706740Z     },
2026-09-30T20:03:49.3706808Z     {
2026-09-30T20:03:49.3706946Z         "base_url": "https://conda.anaconda.org/conda-forge",
2026-09-30T20:03:49.3707028Z         "build_number": 0,
2026-09-30T20:03:49.3707122Z         "build_string": "cxx17_hba17884_0",
2026-09-30T20:03:49.3707209Z         "channel": "conda-forge",
2026-09-30T20:03:49.3707334Z         "dist_name": "libabseil-20250512.1-cxx17_hba17884_0",
2026-09-30T20:03:49.3707437Z         "md5": "83b160d4da3e1e847bf044997621ed63",
2026-09-30T20:03:49.3707517Z         "name": "libabseil",
2026-09-30T20:03:49.3707603Z         "platform": "linux-64",
2026-09-30T20:03:49.3707807Z         "sha256": "dcd1429a1782864c452057a6c5bc1860f2b637dc20a2b7e6eacd57395bbceff8",
2026-09-30T20:03:49.3708097Z         "url": "https://conda.anaconda.org/conda-forge/linux-64/libabseil-20250512.1-cxx17_hba17884_0.conda",
2026-09-30T20:03:49.3708181Z         "version": "20250512.1"
2026-09-30T20:03:49.3708252Z     },
2026-09-30T20:03:49.3708328Z     {
2026-09-30T20:03:49.3708460Z         "base_url": "https://conda.anaconda.org/conda-forge",
2026-09-30T20:03:49.3708545Z         "build_number": 0,
2026-09-30T20:03:49.3708634Z         "build_string": "h088129d_0",
2026-09-30T20:03:49.3708719Z         "channel": "conda-forge",
2026-09-30T20:03:49.3708825Z         "dist_name": "libaec-1.1.5-h088129d_0",
2026-09-30T20:03:49.3708919Z         "md5": "86f7414544ae606282352fa1e116b41f",
2026-09-30T20:03:49.3709000Z         "name": "libaec",
2026-09-30T20:03:49.3709082Z         "platform": "linux-64",
2026-09-30T20:03:49.3709279Z         "sha256": "822e4ae421a7e9c04e841323526321185f6659222325e1a9aedec811c686e688",
2026-09-30T20:03:49.3709601Z         "url": "https://conda.anaconda.org/conda-forge/linux-64/libaec-1.1.5-h088129d_0.conda",
2026-09-30T20:03:49.3709682Z         "version": "1.1.5"
2026-09-30T20:03:49.3709751Z     },
2026-09-30T20:03:49.3709819Z     {
2026-09-30T20:03:49.3709954Z         "base_url": "https://conda.anaconda.org/conda-forge",
2026-09-30T20:03:49.3710252Z         "build_number": 6,
2026-09-30T20:03:49.3710357Z         "build_string": "6_h5875eb1_mkl",
2026-09-30T20:03:49.3710441Z         "channel": "conda-forge",
2026-09-30T20:03:49.3710555Z         "dist_name": "libblas-3.11.0-6_h5875eb1_mkl",
2026-09-30T20:03:49.3710660Z         "md5": "d03e4571f7876dcd4e530f3d07faf333",
2026-09-30T20:03:49.3710738Z         "name": "libblas",
2026-09-30T20:03:49.3710825Z         "platform": "linux-64",
2026-09-30T20:03:49.3711033Z         "sha256": "a73ec64c0f60a7733f82a679342bdad88e0230ba8243b12ece13a23aded431f4",
2026-09-30T20:03:49.3711293Z         "url": "https://conda.anaconda.org/conda-forge/linux-64/libblas-3.11.0-6_h5875eb1_mkl.conda",
2026-09-30T20:03:49.3711370Z         "version": "3.11.0"
2026-09-30T20:03:49.3711448Z     },
2026-09-30T20:03:49.3711520Z     {
2026-09-30T20:03:49.3711655Z         "base_url": "https://conda.anaconda.org/conda-forge",
2026-09-30T20:03:49.3711736Z         "build_number": 5,
2026-09-30T20:03:49.3711827Z         "build_string": "hd24cca6_5",
2026-09-30T20:03:49.3711913Z         "channel": "conda-forge",
2026-09-30T20:03:49.3712016Z         "dist_name": "libboost-1.86.0-hd24cca6_5",
2026-09-30T20:03:49.3712122Z         "md5": "0d46f3db184ec649d41c3dfbfe986742",
2026-09-30T20:03:49.3712202Z         "name": "libboost",
2026-09-30T20:03:49.3712288Z         "platform": "linux-64",
2026-09-30T20:03:49.3712497Z         "sha256": "a17ae9fd2af96eac7c29072b3e345ec3c2af42f18e33102633ab4440c1168ef7",
2026-09-30T20:03:49.3712744Z         "url": "https://conda.anaconda.org/conda-forge/linux-64/libboost-1.86.0-hd24cca6_5.conda",
2026-09-30T20:03:49.3712827Z         "version": "1.86.0"
2026-09-30T20:03:49.3712894Z     },
2026-09-30T20:03:49.3712968Z     {
2026-09-30T20:03:49.3713104Z         "base_url": "https://conda.anaconda.org/conda-forge",
2026-09-30T20:03:49.3713189Z         "build_number": 5,
2026-09-30T20:03:49.3713285Z         "build_string": "py311h1d5f577_5",
2026-09-30T20:03:49.3713370Z         "channel": "conda-forge",
2026-09-30T20:03:49.3713518Z         "dist_name": "libboost-python-1.86.0-py311h1d5f577_5",
2026-09-30T20:03:49.3713623Z         "md5": "ed2ed51a8fdda07928d4ae24dd402384",
2026-09-30T20:03:49.3713719Z         "name": "libboost-python",
2026-09-30T20:03:49.3713801Z         "platform": "linux-64",
2026-09-30T20:03:49.3714011Z         "sha256": "072d7c3bbcbea4d6c1f78bd032ea80416cc339e2bf32f1249ec91bb7308c3fa0",
2026-09-30T20:03:49.3714312Z         "url": "https://conda.anaconda.org/conda-forge/linux-64/libboost-python-1.86.0-py311h1d5f577_5.conda",
2026-09-30T20:03:49.3714390Z         "version": "1.86.0"
2026-09-30T20:03:49.3714460Z     },
2026-09-30T20:03:49.3714528Z     {
2026-09-30T20:03:49.3714663Z         "base_url": "https://conda.anaconda.org/conda-forge",
2026-09-30T20:03:49.3714746Z         "build_number": 4,
2026-09-30T20:03:49.3714838Z         "build_string": "h39a168f_4",
2026-09-30T20:03:49.3714927Z         "channel": "conda-forge",
2026-09-30T20:03:49.3715056Z         "dist_name": "libbrotlicommon-1.2.0-h39a168f_4",
2026-09-30T20:03:49.3715165Z         "md5": "df210655e30a05e3b069c91b7aaddd2d",
2026-09-30T20:03:49.3715255Z         "name": "libbrotlicommon",
2026-09-30T20:03:49.3715347Z         "platform": "linux-64",
2026-09-30T20:03:49.3715556Z         "sha256": "c4e9854c585f3ee1785f651287ecdf8c28f30a2ea1b159a513005f8a0f6453a3",
2026-09-30T20:03:49.3715855Z         "url": "https://conda.anaconda.org/conda-forge/linux-64/libbrotlicommon-1.2.0-h39a168f_4.conda",
2026-09-30T20:03:49.3715939Z         "version": "1.2.0"
2026-09-30T20:03:49.3716009Z     },
2026-09-30T20:03:49.3716083Z     {
2026-09-30T20:03:49.3716222Z         "base_url": "https://conda.anaconda.org/conda-forge",
2026-09-30T20:03:49.3716306Z         "build_number": 4,
2026-09-30T20:03:49.3716509Z         "build_string": "ha411449_4",
2026-09-30T20:03:49.3716605Z         "channel": "conda-forge",
2026-09-30T20:03:49.3716723Z         "dist_name": "libbrotlidec-1.2.0-ha411449_4",
2026-09-30T20:03:49.3716829Z         "md5": "0cfd601eb03cca403dcc248844787486",
2026-09-30T20:03:49.3717022Z         "name": "libbrotlidec",
2026-09-30T20:03:49.3717107Z         "platform": "linux-64",
2026-09-30T20:03:49.3717313Z         "sha256": "d5ed24da3e583a92227fe77280978b7933f07a39a2b60156c5ad95e5c76733fa",
2026-09-30T20:03:49.3717580Z         "url": "https://conda.anaconda.org/conda-forge/linux-64/libbrotlidec-1.2.0-ha411449_4.conda",
2026-09-30T20:03:49.3717664Z         "version": "1.2.0"
2026-09-30T20:03:49.3717733Z     },
2026-09-30T20:03:49.3717805Z     {
2026-09-30T20:03:49.3717942Z         "base_url": "https://conda.anaconda.org/conda-forge",
2026-09-30T20:03:49.3718020Z         "build_number": 4,
2026-09-30T20:03:49.3718108Z         "build_string": "h018ffa1_4",
2026-09-30T20:03:49.3718194Z         "channel": "conda-forge",
2026-09-30T20:03:49.3718309Z         "dist_name": "libbrotlienc-1.2.0-h018ffa1_4",
2026-09-30T20:03:49.3718410Z         "md5": "4136f6e4ef4835cc7df39a707cbd511c",
2026-09-30T20:03:49.3718495Z         "name": "libbrotlienc",
2026-09-30T20:03:49.3718581Z         "platform": "linux-64",
2026-09-30T20:03:49.3718785Z         "sha256": "b9f3cb510337655485c2e79ce5f7dd468991b19ad29723ffa1175a0aed1b69ae",
2026-09-30T20:03:49.3719048Z         "url": "https://conda.anaconda.org/conda-forge/linux-64/libbrotlienc-1.2.0-h018ffa1_4.conda",
2026-09-30T20:03:49.3719127Z         "version": "1.2.0"
2026-09-30T20:03:49.3719200Z     },
2026-09-30T20:03:49.3719270Z     {
2026-09-30T20:03:49.3719406Z         "base_url": "https://conda.anaconda.org/conda-forge",
2026-09-30T20:03:49.3719484Z         "build_number": 6,
2026-09-30T20:03:49.3719582Z         "build_string": "6_hfef963f_mkl",
2026-09-30T20:03:49.3719669Z         "channel": "conda-forge",
2026-09-30T20:03:49.3719788Z         "dist_name": "libcblas-3.11.0-6_hfef963f_mkl",
2026-09-30T20:03:49.3719894Z         "md5": "72cf77ee057f87d826f9b98cacd67a59",
2026-09-30T20:03:49.3719975Z         "name": "libcblas",
2026-09-30T20:03:49.3720061Z         "platform": "linux-64",
2026-09-30T20:03:49.3720401Z         "sha256": "d98a39a8e61af301bf67bf3fb946baff9686864886560cdd48d5259c080c58a5",
2026-09-30T20:03:49.3720668Z         "url": "https://conda.anaconda.org/conda-forge/linux-64/libcblas-3.11.0-6_hfef963f_mkl.conda",
2026-09-30T20:03:49.3720746Z         "version": "3.11.0"
2026-09-30T20:03:49.3720813Z     },
2026-09-30T20:03:49.3720883Z     {
2026-09-30T20:03:49.3721015Z         "base_url": "https://conda.anaconda.org/conda-forge",
2026-09-30T20:03:49.3721098Z         "build_number": 0,
2026-09-30T20:03:49.3721184Z         "build_string": "hd2095e1_0",
2026-09-30T20:03:49.3721270Z         "channel": "conda-forge",
2026-09-30T20:03:49.3721381Z         "dist_name": "libcufft-12.4.0.43-hd2095e1_0",
2026-09-30T20:03:49.3721483Z         "md5": "c3c98e06e6175db8a255cd221d63530e",
2026-09-30T20:03:49.3721572Z         "name": "libcufft",
2026-09-30T20:03:49.3721654Z         "platform": "linux-64",
2026-09-30T20:03:49.3721881Z         "sha256": "a1ddcadd2b8ff5f8faea8a88e534a03eeedc60fc9b30f979d6f74d7a70d96a3e",
2026-09-30T20:03:49.3722141Z         "url": "https://conda.anaconda.org/conda-forge/linux-64/libcufft-12.4.0.43-hd2095e1_0.conda",
2026-09-30T20:03:49.3722231Z         "version": "12.4.0.43"
2026-09-30T20:03:49.3722304Z     },
2026-09-30T20:03:49.3722373Z     {
2026-09-30T20:03:49.3722508Z         "base_url": "https://conda.anaconda.org/conda-forge",
2026-09-30T20:03:49.3722586Z         "build_number": 0,
2026-09-30T20:03:49.3722675Z         "build_string": "ha042cf0_0",
2026-09-30T20:03:49.3722758Z         "channel": "conda-forge",
2026-09-30T20:03:49.3722866Z         "dist_name": "libcurl-8.22.0-ha042cf0_0",
2026-09-30T20:03:49.3722970Z         "md5": "e617deee7af8eb0c04f6296d12b54157",
2026-09-30T20:03:49.3723050Z         "name": "libcurl",
2026-09-30T20:03:49.3723289Z         "platform": "linux-64",
2026-09-30T20:03:49.3723502Z         "sha256": "483b7eb97f56fbb3a9cb7190d33012dfa0a5aaed99ede61465563cd97dd82504",
2026-09-30T20:03:49.3723753Z         "url": "https://conda.anaconda.org/conda-forge/linux-64/libcurl-8.22.0-ha042cf0_0.conda",
2026-09-30T20:03:49.3723934Z         "version": "8.22.0"
2026-09-30T20:03:49.3724006Z     },
2026-09-30T20:03:49.3724079Z     {
2026-09-30T20:03:49.3724218Z         "base_url": "https://conda.anaconda.org/conda-forge",
2026-09-30T20:03:49.3724301Z         "build_number": 1,
2026-09-30T20:03:49.3724384Z         "build_string": "hd45a770_1",
2026-09-30T20:03:49.3724473Z         "channel": "conda-forge",
2026-09-30T20:03:49.3724577Z         "dist_name": "libdeflate-1.25-hd45a770_1",
2026-09-30T20:03:49.3724683Z         "md5": "40f9b31aa9cf007789867df0decd0492",
2026-09-30T20:03:49.3724765Z         "name": "libdeflate",
2026-09-30T20:03:49.3724851Z         "platform": "linux-64",
2026-09-30T20:03:49.3725060Z         "sha256": "82e134c8a08b1eed9a2ed8ab578b89aa1730dcde3dea8dd87645ed0637878e54",
2026-09-30T20:03:49.3725312Z         "url": "https://conda.anaconda.org/conda-forge/linux-64/libdeflate-1.25-hd45a770_1.conda",
2026-09-30T20:03:49.3725397Z         "version": "1.25"
2026-09-30T20:03:49.3725467Z     },
2026-09-30T20:03:49.3725538Z     {
2026-09-30T20:03:49.3725669Z         "base_url": "https://conda.anaconda.org/conda-forge",
2026-09-30T20:03:49.3725754Z         "build_number": 1,
2026-09-30T20:03:49.3725848Z         "build_string": "pl5321h373387f_1",
2026-09-30T20:03:49.3725936Z         "channel": "conda-forge",
2026-09-30T20:03:49.3726065Z         "dist_name": "libedit-3.1.20250104-pl5321h373387f_1",
2026-09-30T20:03:49.3726166Z         "md5": "50708d3b951d0f8e2d7f2df5b5edc040",
2026-09-30T20:03:49.3726249Z         "name": "libedit",
2026-09-30T20:03:49.3726332Z         "platform": "linux-64",
2026-09-30T20:03:49.3726550Z         "sha256": "6473eb8caf2aae830f37caa93db9b26dddf7ac84b63229e8bf7fc0e5c3ab95b0",
2026-09-30T20:03:49.3726843Z         "url": "https://conda.anaconda.org/conda-forge/linux-64/libedit-3.1.20250104-pl5321h373387f_1.conda",
2026-09-30T20:03:49.3726930Z         "version": "3.1.20250104"
2026-09-30T20:03:49.3727002Z     },
2026-09-30T20:03:49.3727077Z     {
2026-09-30T20:03:49.3727214Z         "base_url": "https://conda.anaconda.org/conda-forge",
2026-09-30T20:03:49.3727295Z         "build_number": 3,
2026-09-30T20:03:49.3727386Z         "build_string": "h280c20c_3",
2026-09-30T20:03:49.3727469Z         "channel": "conda-forge",
2026-09-30T20:03:49.3727570Z         "dist_name": "libev-4.33-h280c20c_3",
2026-09-30T20:03:49.3727671Z         "md5": "7bc31538d6e3fb349e897353969237ec",
2026-09-30T20:03:49.3727750Z         "name": "libev",
2026-09-30T20:03:49.3727838Z         "platform": "linux-64",
2026-09-30T20:03:49.3728031Z         "sha256": "e4418f68d01a6307c4431b585c71b584f40189877364e542ee87deb777f5e85b",
2026-09-30T20:03:49.3728265Z         "url": "https://conda.anaconda.org/conda-forge/linux-64/libev-4.33-h280c20c_3.conda",
2026-09-30T20:03:49.3728346Z         "version": "4.33"
2026-09-30T20:03:49.3728420Z     },
2026-09-30T20:03:49.3728487Z     {
2026-09-30T20:03:49.3728626Z         "base_url": "https://conda.anaconda.org/conda-forge",
2026-09-30T20:03:49.3728712Z         "build_number": 0,
2026-09-30T20:03:49.3728797Z         "build_string": "hd2095e1_0",
2026-09-30T20:03:49.3728882Z         "channel": "conda-forge",
2026-09-30T20:03:49.3728986Z         "dist_name": "libexpat-2.8.5-hd2095e1_0",
2026-09-30T20:03:49.3729086Z         "md5": "72cfd2b95b0540247220b42f58a148d7",
2026-09-30T20:03:49.3729165Z         "name": "libexpat",
2026-09-30T20:03:49.3729248Z         "platform": "linux-64",
2026-09-30T20:03:49.3729448Z         "sha256": "6de73033a7c5f712c9c5a54124e4581e025691029835e5bceaf10a333a7e7bc0",
2026-09-30T20:03:49.3729692Z         "url": "https://conda.anaconda.org/conda-forge/linux-64/libexpat-2.8.5-hd2095e1_0.conda",
2026-09-30T20:03:49.3729773Z         "version": "2.8.5"
2026-09-30T20:03:49.3729841Z     },
2026-09-30T20:03:49.3729996Z     {
2026-09-30T20:03:49.3730291Z         "base_url": "https://conda.anaconda.org/conda-forge",
2026-09-30T20:03:49.3730387Z         "build_number": 1,
2026-09-30T20:03:49.3730477Z         "build_string": "h81df57d_1",
2026-09-30T20:03:49.3730677Z         "channel": "conda-forge",
2026-09-30T20:03:49.3730782Z         "dist_name": "libffi-3.7.0-h81df57d_1",
2026-09-30T20:03:49.3730878Z         "md5": "6525a0b06aa4fd390795f0740636a9dd",
2026-09-30T20:03:49.3730957Z         "name": "libffi",
2026-09-30T20:03:49.3731039Z         "platform": "linux-64",
2026-09-30T20:03:49.3731239Z         "sha256": "c8c7583ef063bc3c430f1d48298e5ad24f796a35c22ed5b14183325825a61106",
2026-09-30T20:03:49.3731476Z         "url": "https://conda.anaconda.org/conda-forge/linux-64/libffi-3.7.0-h81df57d_1.conda",
2026-09-30T20:03:49.3731555Z         "version": "3.7.0"
2026-09-30T20:03:49.3731626Z     },
2026-09-30T20:03:49.3731695Z     {
2026-09-30T20:03:49.3731830Z         "base_url": "https://conda.anaconda.org/conda-forge",
2026-09-30T20:03:49.3731913Z         "build_number": 2,
2026-09-30T20:03:49.3732003Z         "build_string": "ha770c72_2",
2026-09-30T20:03:49.3732084Z         "channel": "conda-forge",
2026-09-30T20:03:49.3732202Z         "dist_name": "libfreetype-2.14.3-ha770c72_2",
2026-09-30T20:03:49.3732314Z         "md5": "f8054e759d0ddddaf34a5c8fedc900a1",
2026-09-30T20:03:49.3732398Z         "name": "libfreetype",
2026-09-30T20:03:49.3732485Z         "platform": "linux-64",
2026-09-30T20:03:49.3732695Z         "sha256": "fb12ecb46c30d18d928c0e8fc346ab13b5f6fc8a9cacae4f2f4bb188782586f5",
2026-09-30T20:03:49.3732962Z         "url": "https://conda.anaconda.org/conda-forge/linux-64/libfreetype-2.14.3-ha770c72_2.conda",
2026-09-30T20:03:49.3733039Z         "version": "2.14.3"
2026-09-30T20:03:49.3733111Z     },
2026-09-30T20:03:49.3733180Z     {
2026-09-30T20:03:49.3733314Z         "base_url": "https://conda.anaconda.org/conda-forge",
2026-09-30T20:03:49.3733395Z         "build_number": 2,
2026-09-30T20:03:49.3733483Z         "build_string": "h5e6c136_2",
2026-09-30T20:03:49.3733569Z         "channel": "conda-forge",
2026-09-30T20:03:49.3733685Z         "dist_name": "libfreetype6-2.14.3-h5e6c136_2",
2026-09-30T20:03:49.3733791Z         "md5": "b72a266a9317036fd0464cb98b027cd0",
2026-09-30T20:03:49.3733877Z         "name": "libfreetype6",
2026-09-30T20:03:49.3733965Z         "platform": "linux-64",
2026-09-30T20:03:49.3734174Z         "sha256": "ec607dd5445dd17ff6bf8b7fe6832e5504c226dd91d3aaea7ba83569808b0ce4",
2026-09-30T20:03:49.3734439Z         "url": "https://conda.anaconda.org/conda-forge/linux-64/libfreetype6-2.14.3-h5e6c136_2.conda",
2026-09-30T20:03:49.3734520Z         "version": "2.14.3"
2026-09-30T20:03:49.3734588Z     },
2026-09-30T20:03:49.3734660Z     {
2026-09-30T20:03:49.3734792Z         "base_url": "https://conda.anaconda.org/conda-forge",
2026-09-30T20:03:49.3734878Z         "build_number": 7,
2026-09-30T20:03:49.3734967Z         "build_string": "ha9f2e26_7",
2026-09-30T20:03:49.3735054Z         "channel": "conda-forge",
2026-09-30T20:03:49.3735162Z         "dist_name": "libgcc-16.2.0-ha9f2e26_7",
2026-09-30T20:03:49.3735262Z         "md5": "735629b400b70eeab21a2ba8f5b1c2ce",
2026-09-30T20:03:49.3735345Z         "name": "libgcc",
2026-09-30T20:03:49.3735431Z         "platform": "linux-64",
2026-09-30T20:03:49.3735631Z         "sha256": "e031634c3a928f9594eba868bc46ef5230d6571a364a0c63215b06c4563bfcea",
2026-09-30T20:03:49.3735876Z         "url": "https://conda.anaconda.org/conda-forge/linux-64/libgcc-16.2.0-ha9f2e26_7.conda",
2026-09-30T20:03:49.3735954Z         "version": "16.2.0"
2026-09-30T20:03:49.3736026Z     },
2026-09-30T20:03:49.3736094Z     {
2026-09-30T20:03:49.3736228Z         "base_url": "https://conda.anaconda.org/conda-forge",
2026-09-30T20:03:49.3736307Z         "build_number": 7,
2026-09-30T20:03:49.3736395Z         "build_string": "h69a702a_7",
2026-09-30T20:03:49.3736477Z         "channel": "conda-forge",
2026-09-30T20:03:49.3736589Z         "dist_name": "libgcc-ng-16.2.0-h69a702a_7",
2026-09-30T20:03:49.3736805Z         "md5": "2005515ac9340f816fb2ac7e83afe553",
2026-09-30T20:03:49.3736892Z         "name": "libgcc-ng",
2026-09-30T20:03:49.3736978Z         "platform": "linux-64",
2026-09-30T20:03:49.3737222Z         "sha256": "03b54d7008de080a17cc2174b0e4acd6d06e1c981b2eb19846f46d8f59966034",
2026-09-30T20:03:49.3737553Z         "url": "https://conda.anaconda.org/conda-forge/linux-64/libgcc-ng-16.2.0-h69a702a_7.conda",
2026-09-30T20:03:49.3737631Z         "version": "16.2.0"
2026-09-30T20:03:49.3737701Z     },
2026-09-30T20:03:49.3737771Z     {
2026-09-30T20:03:49.3737903Z         "base_url": "https://conda.anaconda.org/conda-forge",
2026-09-30T20:03:49.3737984Z         "build_number": 7,
2026-09-30T20:03:49.3738067Z         "build_string": "h69a702a_7",
2026-09-30T20:03:49.3738154Z         "channel": "conda-forge",
2026-09-30T20:03:49.3738268Z         "dist_name": "libgfortran-16.2.0-h69a702a_7",
2026-09-30T20:03:49.3738370Z         "md5": "3a8d285f5f22138ef826ad54cf267e73",
2026-09-30T20:03:49.3738459Z         "name": "libgfortran",
2026-09-30T20:03:49.3738542Z         "platform": "linux-64",
2026-09-30T20:03:49.3738751Z         "sha256": "9682ae4dd11487e10b904b3cb3ab6379cad25233d45fdfdf90d54349df244494",
2026-09-30T20:03:49.3739011Z         "url": "https://conda.anaconda.org/conda-forge/linux-64/libgfortran-16.2.0-h69a702a_7.conda",
2026-09-30T20:03:49.3739094Z         "version": "16.2.0"
2026-09-30T20:03:49.3739162Z     },
2026-09-30T20:03:49.3739232Z     {
2026-09-30T20:03:49.3739367Z         "base_url": "https://conda.anaconda.org/conda-forge",
2026-09-30T20:03:49.3739446Z         "build_number": 7,
2026-09-30T20:03:49.3739534Z         "build_string": "h6b99dfc_7",
2026-09-30T20:03:49.3739617Z         "channel": "conda-forge",
2026-09-30T20:03:49.3739734Z         "dist_name": "libgfortran5-16.2.0-h6b99dfc_7",
2026-09-30T20:03:49.3739838Z         "md5": "7719ed7be38ad8c492c4bd5cc2bce0c4",
2026-09-30T20:03:49.3739924Z         "name": "libgfortran5",
2026-09-30T20:03:49.3740009Z         "platform": "linux-64",
2026-09-30T20:03:49.3740358Z         "sha256": "04dbab12c925b92977bb835dd2f5eda413607afa79f95a554e5a04b07a380322",
2026-09-30T20:03:49.3740635Z         "url": "https://conda.anaconda.org/conda-forge/linux-64/libgfortran5-16.2.0-h6b99dfc_7.conda",
2026-09-30T20:03:49.3740717Z         "version": "16.2.0"
2026-09-30T20:03:49.3740786Z     },
2026-09-30T20:03:49.3740853Z     {
2026-09-30T20:03:49.3740988Z         "base_url": "https://conda.anaconda.org/conda-forge",
2026-09-30T20:03:49.3741065Z         "build_number": 0,
2026-09-30T20:03:49.3741152Z         "build_string": "h569388d_0",
2026-09-30T20:03:49.3741237Z         "channel": "conda-forge",
2026-09-30T20:03:49.3741337Z         "dist_name": "libglib-2.90.0-h569388d_0",
2026-09-30T20:03:49.3741440Z         "md5": "c85e9539551f1fd21104e518d940c244",
2026-09-30T20:03:49.3741515Z         "name": "libglib",
2026-09-30T20:03:49.3741601Z         "platform": "linux-64",
2026-09-30T20:03:49.3741797Z         "sha256": "9e688e046550415c030c3d08ed9a3fd13a51d7bc56295283b858b6c3070bb9f8",
2026-09-30T20:03:49.3742042Z         "url": "https://conda.anaconda.org/conda-forge/linux-64/libglib-2.90.0-h569388d_0.conda",
2026-09-30T20:03:49.3742124Z         "version": "2.90.0"
2026-09-30T20:03:49.3742196Z     },
2026-09-30T20:03:49.3742267Z     {
2026-09-30T20:03:49.3742400Z         "base_url": "https://conda.anaconda.org/conda-forge",
2026-09-30T20:03:49.3742483Z         "build_number": 7,
2026-09-30T20:03:49.3742568Z         "build_string": "he0feb66_7",
2026-09-30T20:03:49.3742654Z         "channel": "conda-forge",
2026-09-30T20:03:49.3742759Z         "dist_name": "libgomp-16.2.0-he0feb66_7",
2026-09-30T20:03:49.3742861Z         "md5": "d904c7ddd95e026254b4b80808ee9e12",
2026-09-30T20:03:49.3742942Z         "name": "libgomp",
2026-09-30T20:03:49.3743024Z         "platform": "linux-64",
2026-09-30T20:03:49.3743238Z         "sha256": "92a0bb350c7be6a4eedcb4e111c60aefd176018e6b1c009a6e025dbe9bbcd758",
2026-09-30T20:03:49.3743591Z         "url": "https://conda.anaconda.org/conda-forge/linux-64/libgomp-16.2.0-he0feb66_7.conda",
2026-09-30T20:03:49.3743677Z         "version": "16.2.0"
2026-09-30T20:03:49.3743745Z     },
2026-09-30T20:03:49.3743817Z     {
2026-09-30T20:03:49.3743953Z         "base_url": "https://conda.anaconda.org/conda-forge",
2026-09-30T20:03:49.3744132Z         "build_number": 1,
2026-09-30T20:03:49.3744219Z         "build_string": "h3288cfb_1",
2026-09-30T20:03:49.3744301Z         "channel": "conda-forge",
2026-09-30T20:03:49.3744401Z         "dist_name": "libgrpc-1.73.1-h3288cfb_1",
2026-09-30T20:03:49.3744502Z         "md5": "ff63bb12ac31c176ff257e3289f20770",
2026-09-30T20:03:49.3744584Z         "name": "libgrpc",
2026-09-30T20:03:49.3744668Z         "platform": "linux-64",
2026-09-30T20:03:49.3744874Z         "sha256": "bc9d32af6167b1f5bcda216dc44eddcb27f3492440571ab12f6e577472a05e34",
2026-09-30T20:03:49.3745115Z         "url": "https://conda.anaconda.org/conda-forge/linux-64/libgrpc-1.73.1-h3288cfb_1.conda",
2026-09-30T20:03:49.3745197Z         "version": "1.73.1"
2026-09-30T20:03:49.3745274Z     },
2026-09-30T20:03:49.3745343Z     {
2026-09-30T20:03:49.3745475Z         "base_url": "https://conda.anaconda.org/conda-forge",
2026-09-30T20:03:49.3745553Z         "build_number": 0,
2026-09-30T20:03:49.3745646Z         "build_string": "h23af247_0",
2026-09-30T20:03:49.3745736Z         "channel": "conda-forge",
2026-09-30T20:03:49.3745849Z         "dist_name": "libharfbuzz-14.5.0-h23af247_0",
2026-09-30T20:03:49.3745954Z         "md5": "4c0d9662a054c51e69b66a427e7ead03",
2026-09-30T20:03:49.3746038Z         "name": "libharfbuzz",
2026-09-30T20:03:49.3746128Z         "platform": "linux-64",
2026-09-30T20:03:49.3746333Z         "sha256": "4e1522841eb5a5ab5a152ea9e2c1db4ec7919ab3c8991354367db9e8902e6111",
2026-09-30T20:03:49.3746593Z         "url": "https://conda.anaconda.org/conda-forge/linux-64/libharfbuzz-14.5.0-h23af247_0.conda",
2026-09-30T20:03:49.3746677Z         "version": "14.5.0"
2026-09-30T20:03:49.3746746Z     },
2026-09-30T20:03:49.3746819Z     {
2026-09-30T20:03:49.3746953Z         "base_url": "https://conda.anaconda.org/conda-forge",
2026-09-30T20:03:49.3747042Z         "build_number": 1001,
2026-09-30T20:03:49.3747143Z         "build_string": "default_hd7c4d0c_1001",
2026-09-30T20:03:49.3747232Z         "channel": "conda-forge",
2026-09-30T20:03:49.3747361Z         "dist_name": "libhwloc-2.15.0-default_hd7c4d0c_1001",
2026-09-30T20:03:49.3747458Z         "md5": "66c755b3bd9ec82308fa6ec7674f473f",
2026-09-30T20:03:49.3747542Z         "name": "libhwloc",
2026-09-30T20:03:49.3747622Z         "platform": "linux-64",
2026-09-30T20:03:49.3747831Z         "sha256": "a140f8b94caad6ea27e9deba66a74ae2566976591db8a867677c652add6ee5a0",
2026-09-30T20:03:49.3748122Z         "url": "https://conda.anaconda.org/conda-forge/linux-64/libhwloc-2.15.0-default_hd7c4d0c_1001.conda",
2026-09-30T20:03:49.3748204Z         "version": "2.15.0"
2026-09-30T20:03:49.3748276Z     },
2026-09-30T20:03:49.3748343Z     {
2026-09-30T20:03:49.3748481Z         "base_url": "https://conda.anaconda.org/conda-forge",
2026-09-30T20:03:49.3748559Z         "build_number": 3,
2026-09-30T20:03:49.3748649Z         "build_string": "h0cb94f2_3",
2026-09-30T20:03:49.3748734Z         "channel": "conda-forge",
2026-09-30T20:03:49.3748846Z         "dist_name": "libiconv-1.18-h0cb94f2_3",
2026-09-30T20:03:49.3748944Z         "md5": "f92233bf33e24a25668bb2119e2c51f9",
2026-09-30T20:03:49.3749027Z         "name": "libiconv",
2026-09-30T20:03:49.3749113Z         "platform": "linux-64",
2026-09-30T20:03:49.3749318Z         "sha256": "f943117edb9cd4d9c61cc972eee5a34291dc55ea7a6e9e38da104995841cbcb6",
2026-09-30T20:03:49.3749561Z         "url": "https://conda.anaconda.org/conda-forge/linux-64/libiconv-1.18-h0cb94f2_3.conda",
2026-09-30T20:03:49.3749641Z         "version": "1.18"
2026-09-30T20:03:49.3749714Z     },
2026-09-30T20:03:49.3749781Z     {
2026-09-30T20:03:49.3749914Z         "base_url": "https://conda.anaconda.org/conda-forge",
2026-09-30T20:03:49.3749996Z         "build_number": 1,
2026-09-30T20:03:49.3750359Z         "build_string": "hb03c661_1",
2026-09-30T20:03:49.3750466Z         "channel": "conda-forge",
2026-09-30T20:03:49.3750594Z         "dist_name": "libjpeg-turbo-3.2.0-hb03c661_1",
2026-09-30T20:03:49.3750701Z         "md5": "898d1c9793eaa52efc4727bd84d2e39a",
2026-09-30T20:03:49.3750895Z         "name": "libjpeg-turbo",
2026-09-30T20:03:49.3750986Z         "platform": "linux-64",
2026-09-30T20:03:49.3751199Z         "sha256": "bba8538e6538ed58a8479b332337b96986561f975d06cfa2039a016c2d246ee4",
2026-09-30T20:03:49.3751482Z         "url": "https://conda.anaconda.org/conda-forge/linux-64/libjpeg-turbo-3.2.0-hb03c661_1.conda",
2026-09-30T20:03:49.3751567Z         "version": "3.2.0"
2026-09-30T20:03:49.3751635Z     },
2026-09-30T20:03:49.3751710Z     {
2026-09-30T20:03:49.3751854Z         "base_url": "https://conda.anaconda.org/conda-forge",
2026-09-30T20:03:49.3751940Z         "build_number": 6,
2026-09-30T20:03:49.3752032Z         "build_string": "6_h5e43f62_mkl",
2026-09-30T20:03:49.3752129Z         "channel": "conda-forge",
2026-09-30T20:03:49.3752251Z         "dist_name": "liblapack-3.11.0-6_h5e43f62_mkl",
2026-09-30T20:03:49.3752349Z         "md5": "8b13738802df008211c9ecd08775ca21",
2026-09-30T20:03:49.3752441Z         "name": "liblapack",
2026-09-30T20:03:49.3752530Z         "platform": "linux-64",
2026-09-30T20:03:49.3752740Z         "sha256": "8715428e721a63880d4e548375a744f177200a5161aec3ebe533f33eaf7ec3a5",
2026-09-30T20:03:49.3753011Z         "url": "https://conda.anaconda.org/conda-forge/linux-64/liblapack-3.11.0-6_h5e43f62_mkl.conda",
2026-09-30T20:03:49.3753097Z         "version": "3.11.0"
2026-09-30T20:03:49.3753172Z     },
2026-09-30T20:03:49.3753240Z     {
2026-09-30T20:03:49.3753380Z         "base_url": "https://conda.anaconda.org/conda-forge",
2026-09-30T20:03:49.3753459Z         "build_number": 1,
2026-09-30T20:03:49.3753557Z         "build_string": "h474f4eb_1",
2026-09-30T20:03:49.3753641Z         "channel": "conda-forge",
2026-09-30T20:03:49.3753755Z         "dist_name": "libllvm21-21.1.8-h474f4eb_1",
2026-09-30T20:03:49.3753857Z         "md5": "580bc512b273f4236bb37031620c091f",
2026-09-30T20:03:49.3753936Z         "name": "libllvm21",
2026-09-30T20:03:49.3754025Z         "platform": "linux-64",
2026-09-30T20:03:49.3754230Z         "sha256": "b007641e1da9de002af0518b89b07d4c59e513a6f465c9da86f24685ef86cc8b",
2026-09-30T20:03:49.3754488Z         "url": "https://conda.anaconda.org/conda-forge/linux-64/libllvm21-21.1.8-h474f4eb_1.conda",
2026-09-30T20:03:49.3754567Z         "version": "21.1.8"
2026-09-30T20:03:49.3754642Z     },
2026-09-30T20:03:49.3754717Z     {
2026-09-30T20:03:49.3754854Z         "base_url": "https://conda.anaconda.org/conda-forge",
2026-09-30T20:03:49.3754939Z         "build_number": 1,
2026-09-30T20:03:49.3755028Z         "build_string": "hb03c661_1",
2026-09-30T20:03:49.3755121Z         "channel": "conda-forge",
2026-09-30T20:03:49.3755226Z         "dist_name": "liblzma-5.8.3-hb03c661_1",
2026-09-30T20:03:49.3755334Z         "md5": "1390b7c5ac0b1d8e447bc5efa6d3c8c2",
2026-09-30T20:03:49.3755419Z         "name": "liblzma",
2026-09-30T20:03:49.3755507Z         "platform": "linux-64",
2026-09-30T20:03:49.3755715Z         "sha256": "9787df8c22a59c9a70d3e5a10db9ad663485e75e9ccc3f09bd092cb7b95e0dab",
2026-09-30T20:03:49.3755959Z         "url": "https://conda.anaconda.org/conda-forge/linux-64/liblzma-5.8.3-hb03c661_1.conda",
2026-09-30T20:03:49.3756042Z         "version": "5.8.3"
2026-09-30T20:03:49.3756112Z     },
2026-09-30T20:03:49.3756186Z     {
2026-09-30T20:03:49.3756323Z         "base_url": "https://conda.anaconda.org/conda-forge",
2026-09-30T20:03:49.3756413Z         "build_number": 101,
2026-09-30T20:03:49.3756523Z         "build_string": "nompi_he3e3c8e_201",
2026-09-30T20:03:49.3756609Z         "channel": "conda-forge",
2026-09-30T20:03:49.3756741Z         "dist_name": "libnetcdf-4.10.1-nompi_he3e3c8e_201",
2026-09-30T20:03:49.3756844Z         "md5": "912aefa694a66897afeb7a2330b17d9f",
2026-09-30T20:03:49.3756931Z         "name": "libnetcdf",
2026-09-30T20:03:49.3757118Z         "platform": "linux-64",
2026-09-30T20:03:49.3757338Z         "sha256": "a75ac995ccb9fefae463b317727affc528ace00e9dbde786fb51867f36ee2d8e",
2026-09-30T20:03:49.3757631Z         "url": "https://conda.anaconda.org/conda-forge/linux-64/libnetcdf-4.10.1-nompi_he3e3c8e_201.conda",
2026-09-30T20:03:49.3757785Z         "version": "4.10.1"
2026-09-30T20:03:49.3757859Z     },
2026-09-30T20:03:49.3757926Z     {
2026-09-30T20:03:49.3758064Z         "base_url": "https://conda.anaconda.org/conda-forge",
2026-09-30T20:03:49.3758148Z         "build_number": 1,
2026-09-30T20:03:49.3758241Z         "build_string": "h74cf4be_1",
2026-09-30T20:03:49.3758325Z         "channel": "conda-forge",
2026-09-30T20:03:49.3758449Z         "dist_name": "libnghttp2-1.68.1-h74cf4be_1",
2026-09-30T20:03:49.3758553Z         "md5": "75d211f04ac87506f1f43420712a69fe",
2026-09-30T20:03:49.3758637Z         "name": "libnghttp2",
2026-09-30T20:03:49.3758723Z         "platform": "linux-64",
2026-09-30T20:03:49.3758927Z         "sha256": "11a2f54a6f391e25738bce0023e6ef499600147bbcf21c1fa69d2e251b03cc6a",
2026-09-30T20:03:49.3759191Z         "url": "https://conda.anaconda.org/conda-forge/linux-64/libnghttp2-1.68.1-h74cf4be_1.conda",
2026-09-30T20:03:49.3759277Z         "version": "1.68.1"
2026-09-30T20:03:49.3759356Z     },
2026-09-30T20:03:49.3759429Z     {
2026-09-30T20:03:49.3759562Z         "base_url": "https://conda.anaconda.org/conda-forge",
2026-09-30T20:03:49.3759648Z         "build_number": 1,
2026-09-30T20:03:49.3759734Z         "build_string": "hb9d3cd8_1",
2026-09-30T20:03:49.3759823Z         "channel": "conda-forge",
2026-09-30T20:03:49.3759924Z         "dist_name": "libnsl-2.0.1-hb9d3cd8_1",
2026-09-30T20:03:49.3760029Z         "md5": "d864d34357c3b65a4b731f78c0801dc4",
2026-09-30T20:03:49.3760265Z         "name": "libnsl",
2026-09-30T20:03:49.3760352Z         "platform": "linux-64",
2026-09-30T20:03:49.3760571Z         "sha256": "927fe72b054277cde6cb82597d0fcf6baf127dcbce2e0a9d8925a68f1265eef5",
2026-09-30T20:03:49.3760812Z         "url": "https://conda.anaconda.org/conda-forge/linux-64/libnsl-2.0.1-hb9d3cd8_1.conda",
2026-09-30T20:03:49.3760894Z         "version": "2.0.1"
2026-09-30T20:03:49.3760963Z     },
2026-09-30T20:03:49.3761033Z     {
2026-09-30T20:03:49.3761167Z         "base_url": "https://conda.anaconda.org/conda-forge",
2026-09-30T20:03:49.3761251Z         "build_number": 0,
2026-09-30T20:03:49.3761341Z         "build_string": "hb9d3cd8_0",
2026-09-30T20:03:49.3761424Z         "channel": "conda-forge",
2026-09-30T20:03:49.3761531Z         "dist_name": "libntlm-1.8-hb9d3cd8_0",
2026-09-30T20:03:49.3761629Z         "md5": "7c7927b404672409d9917d49bff5f2d6",
2026-09-30T20:03:49.3761713Z         "name": "libntlm",
2026-09-30T20:03:49.3761796Z         "platform": "linux-64",
2026-09-30T20:03:49.3762003Z         "sha256": "3b3f19ced060013c2dd99d9d46403be6d319d4601814c772a3472fe2955612b0",
2026-09-30T20:03:49.3762243Z         "url": "https://conda.anaconda.org/conda-forge/linux-64/libntlm-1.8-hb9d3cd8_0.conda",
2026-09-30T20:03:49.3762329Z         "version": "1.8"
2026-09-30T20:03:49.3762403Z     },
2026-09-30T20:03:49.3762471Z     {
2026-09-30T20:03:49.3762608Z         "base_url": "https://conda.anaconda.org/conda-forge",
2026-09-30T20:03:49.3762694Z         "build_number": 1,
2026-09-30T20:03:49.3762785Z         "build_string": "h922cc85_1",
2026-09-30T20:03:49.3762872Z         "channel": "conda-forge",
2026-09-30T20:03:49.3762974Z         "dist_name": "libpng-1.6.58-h922cc85_1",
2026-09-30T20:03:49.3763082Z         "md5": "fcf71c8d979148873f6f8ad4cfc73d86",
2026-09-30T20:03:49.3763162Z         "name": "libpng",
2026-09-30T20:03:49.3763248Z         "platform": "linux-64",
2026-09-30T20:03:49.3763450Z         "sha256": "c19eefb87d70d9b4b0629fa48414a155a47a1be4f04583ae71ed8c5a9a32fdcb",
2026-09-30T20:03:49.3763694Z         "url": "https://conda.anaconda.org/conda-forge/linux-64/libpng-1.6.58-h922cc85_1.conda",
2026-09-30T20:03:49.3763780Z         "version": "1.6.58"
2026-09-30T20:03:49.3763849Z     },
2026-09-30T20:03:49.3763922Z     {
2026-09-30T20:03:49.3764170Z         "base_url": "https://conda.anaconda.org/conda-forge",
2026-09-30T20:03:49.3764260Z         "build_number": 2,
2026-09-30T20:03:49.3764344Z         "build_string": "h3883810_2",
2026-09-30T20:03:49.3764535Z         "channel": "conda-forge",
2026-09-30T20:03:49.3764636Z         "dist_name": "libpq-18.6-h3883810_2",
2026-09-30T20:03:49.3764742Z         "md5": "bf4a620772888bef1da4c33f87fd1f72",
2026-09-30T20:03:49.3764826Z         "name": "libpq",
2026-09-30T20:03:49.3764910Z         "platform": "linux-64",
2026-09-30T20:03:49.3765128Z         "sha256": "d3bbeb25090fc9f75b97ca0de934a7c75dcbe8d14eda6a1f757ebe9ceb581feb",
2026-09-30T20:03:49.3765357Z         "url": "https://conda.anaconda.org/conda-forge/linux-64/libpq-18.6-h3883810_2.conda",
2026-09-30T20:03:49.3765440Z         "version": "18.6"
2026-09-30T20:03:49.3765509Z     },
2026-09-30T20:03:49.3765584Z     {
2026-09-30T20:03:49.3765721Z         "base_url": "https://conda.anaconda.org/conda-forge",
2026-09-30T20:03:49.3765805Z         "build_number": 5,
2026-09-30T20:03:49.3765898Z         "build_string": "hfb7daa7_5",
2026-09-30T20:03:49.3765981Z         "channel": "conda-forge",
2026-09-30T20:03:49.3766104Z         "dist_name": "libprotobuf-6.31.1-hfb7daa7_5",
2026-09-30T20:03:49.3766210Z         "md5": "da31d891434e50d7e7be8adc5832269b",
2026-09-30T20:03:49.3766305Z         "name": "libprotobuf",
2026-09-30T20:03:49.3766388Z         "platform": "linux-64",
2026-09-30T20:03:49.3766586Z         "sha256": "b04322e2128684d4043e256f56b74528b0a0a296ba4a81299056ec04655a0580",
2026-09-30T20:03:49.3766854Z         "url": "https://conda.anaconda.org/conda-forge/linux-64/libprotobuf-6.31.1-hfb7daa7_5.conda",
2026-09-30T20:03:49.3766933Z         "version": "6.31.1"
2026-09-30T20:03:49.3767008Z     },
2026-09-30T20:03:49.3767075Z     {
2026-09-30T20:03:49.3767211Z         "base_url": "https://conda.anaconda.org/conda-forge",
2026-09-30T20:03:49.3767290Z         "build_number": 1,
2026-09-30T20:03:49.3767386Z         "build_string": "hd9e3e90_1",
2026-09-30T20:03:49.3767476Z         "channel": "conda-forge",
2026-09-30T20:03:49.3767578Z         "dist_name": "libpsl-0.23.1-hd9e3e90_1",
2026-09-30T20:03:49.3767682Z         "md5": "77be60417aa572afcb48cbe0f967401d",
2026-09-30T20:03:49.3767765Z         "name": "libpsl",
2026-09-30T20:03:49.3767855Z         "platform": "linux-64",
2026-09-30T20:03:49.3768059Z         "sha256": "09e8effdc89bc5d021349318d32b85594f5b8d8e3ab8f90a85b81f8fe695a566",
2026-09-30T20:03:49.3768300Z         "url": "https://conda.anaconda.org/conda-forge/linux-64/libpsl-0.23.1-hd9e3e90_1.conda",
2026-09-30T20:03:49.3768382Z         "version": "0.23.1"
2026-09-30T20:03:49.3768452Z     },
2026-09-30T20:03:49.3768525Z     {
2026-09-30T20:03:49.3768656Z         "base_url": "https://conda.anaconda.org/conda-forge",
2026-09-30T20:03:49.3768739Z         "build_number": 2,
2026-09-30T20:03:49.3768834Z         "build_string": "h0c77377_2_cpython",
2026-09-30T20:03:49.3768925Z         "channel": "conda-forge",
2026-09-30T20:03:49.3769058Z         "dist_name": "libpython-3.11.16-h0c77377_2_cpython",
2026-09-30T20:03:49.3769166Z         "md5": "55c7bd7fa76a498266addcddf2356647",
2026-09-30T20:03:49.3769253Z         "name": "libpython",
2026-09-30T20:03:49.3769341Z         "platform": "linux-64",
2026-09-30T20:03:49.3769545Z         "sha256": "9c945fbdc2292a8a39e412cb99672722c60ddf38b9002a52d5bd5954a0b25844",
2026-09-30T20:03:49.3769837Z         "url": "https://conda.anaconda.org/conda-forge/linux-64/libpython-3.11.16-h0c77377_2_cpython.conda",
2026-09-30T20:03:49.3769922Z         "version": "3.11.16"
2026-09-30T20:03:49.3769992Z     },
2026-09-30T20:03:49.3770066Z     {
2026-09-30T20:03:49.3770372Z         "base_url": "https://conda.anaconda.org/conda-forge",
2026-09-30T20:03:49.3770452Z         "build_number": 0,
2026-09-30T20:03:49.3770544Z         "build_string": "h6406941_0",
2026-09-30T20:03:49.3770628Z         "channel": "conda-forge",
2026-09-30T20:03:49.3770732Z         "dist_name": "libraqm-0.11.0-h6406941_0",
2026-09-30T20:03:49.3770949Z         "md5": "3ac89a48d224409739dbf6200e524373",
2026-09-30T20:03:49.3771038Z         "name": "libraqm",
2026-09-30T20:03:49.3771129Z         "platform": "linux-64",
2026-09-30T20:03:49.3771343Z         "sha256": "ab3ccb9fd5816f76b18ee8974d359cd2605ca87d8ddef55369dc461b9986f95c",
2026-09-30T20:03:49.3771740Z         "url": "https://conda.anaconda.org/conda-forge/linux-64/libraqm-0.11.0-h6406941_0.conda",
2026-09-30T20:03:49.3771819Z         "version": "0.11.0"
2026-09-30T20:03:49.3771893Z     },
2026-09-30T20:03:49.3771960Z     {
2026-09-30T20:03:49.3772105Z         "base_url": "https://conda.anaconda.org/conda-forge",
2026-09-30T20:03:49.3772191Z         "build_number": 0,
2026-09-30T20:03:49.3772280Z         "build_string": "h4dfd318_0",
2026-09-30T20:03:49.3772370Z         "channel": "conda-forge",
2026-09-30T20:03:49.3772484Z         "dist_name": "librdkit-2026.03.1-h4dfd318_0",
2026-09-30T20:03:49.3772594Z         "md5": "6e2e2aacea1f6f0371fe972ca37aee10",
2026-09-30T20:03:49.3772679Z         "name": "librdkit",
2026-09-30T20:03:49.3772767Z         "platform": "linux-64",
2026-09-30T20:03:49.3772966Z         "sha256": "4cf03826e71543bb259781db03884641dc60a7ccb66dbda51f0a4a836003f241",
2026-09-30T20:03:49.3773235Z         "url": "https://conda.anaconda.org/conda-forge/linux-64/librdkit-2026.03.1-h4dfd318_0.conda",
2026-09-30T20:03:49.3773321Z         "version": "2026.03.1"
2026-09-30T20:03:49.3773390Z     },
2026-09-30T20:03:49.3773462Z     {
2026-09-30T20:03:49.3773594Z         "base_url": "https://conda.anaconda.org/conda-forge",
2026-09-30T20:03:49.3773678Z         "build_number": 0,
2026-09-30T20:03:49.3773763Z         "build_string": "h7b12aa8_0",
2026-09-30T20:03:49.3773853Z         "channel": "conda-forge",
2026-09-30T20:03:49.3773972Z         "dist_name": "libre2-11-2025.11.05-h7b12aa8_0",
2026-09-30T20:03:49.3774072Z         "md5": "a30848ebf39327ea078cf26d114cff53",
2026-09-30T20:03:49.3774158Z         "name": "libre2-11",
2026-09-30T20:03:49.3774241Z         "platform": "linux-64",
2026-09-30T20:03:49.3774458Z         "sha256": "eb5d5ef4d12cdf744e0f728b35bca910843c8cf1249f758cf15488ca04a21dbb",
2026-09-30T20:03:49.3774722Z         "url": "https://conda.anaconda.org/conda-forge/linux-64/libre2-11-2025.11.05-h7b12aa8_0.conda",
2026-09-30T20:03:49.3774810Z         "version": "2025.11.05"
2026-09-30T20:03:49.3774883Z     },
2026-09-30T20:03:49.3774951Z     {
2026-09-30T20:03:49.3775086Z         "base_url": "https://conda.anaconda.org/conda-forge",
2026-09-30T20:03:49.3775165Z         "build_number": 1,
2026-09-30T20:03:49.3775255Z         "build_string": "h13e7031_1",
2026-09-30T20:03:49.3775340Z         "channel": "conda-forge",
2026-09-30T20:03:49.3775453Z         "dist_name": "libsqlite-3.53.4-h13e7031_1",
2026-09-30T20:03:49.3775557Z         "md5": "e72bbec309c2b0f37823ee7d4fabfcd3",
2026-09-30T20:03:49.3775643Z         "name": "libsqlite",
2026-09-30T20:03:49.3775729Z         "platform": "linux-64",
2026-09-30T20:03:49.3775945Z         "sha256": "f20d70da54e5b31dd4a51fb1efeaafafd5ab6dd8d7ac9d1438eaa2526ac4ed3d",
2026-09-30T20:03:49.3776198Z         "url": "https://conda.anaconda.org/conda-forge/linux-64/libsqlite-3.53.4-h13e7031_1.conda",
2026-09-30T20:03:49.3776276Z         "version": "3.53.4"
2026-09-30T20:03:49.3776351Z     },
2026-09-30T20:03:49.3776419Z     {
2026-09-30T20:03:49.3776555Z         "base_url": "https://conda.anaconda.org/conda-forge",
2026-09-30T20:03:49.3776639Z         "build_number": 1,
2026-09-30T20:03:49.3776722Z         "build_string": "h6154650_1",
2026-09-30T20:03:49.3776809Z         "channel": "conda-forge",
2026-09-30T20:03:49.3776909Z         "dist_name": "libssh2-1.11.1-h6154650_1",
2026-09-30T20:03:49.3777008Z         "md5": "5c526561e1d2a2e071941174eae84557",
2026-09-30T20:03:49.3777085Z         "name": "libssh2",
2026-09-30T20:03:49.3777171Z         "platform": "linux-64",
2026-09-30T20:03:49.3777379Z         "sha256": "7e463000fa1cba3f3a6597b776f6ab301d425a96e3bc20d0d9d76a3b9f237aa3",
2026-09-30T20:03:49.3777700Z         "url": "https://conda.anaconda.org/conda-forge/linux-64/libssh2-1.11.1-h6154650_1.conda",
2026-09-30T20:03:49.3777788Z         "version": "1.11.1"
2026-09-30T20:03:49.3777858Z     },
2026-09-30T20:03:49.3777932Z     {
2026-09-30T20:03:49.3778065Z         "base_url": "https://conda.anaconda.org/conda-forge",
2026-09-30T20:03:49.3778222Z         "build_number": 7,
2026-09-30T20:03:49.3778308Z         "build_string": "h934c35e_7",
2026-09-30T20:03:49.3778398Z         "channel": "conda-forge",
2026-09-30T20:03:49.3778508Z         "dist_name": "libstdcxx-16.2.0-h934c35e_7",
2026-09-30T20:03:49.3778609Z         "md5": "9b6707e0caca917fa6ea9ee473f37a5d",
2026-09-30T20:03:49.3778692Z         "name": "libstdcxx",
2026-09-30T20:03:49.3778775Z         "platform": "linux-64",
2026-09-30T20:03:49.3778981Z         "sha256": "fa7018298629fc429971fffd6ecba3d27a7b02e4e890d6a93ea01ffebe8cb745",
2026-09-30T20:03:49.3779230Z         "url": "https://conda.anaconda.org/conda-forge/linux-64/libstdcxx-16.2.0-h934c35e_7.conda",
2026-09-30T20:03:49.3779315Z         "version": "16.2.0"
2026-09-30T20:03:49.3779387Z     },
2026-09-30T20:03:49.3779455Z     {
2026-09-30T20:03:49.3779590Z         "base_url": "https://conda.anaconda.org/conda-forge",
2026-09-30T20:03:49.3779672Z         "build_number": 7,
2026-09-30T20:03:49.3779769Z         "build_string": "hdf11a46_7",
2026-09-30T20:03:49.3779856Z         "channel": "conda-forge",
2026-09-30T20:03:49.3779982Z         "dist_name": "libstdcxx-ng-16.2.0-hdf11a46_7",
2026-09-30T20:03:49.3780091Z         "md5": "25a23bde5e26d548374f3e02b4669670",
2026-09-30T20:03:49.3780305Z         "name": "libstdcxx-ng",
2026-09-30T20:03:49.3780393Z         "platform": "linux-64",
2026-09-30T20:03:49.3780611Z         "sha256": "337f481db36cc357884f05f404ccd1b3a7e0fc1ee48ec5c884e4281d213bc863",
2026-09-30T20:03:49.3780882Z         "url": "https://conda.anaconda.org/conda-forge/linux-64/libstdcxx-ng-16.2.0-hdf11a46_7.conda",
2026-09-30T20:03:49.3780960Z         "version": "16.2.0"
2026-09-30T20:03:49.3781032Z     },
2026-09-30T20:03:49.3781105Z     {
2026-09-30T20:03:49.3781246Z         "base_url": "https://conda.anaconda.org/conda-forge",
2026-09-30T20:03:49.3781332Z         "build_number": 1,
2026-09-30T20:03:49.3781421Z         "build_string": "hcc2c06a_1",
2026-09-30T20:03:49.3781513Z         "channel": "conda-forge",
2026-09-30T20:03:49.3781617Z         "dist_name": "libtiff-4.7.2-hcc2c06a_1",
2026-09-30T20:03:49.3781719Z         "md5": "0907d876f460ebc941ae590338b6102f",
2026-09-30T20:03:49.3781797Z         "name": "libtiff",
2026-09-30T20:03:49.3781888Z         "platform": "linux-64",
2026-09-30T20:03:49.3782099Z         "sha256": "10e125da82ca93e09191e66e5a94d566b2cf8d4024e2a0db3a9114297447e0d9",
2026-09-30T20:03:49.3782344Z         "url": "https://conda.anaconda.org/conda-forge/linux-64/libtiff-4.7.2-hcc2c06a_1.conda",
2026-09-30T20:03:49.3782426Z         "version": "4.7.2"
2026-09-30T20:03:49.3782494Z     },
2026-09-30T20:03:49.3782566Z     {
2026-09-30T20:03:49.3782701Z         "base_url": "https://conda.anaconda.org/conda-forge",
2026-09-30T20:03:49.3782795Z         "build_number": 102,
2026-09-30T20:03:49.3782903Z         "build_string": "cpu_mkl_h09b866c_102",
2026-09-30T20:03:49.3782988Z         "channel": "conda-forge",
2026-09-30T20:03:49.3783116Z         "dist_name": "libtorch-2.8.0-cpu_mkl_h09b866c_102",
2026-09-30T20:03:49.3783218Z         "md5": "0194f4ea9e74964548ddb220b61d4712",
2026-09-30T20:03:49.3783302Z         "name": "libtorch",
2026-09-30T20:03:49.3783385Z         "platform": "linux-64",
2026-09-30T20:03:49.3783586Z         "sha256": "7033538481a66ed4f59f3b88a952f55b85596429271643678fd14a4e0a9666b9",
2026-09-30T20:03:49.3783875Z         "url": "https://conda.anaconda.org/conda-forge/linux-64/libtorch-2.8.0-cpu_mkl_h09b866c_102.conda",
2026-09-30T20:03:49.3783953Z         "version": "2.8.0"
2026-09-30T20:03:49.3784031Z     },
2026-09-30T20:03:49.3784101Z     {
2026-09-30T20:03:49.3784240Z         "base_url": "https://conda.anaconda.org/conda-forge",
2026-09-30T20:03:49.3784321Z         "build_number": 0,
2026-09-30T20:03:49.3784531Z         "build_string": "hcfc3c73_0",
2026-09-30T20:03:49.3784622Z         "channel": "conda-forge",
2026-09-30T20:03:49.3784735Z         "dist_name": "libuuid-2.42.4-hcfc3c73_0",
2026-09-30T20:03:49.3784842Z         "md5": "54a948337e66706380ff24d6b5fde63f",
2026-09-30T20:03:49.3785024Z         "name": "libuuid",
2026-09-30T20:03:49.3785113Z         "platform": "linux-64",
2026-09-30T20:03:49.3785316Z         "sha256": "f34b8d1de9a2bf62476d8608057d9b8a918d97444236dc53a47128f2fae79041",
2026-09-30T20:03:49.3785566Z         "url": "https://conda.anaconda.org/conda-forge/linux-64/libuuid-2.42.4-hcfc3c73_0.conda",
2026-09-30T20:03:49.3785647Z         "version": "2.42.4"
2026-09-30T20:03:49.3785722Z     },
2026-09-30T20:03:49.3785797Z     {
2026-09-30T20:03:49.3785931Z         "base_url": "https://conda.anaconda.org/conda-forge",
2026-09-30T20:03:49.3786017Z         "build_number": 1,
2026-09-30T20:03:49.3786102Z         "build_string": "h280c20c_1",
2026-09-30T20:03:49.3786192Z         "channel": "conda-forge",
2026-09-30T20:03:49.3786294Z         "dist_name": "libuv-1.52.1-h280c20c_1",
2026-09-30T20:03:49.3786397Z         "md5": "01c4ed87826af55996768af6dbc936b4",
2026-09-30T20:03:49.3786481Z         "name": "libuv",
2026-09-30T20:03:49.3786569Z         "platform": "linux-64",
2026-09-30T20:03:49.3786771Z         "sha256": "67761d0206f84140047a367eaf9befe03a7e157a29ee25aee0047b40801cc6b6",
2026-09-30T20:03:49.3787007Z         "url": "https://conda.anaconda.org/conda-forge/linux-64/libuv-1.52.1-h280c20c_1.conda",
2026-09-30T20:03:49.3787090Z         "version": "1.52.1"
2026-09-30T20:03:49.3787159Z     },
2026-09-30T20:03:49.3787234Z     {
2026-09-30T20:03:49.3787364Z         "base_url": "https://conda.anaconda.org/conda-forge",
2026-09-30T20:03:49.3787449Z         "build_number": 1,
2026-09-30T20:03:49.3787540Z         "build_string": "hd42ef1d_1",
2026-09-30T20:03:49.3787625Z         "channel": "conda-forge",
2026-09-30T20:03:49.3787746Z         "dist_name": "libwebp-base-1.6.0-hd42ef1d_1",
2026-09-30T20:03:49.3787849Z         "md5": "9332b53d0ea93c5d39e33be03a0c611a",
2026-09-30T20:03:49.3787941Z         "name": "libwebp-base",
2026-09-30T20:03:49.3788023Z         "platform": "linux-64",
2026-09-30T20:03:49.3788229Z         "sha256": "8415001414f488c85b72b9d8cc2071dfb3981a47bc3c8eb56ef91a57d12eae7f",
2026-09-30T20:03:49.3788501Z         "url": "https://conda.anaconda.org/conda-forge/linux-64/libwebp-base-1.6.0-hd42ef1d_1.conda",
2026-09-30T20:03:49.3788580Z         "version": "1.6.0"
2026-09-30T20:03:49.3788655Z     },
2026-09-30T20:03:49.3788724Z     {
2026-09-30T20:03:49.3788858Z         "base_url": "https://conda.anaconda.org/conda-forge",
2026-09-30T20:03:49.3788938Z         "build_number": 2,
2026-09-30T20:03:49.3789029Z         "build_string": "hb83e432_2",
2026-09-30T20:03:49.3789116Z         "channel": "conda-forge",
2026-09-30T20:03:49.3789217Z         "dist_name": "libxcb-1.17.0-hb83e432_2",
2026-09-30T20:03:49.3789324Z         "md5": "61f0ffba9161cbb3a77722869b21e4bb",
2026-09-30T20:03:49.3789405Z         "name": "libxcb",
2026-09-30T20:03:49.3789497Z         "platform": "linux-64",
2026-09-30T20:03:49.3789690Z         "sha256": "7b49e6fd2a584b7f072943e6adf4149677af5121246975278804782d37752837",
2026-09-30T20:03:49.3789935Z         "url": "https://conda.anaconda.org/conda-forge/linux-64/libxcb-1.17.0-hb83e432_2.conda",
2026-09-30T20:03:49.3790018Z         "version": "1.17.0"
2026-09-30T20:03:49.3790087Z     },
2026-09-30T20:03:49.3790303Z     {
2026-09-30T20:03:49.3790436Z         "base_url": "https://conda.anaconda.org/conda-forge",
2026-09-30T20:03:49.3790520Z         "build_number": 0,
2026-09-30T20:03:49.3790604Z         "build_string": "h280c20c_0",
2026-09-30T20:03:49.3790695Z         "channel": "conda-forge",
2026-09-30T20:03:49.3790803Z         "dist_name": "libxcrypt-4.4.38-h280c20c_0",
2026-09-30T20:03:49.3790910Z         "md5": "f7a7ff5a6ab331e037abd34f379a631d",
2026-09-30T20:03:49.3790998Z         "name": "libxcrypt",
2026-09-30T20:03:49.3791081Z         "platform": "linux-64",
2026-09-30T20:03:49.3791404Z         "sha256": "f7e9292dd219a6435bbb1223da9586c3e70d66d169c5a92f08db3f2127df04e9",
2026-09-30T20:03:49.3791661Z         "url": "https://conda.anaconda.org/conda-forge/linux-64/libxcrypt-4.4.38-h280c20c_0.conda",
2026-09-30T20:03:49.3791846Z         "version": "4.4.38"
2026-09-30T20:03:49.3791916Z     },
2026-09-30T20:03:49.3791989Z     {
2026-09-30T20:03:49.3792128Z         "base_url": "https://conda.anaconda.org/conda-forge",
2026-09-30T20:03:49.3792209Z         "build_number": 0,
2026-09-30T20:03:49.3792301Z         "build_string": "h7df9aa5_0",
2026-09-30T20:03:49.3792385Z         "channel": "conda-forge",
2026-09-30T20:03:49.3792493Z         "dist_name": "libxml2-2.15.4-h7df9aa5_0",
2026-09-30T20:03:49.3792595Z         "md5": "ea192d1ef556bf1d55de4acb8c0f5b65",
2026-09-30T20:03:49.3792679Z         "name": "libxml2",
2026-09-30T20:03:49.3792771Z         "platform": "linux-64",
2026-09-30T20:03:49.3792973Z         "sha256": "053d85821ce5e36b7ce03faea5930382f6af695df9e2cd68e5d8d273072d1551",
2026-09-30T20:03:49.3793225Z         "url": "https://conda.anaconda.org/conda-forge/linux-64/libxml2-2.15.4-h7df9aa5_0.conda",
2026-09-30T20:03:49.3793302Z         "version": "2.15.4"
2026-09-30T20:03:49.3793376Z     },
2026-09-30T20:03:49.3793449Z     {
2026-09-30T20:03:49.3793586Z         "base_url": "https://conda.anaconda.org/conda-forge",
2026-09-30T20:03:49.3793666Z         "build_number": 0,
2026-09-30T20:03:49.3793759Z         "build_string": "hf3af7cc_0",
2026-09-30T20:03:49.3793847Z         "channel": "conda-forge",
2026-09-30T20:03:49.3793957Z         "dist_name": "libxml2-16-2.15.4-hf3af7cc_0",
2026-09-30T20:03:49.3794062Z         "md5": "b7545c57a73a51d72aa6eee5695cf051",
2026-09-30T20:03:49.3794146Z         "name": "libxml2-16",
2026-09-30T20:03:49.3794236Z         "platform": "linux-64",
2026-09-30T20:03:49.3794437Z         "sha256": "9a1685c8d8b8488cd7882a9cd6e673e687211ca763ebbcd1e91b6f594eeadc45",
2026-09-30T20:03:49.3794700Z         "url": "https://conda.anaconda.org/conda-forge/linux-64/libxml2-16-2.15.4-hf3af7cc_0.conda",
2026-09-30T20:03:49.3794784Z         "version": "2.15.4"
2026-09-30T20:03:49.3794854Z     },
2026-09-30T20:03:49.3794928Z     {
2026-09-30T20:03:49.3795061Z         "base_url": "https://conda.anaconda.org/conda-forge",
2026-09-30T20:03:49.3795151Z         "build_number": 1,
2026-09-30T20:03:49.3795237Z         "build_string": "h8e12856_1",
2026-09-30T20:03:49.3795331Z         "channel": "conda-forge",
2026-09-30T20:03:49.3795440Z         "dist_name": "libxslt-1.1.45-h8e12856_1",
2026-09-30T20:03:49.3795542Z         "md5": "5c8ce6af1772fcfc2b86d17b825abc8e",
2026-09-30T20:03:49.3795626Z         "name": "libxslt",
2026-09-30T20:03:49.3795711Z         "platform": "linux-64",
2026-09-30T20:03:49.3795919Z         "sha256": "3beb51b5ce8d2e0690b8517d3d955972d502cfbe2899279cbb9cbb6ff134d360",
2026-09-30T20:03:49.3796156Z         "url": "https://conda.anaconda.org/conda-forge/linux-64/libxslt-1.1.45-h8e12856_1.conda",
2026-09-30T20:03:49.3796240Z         "version": "1.1.45"
2026-09-30T20:03:49.3796315Z     },
2026-09-30T20:03:49.3796382Z     {
2026-09-30T20:03:49.3796517Z         "base_url": "https://conda.anaconda.org/conda-forge",
2026-09-30T20:03:49.3796596Z         "build_number": 0,
2026-09-30T20:03:49.3796689Z         "build_string": "h6008cf6_0",
2026-09-30T20:03:49.3796773Z         "channel": "conda-forge",
2026-09-30T20:03:49.3796881Z         "dist_name": "libzip-1.11.4-h6008cf6_0",
2026-09-30T20:03:49.3796981Z         "md5": "05adf41813469e50f2103db6eba38edb",
2026-09-30T20:03:49.3797067Z         "name": "libzip",
2026-09-30T20:03:49.3797154Z         "platform": "linux-64",
2026-09-30T20:03:49.3797357Z         "sha256": "d89ef092620b9bf4e82871870c5a08aecf2a7fc441b23b37cae9a62e30ed670c",
2026-09-30T20:03:49.3797596Z         "url": "https://conda.anaconda.org/conda-forge/linux-64/libzip-1.11.4-h6008cf6_0.conda",
2026-09-30T20:03:49.3797673Z         "version": "1.11.4"
2026-09-30T20:03:49.3797747Z     },
2026-09-30T20:03:49.3797815Z     {
2026-09-30T20:03:49.3798034Z         "base_url": "https://conda.anaconda.org/conda-forge",
2026-09-30T20:03:49.3798121Z         "build_number": 3,
2026-09-30T20:03:49.3798207Z         "build_string": "h25fd6f3_3",
2026-09-30T20:03:49.3798294Z         "channel": "conda-forge",
2026-09-30T20:03:49.3798474Z         "dist_name": "libzlib-1.3.2-h25fd6f3_3",
2026-09-30T20:03:49.3798578Z         "md5": "0de0122d9570a8ab637c6b73db268389",
2026-09-30T20:03:49.3798656Z         "name": "libzlib",
2026-09-30T20:03:49.3798744Z         "platform": "linux-64",
2026-09-30T20:03:49.3798945Z         "sha256": "eb8a0db0aa570124f7d2a93d7c7f596e3390df5e047818d873baad32985fc736",
2026-09-30T20:03:49.3799189Z         "url": "https://conda.anaconda.org/conda-forge/linux-64/libzlib-1.3.2-h25fd6f3_3.conda",
2026-09-30T20:03:49.3799271Z         "version": "1.3.2"
2026-09-30T20:03:49.3799340Z     },
2026-09-30T20:03:49.3799415Z     {
2026-09-30T20:03:49.3799545Z         "base_url": "https://conda.anaconda.org/conda-forge",
2026-09-30T20:03:49.3799631Z         "build_number": 0,
2026-09-30T20:03:49.3799727Z         "build_string": "pyhd8ed1ab_0",
2026-09-30T20:03:49.3799817Z         "channel": "conda-forge",
2026-09-30T20:03:49.3799971Z         "dist_name": "lightning-utilities-0.15.3-pyhd8ed1ab_0",
2026-09-30T20:03:49.3800074Z         "md5": "237d294ca3acd678f590f1754e090802",
2026-09-30T20:03:49.3800309Z         "name": "lightning-utilities",
2026-09-30T20:03:49.3800395Z         "platform": "noarch",
2026-09-30T20:03:49.3800606Z         "sha256": "97dcff433510cfb92f775f6c5da4e18d19ff70d8921187dae0725158946fb3e5",
2026-09-30T20:03:49.3800923Z         "url": "https://conda.anaconda.org/conda-forge/noarch/lightning-utilities-0.15.3-pyhd8ed1ab_0.conda",
2026-09-30T20:03:49.3801007Z         "version": "0.15.3"
2026-09-30T20:03:49.3801080Z     },
2026-09-30T20:03:49.3801149Z     {
2026-09-30T20:03:49.3801294Z         "base_url": "https://conda.anaconda.org/conda-forge",
2026-09-30T20:03:49.3801373Z         "build_number": 0,
2026-09-30T20:03:49.3801464Z         "build_string": "h7148c6a_0",
2026-09-30T20:03:49.3801553Z         "channel": "conda-forge",
2026-09-30T20:03:49.3801672Z         "dist_name": "llvm-openmp-23.1.2-h7148c6a_0",
2026-09-30T20:03:49.3801784Z         "md5": "ea93fc2d6563d7401bba4a6fffd9d641",
2026-09-30T20:03:49.3801875Z         "name": "llvm-openmp",
2026-09-30T20:03:49.3801965Z         "platform": "linux-64",
2026-09-30T20:03:49.3802171Z         "sha256": "292606e3a17fcf98db940d3ee6e723f84f4c6fb0104a6a69cd95043a7794eef0",
2026-09-30T20:03:49.3802440Z         "url": "https://conda.anaconda.org/conda-forge/linux-64/llvm-openmp-23.1.2-h7148c6a_0.conda",
2026-09-30T20:03:49.3802519Z         "version": "23.1.2"
2026-09-30T20:03:49.3802595Z     },
2026-09-30T20:03:49.3802664Z     {
2026-09-30T20:03:49.3802803Z         "base_url": "https://conda.anaconda.org/conda-forge",
2026-09-30T20:03:49.3802890Z         "build_number": 5,
2026-09-30T20:03:49.3802985Z         "build_string": "py311h1369f55_5",
2026-09-30T20:03:49.3803076Z         "channel": "conda-forge",
2026-09-30T20:03:49.3803202Z         "dist_name": "llvmlite-0.49.0-py311h1369f55_5",
2026-09-30T20:03:49.3803309Z         "md5": "87fe608ef73c5a56eb8193756911c90c",
2026-09-30T20:03:49.3803389Z         "name": "llvmlite",
2026-09-30T20:03:49.3803482Z         "platform": "linux-64",
2026-09-30T20:03:49.3803689Z         "sha256": "89b3f090fab57abe8131e8994c5bd207290b31ff654b72b450e9b29d7b893674",
2026-09-30T20:03:49.3803959Z         "url": "https://conda.anaconda.org/conda-forge/linux-64/llvmlite-0.49.0-py311h1369f55_5.conda",
2026-09-30T20:03:49.3804044Z         "version": "0.49.0"
2026-09-30T20:03:49.3804112Z     },
2026-09-30T20:03:49.3804187Z     {
2026-09-30T20:03:49.3804289Z         "base_url": "https://pypi.org/",
2026-09-30T20:03:49.3804376Z         "build_number": 0,
2026-09-30T20:03:49.3804469Z         "build_string": "pypi_0",
2026-09-30T20:03:49.3804551Z         "channel": "pypi",
2026-09-30T20:03:49.3804654Z         "dist_name": "lmdb-2.3.0-pypi_0",
2026-09-30T20:03:49.3804731Z         "md5": "",
2026-09-30T20:03:49.3804930Z         "name": "lmdb",
2026-09-30T20:03:49.3805027Z         "platform": "linux-x86_64",
2026-09-30T20:03:49.3805108Z         "sha256": "",
2026-09-30T20:03:49.3805182Z         "url": "",
2026-09-30T20:03:49.3805368Z         "version": "2.3.0"
2026-09-30T20:03:49.3805444Z     },
2026-09-30T20:03:49.3805512Z     {
2026-09-30T20:03:49.3805654Z         "base_url": "https://conda.anaconda.org/conda-forge",
2026-09-30T20:03:49.3805733Z         "build_number": 0,
2026-09-30T20:03:49.3805829Z         "build_string": "py311h0537bf7_0",
2026-09-30T20:03:49.3805915Z         "channel": "conda-forge",
2026-09-30T20:03:49.3806021Z         "dist_name": "lxml-6.1.3-py311h0537bf7_0",
2026-09-30T20:03:49.3806123Z         "md5": "78be3846fd46b8446cd3a6e0bea939c0",
2026-09-30T20:03:49.3806203Z         "name": "lxml",
2026-09-30T20:03:49.3806291Z         "platform": "linux-64",
2026-09-30T20:03:49.3806497Z         "sha256": "613be3cad4688a53c1a5c5139bb01e5462fa25067ae1c0fcb0390bcf9f9ed24d",
2026-09-30T20:03:49.3806752Z         "url": "https://conda.anaconda.org/conda-forge/linux-64/lxml-6.1.3-py311h0537bf7_0.conda",
2026-09-30T20:03:49.3806832Z         "version": "6.1.3"
2026-09-30T20:03:49.3806905Z     },
2026-09-30T20:03:49.3806977Z     {
2026-09-30T20:03:49.3807117Z         "base_url": "https://conda.anaconda.org/conda-forge",
2026-09-30T20:03:49.3807200Z         "build_number": 2,
2026-09-30T20:03:49.3807289Z         "build_string": "hee9eb32_2",
2026-09-30T20:03:49.3807378Z         "channel": "conda-forge",
2026-09-30T20:03:49.3807478Z         "dist_name": "lz4-c-1.10.0-hee9eb32_2",
2026-09-30T20:03:49.3807579Z         "md5": "e38a3253d72ab07d471483f24947e2a2",
2026-09-30T20:03:49.3807658Z         "name": "lz4-c",
2026-09-30T20:03:49.3807753Z         "platform": "linux-64",
2026-09-30T20:03:49.3807967Z         "sha256": "b8c0e930183e6b7f83cd35ace102f2b8c2f0faae41dc05255dc72f247dfc556a",
2026-09-30T20:03:49.3808205Z         "url": "https://conda.anaconda.org/conda-forge/linux-64/lz4-c-1.10.0-hee9eb32_2.conda",
2026-09-30T20:03:49.3808292Z         "version": "1.10.0"
2026-09-30T20:03:49.3808361Z     },
2026-09-30T20:03:49.3808434Z     {
2026-09-30T20:03:49.3808533Z         "base_url": "https://pypi.org/",
2026-09-30T20:03:49.3808618Z         "build_number": 0,
2026-09-30T20:03:49.3808706Z         "build_string": "pypi_0",
2026-09-30T20:03:49.3808793Z         "channel": "pypi",
2026-09-30T20:03:49.3808902Z         "dist_name": "mace-torch-0.3.16-pypi_0",
2026-09-30T20:03:49.3808975Z         "md5": "",
2026-09-30T20:03:49.3809064Z         "name": "mace-torch",
2026-09-30T20:03:49.3809151Z         "platform": "linux-x86_64",
2026-09-30T20:03:49.3809229Z         "sha256": "",
2026-09-30T20:03:49.3809302Z         "url": "",
2026-09-30T20:03:49.3809385Z         "version": "0.3.16"
2026-09-30T20:03:49.3809454Z     },
2026-09-30T20:03:49.3809532Z     {
2026-09-30T20:03:49.3809677Z         "base_url": "https://conda.anaconda.org/conda-forge",
2026-09-30T20:03:49.3809757Z         "build_number": 0,
2026-09-30T20:03:49.3809857Z         "build_string": "pyhd8ed1ab_0",
2026-09-30T20:03:49.3809942Z         "channel": "conda-forge",
2026-09-30T20:03:49.3810078Z         "dist_name": "markdown-it-py-4.2.0-pyhd8ed1ab_0",
2026-09-30T20:03:49.3810316Z         "md5": "6d03368f2b2b0a5fb6839df53b2eb5e0",
2026-09-30T20:03:49.3810415Z         "name": "markdown-it-py",
2026-09-30T20:03:49.3810503Z         "platform": "noarch",
2026-09-30T20:03:49.3810700Z         "sha256": "0c4c35376fe920714390d46e4b8d31c876d65f18e1655899e0763ec25f2a902f",
2026-09-30T20:03:49.3810984Z         "url": "https://conda.anaconda.org/conda-forge/noarch/markdown-it-py-4.2.0-pyhd8ed1ab_0.conda",
2026-09-30T20:03:49.3811062Z         "version": "4.2.0"
2026-09-30T20:03:49.3811136Z     },
2026-09-30T20:03:49.3811202Z     {
2026-09-30T20:03:49.3811341Z         "base_url": "https://conda.anaconda.org/conda-forge",
2026-09-30T20:03:49.3811427Z         "build_number": 1,
2026-09-30T20:03:49.3811522Z         "build_string": "py311h3778330_1",
2026-09-30T20:03:49.3811731Z         "channel": "conda-forge",
2026-09-30T20:03:49.3811860Z         "dist_name": "markupsafe-3.0.3-py311h3778330_1",
2026-09-30T20:03:49.3811971Z         "md5": "f9efdf9b0f3d0cc309d56af6edf2a6b0",
2026-09-30T20:03:49.3812057Z         "name": "markupsafe",
2026-09-30T20:03:49.3812255Z         "platform": "linux-64",
2026-09-30T20:03:49.3812457Z         "sha256": "710e207b2e91308a34bcfe547c60ad86c1fa294827266ba18548c1fe1a9d8333",
2026-09-30T20:03:49.3812740Z         "url": "https://conda.anaconda.org/conda-forge/linux-64/markupsafe-3.0.3-py311h3778330_1.conda",
2026-09-30T20:03:49.3812821Z         "version": "3.0.3"
2026-09-30T20:03:49.3812890Z     },
2026-09-30T20:03:49.3812963Z     {
2026-09-30T20:03:49.3813095Z         "base_url": "https://conda.anaconda.org/conda-forge",
2026-09-30T20:03:49.3813179Z         "build_number": 1,
2026-09-30T20:03:49.3813272Z         "build_string": "py311hfea5af0_1",
2026-09-30T20:03:49.3813360Z         "channel": "conda-forge",
2026-09-30T20:03:49.3813507Z         "dist_name": "matplotlib-base-3.11.2-py311hfea5af0_1",
2026-09-30T20:03:49.3813609Z         "md5": "d728c86e444e9a88d5e4a9b82a72c3fb",
2026-09-30T20:03:49.3813704Z         "name": "matplotlib-base",
2026-09-30T20:03:49.3813788Z         "platform": "linux-64",
2026-09-30T20:03:49.3814002Z         "sha256": "7f56a4de19b74ea17fa0594dbb5b78b8a56d3835a8d01e721939ce2d2a977db7",
2026-09-30T20:03:49.3814303Z         "url": "https://conda.anaconda.org/conda-forge/linux-64/matplotlib-base-3.11.2-py311hfea5af0_1.conda",
2026-09-30T20:03:49.3814388Z         "version": "3.11.2"
2026-09-30T20:03:49.3814462Z     },
2026-09-30T20:03:49.3814532Z     {
2026-09-30T20:03:49.3814635Z         "base_url": "https://pypi.org/",
2026-09-30T20:03:49.3814714Z         "build_number": 0,
2026-09-30T20:03:49.3814806Z         "build_string": "pypi_0",
2026-09-30T20:03:49.3814887Z         "channel": "pypi",
2026-09-30T20:03:49.3814995Z         "dist_name": "matscipy-1.1.1-pypi_0",
2026-09-30T20:03:49.3815067Z         "md5": "",
2026-09-30T20:03:49.3815156Z         "name": "matscipy",
2026-09-30T20:03:49.3815247Z         "platform": "linux-x86_64",
2026-09-30T20:03:49.3815321Z         "sha256": "",
2026-09-30T20:03:49.3815398Z         "url": "",
2026-09-30T20:03:49.3815476Z         "version": "1.1.1"
2026-09-30T20:03:49.3815553Z     },
2026-09-30T20:03:49.3815621Z     {
2026-09-30T20:03:49.3815759Z         "base_url": "https://conda.anaconda.org/conda-forge",
2026-09-30T20:03:49.3815837Z         "build_number": 1,
2026-09-30T20:03:49.3815933Z         "build_string": "pyhd8ed1ab_1",
2026-09-30T20:03:49.3816021Z         "channel": "conda-forge",
2026-09-30T20:03:49.3816138Z         "dist_name": "mda-xdrlib-0.2.0-pyhd8ed1ab_1",
2026-09-30T20:03:49.3816241Z         "md5": "1d086e68846dadf85ee208c9459bc8bc",
2026-09-30T20:03:49.3816322Z         "name": "mda-xdrlib",
2026-09-30T20:03:49.3816408Z         "platform": "noarch",
2026-09-30T20:03:49.3816607Z         "sha256": "d35c53a76385e92ca2534af47372dc4116ab7be7c4f769e00c0876561d951395",
2026-09-30T20:03:49.3816873Z         "url": "https://conda.anaconda.org/conda-forge/noarch/mda-xdrlib-0.2.0-pyhd8ed1ab_1.conda",
2026-09-30T20:03:49.3816956Z         "version": "0.2.0"
2026-09-30T20:03:49.3817025Z     },
2026-09-30T20:03:49.3817098Z     {
2026-09-30T20:03:49.3817235Z         "base_url": "https://conda.anaconda.org/conda-forge",
2026-09-30T20:03:49.3817319Z         "build_number": 0,
2026-09-30T20:03:49.3817412Z         "build_string": "py311h2ed89a0_0",
2026-09-30T20:03:49.3817499Z         "channel": "conda-forge",
2026-09-30T20:03:49.3817615Z         "dist_name": "mdtraj-1.10.3-py311h2ed89a0_0",
2026-09-30T20:03:49.3817716Z         "md5": "4ed588338dc9534b4c2b195c2a27f940",
2026-09-30T20:03:49.3817800Z         "name": "mdtraj",
2026-09-30T20:03:49.3817884Z         "platform": "linux-64",
2026-09-30T20:03:49.3818091Z         "sha256": "c4f788ea21e37ecadec03b9495b8c0d1d35e62309b823eb075426f9b96e60622",
2026-09-30T20:03:49.3818348Z         "url": "https://conda.anaconda.org/conda-forge/linux-64/mdtraj-1.10.3-py311h2ed89a0_0.conda",
2026-09-30T20:03:49.3818517Z         "version": "1.10.3"
2026-09-30T20:03:49.3818593Z     },
2026-09-30T20:03:49.3818662Z     {
2026-09-30T20:03:49.3818803Z         "base_url": "https://conda.anaconda.org/conda-forge",
2026-09-30T20:03:49.3818962Z         "build_number": 1,
2026-09-30T20:03:49.3819058Z         "build_string": "pyhd8ed1ab_1",
2026-09-30T20:03:49.3819142Z         "channel": "conda-forge",
2026-09-30T20:03:49.3819251Z         "dist_name": "mdurl-0.1.2-pyhd8ed1ab_1",
2026-09-30T20:03:49.3819349Z         "md5": "592132998493b3ff25fd7479396e8351",
2026-09-30T20:03:49.3819431Z         "name": "mdurl",
2026-09-30T20:03:49.3819521Z         "platform": "noarch",
2026-09-30T20:03:49.3819729Z         "sha256": "78c1bbe1723449c52b7a9df1af2ee5f005209f67e40b6e1d3c7619127c43b1c7",
2026-09-30T20:03:49.3819969Z         "url": "https://conda.anaconda.org/conda-forge/noarch/mdurl-0.1.2-pyhd8ed1ab_1.conda",
2026-09-30T20:03:49.3820047Z         "version": "0.1.2"
2026-09-30T20:03:49.3820253Z     },
2026-09-30T20:03:49.3820328Z     {
2026-09-30T20:03:49.3820470Z         "base_url": "https://conda.anaconda.org/conda-forge",
2026-09-30T20:03:49.3820556Z         "build_number": 12,
2026-09-30T20:03:49.3820648Z         "build_string": "h0e700b2_12",
2026-09-30T20:03:49.3820743Z         "channel": "conda-forge",
2026-09-30T20:03:49.3820840Z         "dist_name": "mkl-2025.3.1-h0e700b2_12",
2026-09-30T20:03:49.3820950Z         "md5": "1a4a54fad5e36b8282ec6208dcb9bfb7",
2026-09-30T20:03:49.3821025Z         "name": "mkl",
2026-09-30T20:03:49.3821116Z         "platform": "linux-64",
2026-09-30T20:03:49.3821324Z         "sha256": "ed9609e4687c64532d829e466eda9fa1a8ae25938144fba3a3a20df804d796fd",
2026-09-30T20:03:49.3821565Z         "url": "https://conda.anaconda.org/conda-forge/linux-64/mkl-2025.3.1-h0e700b2_12.conda",
2026-09-30T20:03:49.3821650Z         "version": "2025.3.1"
2026-09-30T20:03:49.3821719Z     },
2026-09-30T20:03:49.3821800Z     {
2026-09-30T20:03:49.3821937Z         "base_url": "https://conda.anaconda.org/conda-forge",
2026-09-30T20:03:49.3822025Z         "build_number": 2,
2026-09-30T20:03:49.3822124Z         "build_string": "np2py311h5a3f614_2",
2026-09-30T20:03:49.3822214Z         "channel": "conda-forge",
2026-09-30T20:03:49.3822352Z         "dist_name": "ml_dtypes-0.5.4-np2py311h5a3f614_2",
2026-09-30T20:03:49.3822456Z         "md5": "7dfeb07c0ac1e63f60bc35e7519c8fd4",
2026-09-30T20:03:49.3822549Z         "name": "ml_dtypes",
2026-09-30T20:03:49.3822633Z         "platform": "linux-64",
2026-09-30T20:03:49.3822842Z         "sha256": "6e7f23c6fd3d25036d67403cdc4f4af18612a04fa5f6b04ad65188298be36765",
2026-09-30T20:03:49.3823126Z         "url": "https://conda.anaconda.org/conda-forge/linux-64/ml_dtypes-0.5.4-np2py311h5a3f614_2.conda",
2026-09-30T20:03:49.3823210Z         "version": "0.5.4"
2026-09-30T20:03:49.3823284Z     },
2026-09-30T20:03:49.3823352Z     {
2026-09-30T20:03:49.3823491Z         "base_url": "https://conda.anaconda.org/conda-forge",
2026-09-30T20:03:49.3823569Z         "build_number": 1,
2026-09-30T20:03:49.3823667Z         "build_string": "pyhd8ed1ab_1",
2026-09-30T20:03:49.3823753Z         "channel": "conda-forge",
2026-09-30T20:03:49.3823874Z         "dist_name": "mmcif_pdbx-2.0.1-pyhd8ed1ab_1",
2026-09-30T20:03:49.3823986Z         "md5": "3cca464c9baaa17621e417f66dbba26e",
2026-09-30T20:03:49.3824068Z         "name": "mmcif_pdbx",
2026-09-30T20:03:49.3824154Z         "platform": "noarch",
2026-09-30T20:03:49.3824358Z         "sha256": "853c64f76a1bfc744490a848d1fdf73f780abfd2f26fdf26665163cf12ed62a1",
2026-09-30T20:03:49.3824613Z         "url": "https://conda.anaconda.org/conda-forge/noarch/mmcif_pdbx-2.0.1-pyhd8ed1ab_1.conda",
2026-09-30T20:03:49.3824691Z         "version": "2.0.1"
2026-09-30T20:03:49.3824765Z     },
2026-09-30T20:03:49.3824835Z     {
2026-09-30T20:03:49.3824973Z         "base_url": "https://conda.anaconda.org/conda-forge",
2026-09-30T20:03:49.3825055Z         "build_number": 1,
2026-09-30T20:03:49.3825144Z         "build_string": "ha2cb11d_1",
2026-09-30T20:03:49.3825347Z         "channel": "conda-forge",
2026-09-30T20:03:49.3825449Z         "dist_name": "mpc-1.4.0-ha2cb11d_1",
2026-09-30T20:03:49.3825555Z         "md5": "f0f6c8691a9ed4099d1f287a444e251a",
2026-09-30T20:03:49.3825631Z         "name": "mpc",
2026-09-30T20:03:49.3825851Z         "platform": "linux-64",
2026-09-30T20:03:49.3826059Z         "sha256": "3d56733fe0f44159787ad086d5e7bdab8b69e6a5a9b6b873a8beb3519f3d8d07",
2026-09-30T20:03:49.3826285Z         "url": "https://conda.anaconda.org/conda-forge/linux-64/mpc-1.4.0-ha2cb11d_1.conda",
2026-09-30T20:03:49.3826365Z         "version": "1.4.0"
2026-09-30T20:03:49.3826433Z     },
2026-09-30T20:03:49.3826505Z     {
2026-09-30T20:03:49.3826637Z         "base_url": "https://conda.anaconda.org/conda-forge",
2026-09-30T20:03:49.3826722Z         "build_number": 1,
2026-09-30T20:03:49.3826815Z         "build_string": "ha2cb11d_1",
2026-09-30T20:03:49.3826898Z         "channel": "conda-forge",
2026-09-30T20:03:49.3826999Z         "dist_name": "mpfr-4.2.2-ha2cb11d_1",
2026-09-30T20:03:49.3827104Z         "md5": "7dcc10f6c0bc3596d5519a710a84dfd4",
2026-09-30T20:03:49.3827186Z         "name": "mpfr",
2026-09-30T20:03:49.3827269Z         "platform": "linux-64",
2026-09-30T20:03:49.3827480Z         "sha256": "0be79ef2ee536e0c5d3ddb4a52bbae9f26d08560623299f33db2f4c4a17c525a",
2026-09-30T20:03:49.3827717Z         "url": "https://conda.anaconda.org/conda-forge/linux-64/mpfr-4.2.2-ha2cb11d_1.conda",
2026-09-30T20:03:49.3827795Z         "version": "4.2.2"
2026-09-30T20:03:49.3827868Z     },
2026-09-30T20:03:49.3827935Z     {
2026-09-30T20:03:49.3828071Z         "base_url": "https://conda.anaconda.org/conda-forge",
2026-09-30T20:03:49.3828152Z         "build_number": 0,
2026-09-30T20:03:49.3828249Z         "build_string": "pyhd8ed1ab_0",
2026-09-30T20:03:49.3828333Z         "channel": "conda-forge",
2026-09-30T20:03:49.3828445Z         "dist_name": "mpmath-1.4.1-pyhd8ed1ab_0",
2026-09-30T20:03:49.3828546Z         "md5": "2e81b32b805f406d23ba61938a184081",
2026-09-30T20:03:49.3828629Z         "name": "mpmath",
2026-09-30T20:03:49.3828808Z         "platform": "noarch",
2026-09-30T20:03:49.3829049Z         "sha256": "5bbf2f8179ec43d34d67ca8e4989d216c1bdb4b749fe6cb40e86ebf88c1b5300",
2026-09-30T20:03:49.3829462Z         "url": "https://conda.anaconda.org/conda-forge/noarch/mpmath-1.4.1-pyhd8ed1ab_0.conda",
2026-09-30T20:03:49.3829582Z         "version": "1.4.1"
2026-09-30T20:03:49.3836721Z     },
2026-09-30T20:03:49.3836815Z     {
2026-09-30T20:03:49.3836998Z         "base_url": "https://conda.anaconda.org/conda-forge",
2026-09-30T20:03:49.3837134Z         "build_number": 1,
2026-09-30T20:03:49.3837236Z         "build_string": "pyhd8ed1ab_1",
2026-09-30T20:03:49.3837328Z         "channel": "conda-forge",
2026-09-30T20:03:49.3837451Z         "dist_name": "munkres-1.1.4-pyhd8ed1ab_1",
2026-09-30T20:03:49.3837568Z         "md5": "37293a85a0f4f77bbd9cf7aaefc62609",
2026-09-30T20:03:49.3837651Z         "name": "munkres",
2026-09-30T20:03:49.3837746Z         "platform": "noarch",
2026-09-30T20:03:49.3837978Z         "sha256": "d09c47c2cf456de5c09fa66d2c3c5035aa1fa228a1983a433c47b876aa16ce90",
2026-09-30T20:03:49.3838251Z         "url": "https://conda.anaconda.org/conda-forge/noarch/munkres-1.1.4-pyhd8ed1ab_1.conda",
2026-09-30T20:03:49.3838337Z         "version": "1.1.4"
2026-09-30T20:03:49.3838414Z     },
2026-09-30T20:03:49.3838484Z     {
2026-09-30T20:03:49.3838636Z         "base_url": "https://conda.anaconda.org/conda-forge",
2026-09-30T20:03:49.3838721Z         "build_number": 0,
2026-09-30T20:03:49.3838816Z         "build_string": "pyh5ded981_0",
2026-09-30T20:03:49.3838910Z         "channel": "conda-forge",
2026-09-30T20:03:49.3839027Z         "dist_name": "narwhals-2.26.0-pyh5ded981_0",
2026-09-30T20:03:49.3839137Z         "md5": "afb7146667be7c8121f5f8337be60680",
2026-09-30T20:03:49.3839221Z         "name": "narwhals",
2026-09-30T20:03:49.3839312Z         "platform": "noarch",
2026-09-30T20:03:49.3839530Z         "sha256": "54b91bd1aa1687b92f9e2fa5169bbf9f2bc1c428179109dd9e9fcc6b2e8c9479",
2026-09-30T20:03:49.3839954Z         "url": "https://conda.anaconda.org/conda-forge/noarch/narwhals-2.26.0-pyh5ded981_0.conda",
2026-09-30T20:03:49.3840049Z         "version": "2.26.0"
2026-09-30T20:03:49.3840301Z     },
2026-09-30T20:03:49.3840499Z     {
2026-09-30T20:03:49.3840647Z         "base_url": "https://conda.anaconda.org/conda-forge",
2026-09-30T20:03:49.3840735Z         "build_number": 1,
2026-09-30T20:03:49.3840832Z         "build_string": "hdb14827_1",
2026-09-30T20:03:49.3840920Z         "channel": "conda-forge",
2026-09-30T20:03:49.3841027Z         "dist_name": "ncurses-6.6-hdb14827_1",
2026-09-30T20:03:49.3841134Z         "md5": "ee6c0cd80a60961a1f48aa3e0b91f986",
2026-09-30T20:03:49.3841220Z         "name": "ncurses",
2026-09-30T20:03:49.3841310Z         "platform": "linux-64",
2026-09-30T20:03:49.3841523Z         "sha256": "5d46557214ed184381dafe835b7c94a474a1c3b307a08a250b1ea4779b44ffb3",
2026-09-30T20:03:49.3841774Z         "url": "https://conda.anaconda.org/conda-forge/linux-64/ncurses-6.6-hdb14827_1.conda",
2026-09-30T20:03:49.3841865Z         "version": "6.6"
2026-09-30T20:03:49.3841939Z     },
2026-09-30T20:03:49.3842012Z     {
2026-09-30T20:03:49.3842172Z         "base_url": "https://conda.anaconda.org/conda-forge",
2026-09-30T20:03:49.3842268Z         "build_number": 101,
2026-09-30T20:03:49.3842376Z         "build_string": "nompi_h52816da_101",
2026-09-30T20:03:49.3842463Z         "channel": "conda-forge",
2026-09-30T20:03:49.3842611Z         "dist_name": "netcdf-fortran-4.6.4-nompi_h52816da_101",
2026-09-30T20:03:49.3842721Z         "md5": "2f18bb969e8acd8a1f45293e9782374e",
2026-09-30T20:03:49.3842808Z         "name": "netcdf-fortran",
2026-09-30T20:03:49.3842900Z         "platform": "linux-64",
2026-09-30T20:03:49.3843116Z         "sha256": "2cfd22d5e29f50b98be6724e6f64eaf0bdc96e2369543c7d430e33f34a465857",
2026-09-30T20:03:49.3843439Z         "url": "https://conda.anaconda.org/conda-forge/linux-64/netcdf-fortran-4.6.4-nompi_h52816da_101.conda",
2026-09-30T20:03:49.3843524Z         "version": "4.6.4"
2026-09-30T20:03:49.3843599Z     },
2026-09-30T20:03:49.3843676Z     {
2026-09-30T20:03:49.3843817Z         "base_url": "https://conda.anaconda.org/conda-forge",
2026-09-30T20:03:49.3843909Z         "build_number": 111,
2026-09-30T20:03:49.3844019Z         "build_string": "nompi_py311hd34d2e2_111",
2026-09-30T20:03:49.3844113Z         "channel": "conda-forge",
2026-09-30T20:03:49.3844237Z         "dist_name": "netcdf4-1.7.4-nompi_py311hd34d2e2_111",
2026-09-30T20:03:49.3844343Z         "md5": "d697ebf773f33945402fe3e1fda13635",
2026-09-30T20:03:49.3844422Z         "name": "netcdf4",
2026-09-30T20:03:49.3844515Z         "platform": "linux-64",
2026-09-30T20:03:49.3844731Z         "sha256": "4b20986b989bbaae60e2b9ddf0c2bf3c16ef4c2102aa416c17318e5ffe204cda",
2026-09-30T20:03:49.3845022Z         "url": "https://conda.anaconda.org/conda-forge/linux-64/netcdf4-1.7.4-nompi_py311hd34d2e2_111.conda",
2026-09-30T20:03:49.3845107Z         "version": "1.7.4"
2026-09-30T20:03:49.3845176Z     },
2026-09-30T20:03:49.3845254Z     {
2026-09-30T20:03:49.3845389Z         "base_url": "https://conda.anaconda.org/conda-forge",
2026-09-30T20:03:49.3845476Z         "build_number": 0,
2026-09-30T20:03:49.3845573Z         "build_string": "pyhcf101f3_0",
2026-09-30T20:03:49.3845662Z         "channel": "conda-forge",
2026-09-30T20:03:49.3845780Z         "dist_name": "networkx-3.6.1-pyhcf101f3_0",
2026-09-30T20:03:49.3845889Z         "md5": "a2c1eeadae7a309daed9d62c96012a2b",
2026-09-30T20:03:49.3845977Z         "name": "networkx",
2026-09-30T20:03:49.3846062Z         "platform": "noarch",
2026-09-30T20:03:49.3846271Z         "sha256": "f6a82172afc50e54741f6f84527ef10424326611503c64e359e25a19a8e4c1c6",
2026-09-30T20:03:49.3846526Z         "url": "https://conda.anaconda.org/conda-forge/noarch/networkx-3.6.1-pyhcf101f3_0.conda",
2026-09-30T20:03:49.3846606Z         "version": "3.6.1"
2026-09-30T20:03:49.3846687Z     },
2026-09-30T20:03:49.3846757Z     {
2026-09-30T20:03:49.3847013Z         "base_url": "https://conda.anaconda.org/conda-forge",
2026-09-30T20:03:49.3847098Z         "build_number": 2,
2026-09-30T20:03:49.3847207Z         "build_string": "np2py311h1a37cdc_2",
2026-09-30T20:03:49.3847299Z         "channel": "conda-forge",
2026-09-30T20:03:49.3847495Z         "dist_name": "nlopt-2.11.0-np2py311h1a37cdc_2",
2026-09-30T20:03:49.3847608Z         "md5": "d007e0bfca39bfd63fb73774a7319947",
2026-09-30T20:03:49.3847689Z         "name": "nlopt",
2026-09-30T20:03:49.3847780Z         "platform": "linux-64",
2026-09-30T20:03:49.3847992Z         "sha256": "c14425f704cf2daead46d5fddccca6cc0a91319808b0564f4fd314821f84524e",
2026-09-30T20:03:49.3848272Z         "url": "https://conda.anaconda.org/conda-forge/linux-64/nlopt-2.11.0-np2py311h1a37cdc_2.conda",
2026-09-30T20:03:49.3848359Z         "version": "2.11.0"
2026-09-30T20:03:49.3848428Z     },
2026-09-30T20:03:49.3848506Z     {
2026-09-30T20:03:49.3848639Z         "base_url": "https://conda.anaconda.org/conda-forge",
2026-09-30T20:03:49.3848726Z         "build_number": 1,
2026-09-30T20:03:49.3848826Z         "build_string": "py311hdfc3925_1",
2026-09-30T20:03:49.3848922Z         "channel": "conda-forge",
2026-09-30T20:03:49.3849035Z         "dist_name": "numba-0.67.0-py311hdfc3925_1",
2026-09-30T20:03:49.3849142Z         "md5": "e32e21325dea34226840b71a57982ef3",
2026-09-30T20:03:49.3849225Z         "name": "numba",
2026-09-30T20:03:49.3849310Z         "platform": "linux-64",
2026-09-30T20:03:49.3849520Z         "sha256": "3129c290e7d02cd7fd8a44da0f1985539e7c659b18624b7298baaa267718d942",
2026-09-30T20:03:49.3849773Z         "url": "https://conda.anaconda.org/conda-forge/linux-64/numba-0.67.0-py311hdfc3925_1.conda",
2026-09-30T20:03:49.3849860Z         "version": "0.67.0"
2026-09-30T20:03:49.3849930Z     },
2026-09-30T20:03:49.3850005Z     {
2026-09-30T20:03:49.3850287Z         "base_url": "https://conda.anaconda.org/conda-forge",
2026-09-30T20:03:49.3850377Z         "build_number": 1,
2026-09-30T20:03:49.3850485Z         "build_string": "mkl_py311hf9c0e9f_1",
2026-09-30T20:03:49.3850575Z         "channel": "conda-forge",
2026-09-30T20:03:49.3850703Z         "dist_name": "numexpr-2.14.1-mkl_py311hf9c0e9f_1",
2026-09-30T20:03:49.3850807Z         "md5": "edd1aeb10567e2d661cf75780d046971",
2026-09-30T20:03:49.3850898Z         "name": "numexpr",
2026-09-30T20:03:49.3850983Z         "platform": "linux-64",
2026-09-30T20:03:49.3851197Z         "sha256": "06d66f29fd58d437567e4db9152831d85e4c0806a9bffab9f63b00cb703e9283",
2026-09-30T20:03:49.3851482Z         "url": "https://conda.anaconda.org/conda-forge/linux-64/numexpr-2.14.1-mkl_py311hf9c0e9f_1.conda",
2026-09-30T20:03:49.3851562Z         "version": "2.14.1"
2026-09-30T20:03:49.3851637Z     },
2026-09-30T20:03:49.3851709Z     {
2026-09-30T20:03:49.3851857Z         "base_url": "https://conda.anaconda.org/conda-forge",
2026-09-30T20:03:49.3851939Z         "build_number": 0,
2026-09-30T20:03:49.3852040Z         "build_string": "py311h64a7726_0",
2026-09-30T20:03:49.3852131Z         "channel": "conda-forge",
2026-09-30T20:03:49.3852244Z         "dist_name": "numpy-1.26.4-py311h64a7726_0",
2026-09-30T20:03:49.3852357Z         "md5": "a502d7aad449a1206efb366d6a12c52d",
2026-09-30T20:03:49.3852435Z         "name": "numpy",
2026-09-30T20:03:49.3852528Z         "platform": "linux-64",
2026-09-30T20:03:49.3852732Z         "sha256": "3f4365e11b28e244c95ba8579942b0802761ba7bb31c026f50d1a9ea9c728149",
2026-09-30T20:03:49.3852994Z         "url": "https://conda.anaconda.org/conda-forge/linux-64/numpy-1.26.4-py311h64a7726_0.conda",
2026-09-30T20:03:49.3853079Z         "version": "1.26.4"
2026-09-30T20:03:49.3853148Z     },
2026-09-30T20:03:49.3853222Z     {
2026-09-30T20:03:49.3853357Z         "base_url": "https://conda.anaconda.org/conda-forge",
2026-09-30T20:03:49.3853442Z         "build_number": 1,
2026-09-30T20:03:49.3853532Z         "build_string": "hb03c661_1",
2026-09-30T20:03:49.3853623Z         "channel": "conda-forge",
2026-09-30T20:03:49.3853730Z         "dist_name": "ocl-icd-2.3.4-hb03c661_1",
2026-09-30T20:03:49.3853944Z         "md5": "c2871ba95727fd1382c05db66048b64c",
2026-09-30T20:03:49.3854033Z         "name": "ocl-icd",
2026-09-30T20:03:49.3854119Z         "platform": "linux-64",
2026-09-30T20:03:49.3854323Z         "sha256": "75f3bf733523a338f73d6c276c4a26634877cd970edb558f2769d9fa52b100a9",
2026-09-30T20:03:49.3854667Z         "url": "https://conda.anaconda.org/conda-forge/linux-64/ocl-icd-2.3.4-hb03c661_1.conda",
2026-09-30T20:03:49.3854751Z         "version": "2.3.4"
2026-09-30T20:03:49.3854821Z     },
2026-09-30T20:03:49.3854896Z     {
2026-09-30T20:03:49.3855035Z         "base_url": "https://conda.anaconda.org/conda-forge",
2026-09-30T20:03:49.3855113Z         "build_number": 1,
2026-09-30T20:03:49.3855202Z         "build_string": "1",
2026-09-30T20:03:49.3855285Z         "channel": "conda-forge",
2026-09-30T20:03:49.3855394Z         "dist_name": "ocl-icd-system-1.0.0-1",
2026-09-30T20:03:49.3855490Z         "md5": "577a4bd049737b11a24524e39a16a1f3",
2026-09-30T20:03:49.3855584Z         "name": "ocl-icd-system",
2026-09-30T20:03:49.3855677Z         "platform": "linux-64",
2026-09-30T20:03:49.3855895Z         "sha256": "cb0ce5ce5ede1be2fd9edf88abd3ce3e6c2b7397c0283d623e4d8ccf96a1ed09",
2026-09-30T20:03:49.3856143Z         "url": "https://conda.anaconda.org/conda-forge/linux-64/ocl-icd-system-1.0.0-1.tar.bz2",
2026-09-30T20:03:49.3856226Z         "version": "1.0.0"
2026-09-30T20:03:49.3856302Z     },
2026-09-30T20:03:49.3856373Z     {
2026-09-30T20:03:49.3856511Z         "base_url": "https://conda.anaconda.org/conda-forge",
2026-09-30T20:03:49.3856602Z         "build_number": 12,
2026-09-30T20:03:49.3856694Z         "build_string": "hf2ce2f3_12",
2026-09-30T20:03:49.3856785Z         "channel": "conda-forge",
2026-09-30T20:03:49.3856914Z         "dist_name": "onemkl-license-2025.3.1-hf2ce2f3_12",
2026-09-30T20:03:49.3857017Z         "md5": "95321ce2d03500a23a6e80034cbd4804",
2026-09-30T20:03:49.3857103Z         "name": "onemkl-license",
2026-09-30T20:03:49.3857190Z         "platform": "linux-64",
2026-09-30T20:03:49.3857400Z         "sha256": "bdc5e2eec18512a21ab330d5b2b3dd8b285410f4076efc5379a2ef193d81b832",
2026-09-30T20:03:49.3857691Z         "url": "https://conda.anaconda.org/conda-forge/linux-64/onemkl-license-2025.3.1-hf2ce2f3_12.conda",
2026-09-30T20:03:49.3857777Z         "version": "2025.3.1"
2026-09-30T20:03:49.3857851Z     },
2026-09-30T20:03:49.3857925Z     {
2026-09-30T20:03:49.3858055Z         "base_url": "https://conda.anaconda.org/conda-forge",
2026-09-30T20:03:49.3858143Z         "build_number": 0,
2026-09-30T20:03:49.3858231Z         "build_string": "hecca717_0",
2026-09-30T20:03:49.3858320Z         "channel": "conda-forge",
2026-09-30T20:03:49.3858456Z         "dist_name": "opencl-headers-2025.06.13-hecca717_0",
2026-09-30T20:03:49.3858556Z         "md5": "c930c8052d780caa41216af7de472226",
2026-09-30T20:03:49.3858648Z         "name": "opencl-headers",
2026-09-30T20:03:49.3858732Z         "platform": "linux-64",
2026-09-30T20:03:49.3858951Z         "sha256": "8de2f0cd8a659b01abf86e7fbb8cea4f28ada62fd288429a2bbc040db1b98dd0",
2026-09-30T20:03:49.3859245Z         "url": "https://conda.anaconda.org/conda-forge/linux-64/opencl-headers-2025.06.13-hecca717_0.conda",
2026-09-30T20:03:49.3859332Z         "version": "2025.06.13"
2026-09-30T20:03:49.3859404Z     },
2026-09-30T20:03:49.3859477Z     {
2026-09-30T20:03:49.3859618Z         "base_url": "https://conda.anaconda.org/conda-forge",
2026-09-30T20:03:49.3859698Z         "build_number": 0,
2026-09-30T20:03:49.3859798Z         "build_string": "pyhd8ed1ab_0",
2026-09-30T20:03:49.3859882Z         "channel": "conda-forge",
2026-09-30T20:03:49.3860053Z         "dist_name": "openff-amber-ff-ports-2025.09.0-pyhd8ed1ab_0",
2026-09-30T20:03:49.3860292Z         "md5": "577353bf1c9f4dca81e99400cc7ca571",
2026-09-30T20:03:49.3860397Z         "name": "openff-amber-ff-ports",
2026-09-30T20:03:49.3860487Z         "platform": "noarch",
2026-09-30T20:03:49.3860686Z         "sha256": "a437b074cb53a94275ea2d8294776115780a9b9177acdf0dac658887e61e69b0",
2026-09-30T20:03:49.3861126Z         "url": "https://conda.anaconda.org/conda-forge/noarch/openff-amber-ff-ports-2025.09.0-pyhd8ed1ab_0.conda",
2026-09-30T20:03:49.3861216Z         "version": "2025.09.0"
2026-09-30T20:03:49.3861293Z     },
2026-09-30T20:03:49.3861365Z     {
2026-09-30T20:03:49.3861614Z         "base_url": "https://conda.anaconda.org/conda-forge",
2026-09-30T20:03:49.3861701Z         "build_number": 0,
2026-09-30T20:03:49.3861792Z         "build_string": "pyhd8ed1ab_0",
2026-09-30T20:03:49.3861883Z         "channel": "conda-forge",
2026-09-30T20:03:49.3862033Z         "dist_name": "openff-forcefields-2026.01.0-pyhd8ed1ab_0",
2026-09-30T20:03:49.3862138Z         "md5": "a58c407277d3c04a21cea9eaeea03618",
2026-09-30T20:03:49.3862231Z         "name": "openff-forcefields",
2026-09-30T20:03:49.3862318Z         "platform": "noarch",
2026-09-30T20:03:49.3862524Z         "sha256": "0ddbef322b893062565e91218689a9ffff1380f6742df12d783ce63b49325c57",
2026-09-30T20:03:49.3862835Z         "url": "https://conda.anaconda.org/conda-forge/noarch/openff-forcefields-2026.01.0-pyhd8ed1ab_0.conda",
2026-09-30T20:03:49.3862924Z         "version": "2026.01.0"
2026-09-30T20:03:49.3862996Z     },
2026-09-30T20:03:49.3863070Z     {
2026-09-30T20:03:49.3863208Z         "base_url": "https://conda.anaconda.org/conda-forge",
2026-09-30T20:03:49.3863302Z         "build_number": 1,
2026-09-30T20:03:49.3863396Z         "build_string": "pyhd8ed1ab_1",
2026-09-30T20:03:49.3863481Z         "channel": "conda-forge",
2026-09-30T20:03:49.3863622Z         "dist_name": "openff-interchange-0.5.2-pyhd8ed1ab_1",
2026-09-30T20:03:49.3863718Z         "md5": "523411c59085097af496b96398fc04b2",
2026-09-30T20:03:49.3863815Z         "name": "openff-interchange",
2026-09-30T20:03:49.3863897Z         "platform": "noarch",
2026-09-30T20:03:49.3864100Z         "sha256": "f3f69e20659c35fa20269d5284f0951f2929e43f95906f4f6b2d3febd3bca9ee",
2026-09-30T20:03:49.3864396Z         "url": "https://conda.anaconda.org/conda-forge/noarch/openff-interchange-0.5.2-pyhd8ed1ab_1.conda",
2026-09-30T20:03:49.3864477Z         "version": "0.5.2"
2026-09-30T20:03:49.3864556Z     },
2026-09-30T20:03:49.3864625Z     {
2026-09-30T20:03:49.3864762Z         "base_url": "https://conda.anaconda.org/conda-forge",
2026-09-30T20:03:49.3864844Z         "build_number": 1,
2026-09-30T20:03:49.3864943Z         "build_string": "pyhd8ed1ab_1",
2026-09-30T20:03:49.3865026Z         "channel": "conda-forge",
2026-09-30T20:03:49.3865187Z         "dist_name": "openff-interchange-base-0.5.2-pyhd8ed1ab_1",
2026-09-30T20:03:49.3865284Z         "md5": "84571b45748158da14107e54797a1f7c",
2026-09-30T20:03:49.3865384Z         "name": "openff-interchange-base",
2026-09-30T20:03:49.3865468Z         "platform": "noarch",
2026-09-30T20:03:49.3865669Z         "sha256": "0c22b9e20581bab03d5965eebcb0b5920ddd65d52d524fb2c42c040c27083f73",
2026-09-30T20:03:49.3865979Z         "url": "https://conda.anaconda.org/conda-forge/noarch/openff-interchange-base-0.5.2-pyhd8ed1ab_1.conda",
2026-09-30T20:03:49.3866059Z         "version": "0.5.2"
2026-09-30T20:03:49.3866135Z     },
2026-09-30T20:03:49.3866212Z     {
2026-09-30T20:03:49.3866343Z         "base_url": "https://conda.anaconda.org/conda-forge",
2026-09-30T20:03:49.3866427Z         "build_number": 2,
2026-09-30T20:03:49.3866515Z         "build_string": "pyh3fa9b46_2",
2026-09-30T20:03:49.3866610Z         "channel": "conda-forge",
2026-09-30T20:03:49.3866733Z         "dist_name": "openff-nagl-0.5.5-pyh3fa9b46_2",
2026-09-30T20:03:49.3866835Z         "md5": "74da5b356b36e416913a2df6ba24cabd",
2026-09-30T20:03:49.3866930Z         "name": "openff-nagl",
2026-09-30T20:03:49.3867016Z         "platform": "noarch",
2026-09-30T20:03:49.3867235Z         "sha256": "cadee650c8e37f677af3e4fb2da76ae64f12511f8b1b6952a90eeb6fd68d41b3",
2026-09-30T20:03:49.3867498Z         "url": "https://conda.anaconda.org/conda-forge/noarch/openff-nagl-0.5.5-pyh3fa9b46_2.conda",
2026-09-30T20:03:49.3867582Z         "version": "0.5.5"
2026-09-30T20:03:49.3867652Z     },
2026-09-30T20:03:49.3867725Z     {
2026-09-30T20:03:49.3867984Z         "base_url": "https://conda.anaconda.org/conda-forge",
2026-09-30T20:03:49.3868067Z         "build_number": 2,
2026-09-30T20:03:49.3868159Z         "build_string": "pyhc364b38_2",
2026-09-30T20:03:49.3868243Z         "channel": "conda-forge",
2026-09-30T20:03:49.3868452Z         "dist_name": "openff-nagl-base-0.5.5-pyhc364b38_2",
2026-09-30T20:03:49.3868553Z         "md5": "ff685f6e4d7c5c97efa33c05bf51aa9a",
2026-09-30T20:03:49.3868651Z         "name": "openff-nagl-base",
2026-09-30T20:03:49.3868736Z         "platform": "noarch",
2026-09-30T20:03:49.3868942Z         "sha256": "a0f3d4cd4fa07f1cf8da199836c55aad420fd391c428f491d1960257cbf9d350",
2026-09-30T20:03:49.3869229Z         "url": "https://conda.anaconda.org/conda-forge/noarch/openff-nagl-base-0.5.5-pyhc364b38_2.conda",
2026-09-30T20:03:49.3869307Z         "version": "0.5.5"
2026-09-30T20:03:49.3869382Z     },
2026-09-30T20:03:49.3869450Z     {
2026-09-30T20:03:49.3869589Z         "base_url": "https://conda.anaconda.org/conda-forge",
2026-09-30T20:03:49.3869675Z         "build_number": 1,
2026-09-30T20:03:49.3869774Z         "build_string": "pyhd8ed1ab_1",
2026-09-30T20:03:49.3869858Z         "channel": "conda-forge",
2026-09-30T20:03:49.3870004Z         "dist_name": "openff-nagl-models-2025.9.0-pyhd8ed1ab_1",
2026-09-30T20:03:49.3870229Z         "md5": "20e56a5d82df788b52c40bad35178aff",
2026-09-30T20:03:49.3870333Z         "name": "openff-nagl-models",
2026-09-30T20:03:49.3870414Z         "platform": "noarch",
2026-09-30T20:03:49.3870620Z         "sha256": "0bb342e22d1fb8e869769d7f9ffcdc8b653646b9468671df71024a026d375910",
2026-09-30T20:03:49.3870922Z         "url": "https://conda.anaconda.org/conda-forge/noarch/openff-nagl-models-2025.9.0-pyhd8ed1ab_1.conda",
2026-09-30T20:03:49.3871000Z         "version": "2025.9.0"
2026-09-30T20:03:49.3871073Z     },
2026-09-30T20:03:49.3871142Z     {
2026-09-30T20:03:49.3871278Z         "base_url": "https://conda.anaconda.org/conda-forge",
2026-09-30T20:03:49.3871356Z         "build_number": 6,
2026-09-30T20:03:49.3871453Z         "build_string": "pyhd8ed1ab_6",
2026-09-30T20:03:49.3871542Z         "channel": "conda-forge",
2026-09-30T20:03:49.3871672Z         "dist_name": "openff-toolkit-0.18.0-pyhd8ed1ab_6",
2026-09-30T20:03:49.3871780Z         "md5": "225afbf746223f5bca10aceb2603840d",
2026-09-30T20:03:49.3871867Z         "name": "openff-toolkit",
2026-09-30T20:03:49.3871950Z         "platform": "noarch",
2026-09-30T20:03:49.3872155Z         "sha256": "224300e5a1f81528cbe8dbddb3cb7fbbd29c582cae69fe4a2002f0204426c190",
2026-09-30T20:03:49.3872434Z         "url": "https://conda.anaconda.org/conda-forge/noarch/openff-toolkit-0.18.0-pyhd8ed1ab_6.conda",
2026-09-30T20:03:49.3872518Z         "version": "0.18.0"
2026-09-30T20:03:49.3872587Z     },
2026-09-30T20:03:49.3872663Z     {
2026-09-30T20:03:49.3872793Z         "base_url": "https://conda.anaconda.org/conda-forge",
2026-09-30T20:03:49.3872876Z         "build_number": 6,
2026-09-30T20:03:49.3872962Z         "build_string": "pyhd8ed1ab_6",
2026-09-30T20:03:49.3873050Z         "channel": "conda-forge",
2026-09-30T20:03:49.3873194Z         "dist_name": "openff-toolkit-base-0.18.0-pyhd8ed1ab_6",
2026-09-30T20:03:49.3873304Z         "md5": "dcbe30e80b540b5e974e97fcb81217a5",
2026-09-30T20:03:49.3873405Z         "name": "openff-toolkit-base",
2026-09-30T20:03:49.3873489Z         "platform": "noarch",
2026-09-30T20:03:49.3873685Z         "sha256": "902026623f996f924cc13e3e383bdb907900c4f081e459c32296f4159d6bd908",
2026-09-30T20:03:49.3873982Z         "url": "https://conda.anaconda.org/conda-forge/noarch/openff-toolkit-base-0.18.0-pyhd8ed1ab_6.conda",
2026-09-30T20:03:49.3874065Z         "version": "0.18.0"
2026-09-30T20:03:49.3874134Z     },
2026-09-30T20:03:49.3874206Z     {
2026-09-30T20:03:49.3874342Z         "base_url": "https://conda.anaconda.org/conda-forge",
2026-09-30T20:03:49.3874421Z         "build_number": 0,
2026-09-30T20:03:49.3874514Z         "build_string": "pyhd8ed1ab_0",
2026-09-30T20:03:49.3874598Z         "channel": "conda-forge",
2026-09-30T20:03:49.3874841Z         "dist_name": "openff-units-0.3.2-pyhd8ed1ab_0",
2026-09-30T20:03:49.3874944Z         "md5": "764a41caac8b44b289721573cf25e471",
2026-09-30T20:03:49.3875033Z         "name": "openff-units",
2026-09-30T20:03:49.3875119Z         "platform": "noarch",
2026-09-30T20:03:49.3875426Z         "sha256": "ce06098d58e12bbcdae73a5eb62556b59a0b39b01518ee61fd2713b7fb5948d4",
2026-09-30T20:03:49.3875694Z         "url": "https://conda.anaconda.org/conda-forge/noarch/openff-units-0.3.2-pyhd8ed1ab_0.conda",
2026-09-30T20:03:49.3875774Z         "version": "0.3.2"
2026-09-30T20:03:49.3875847Z     },
2026-09-30T20:03:49.3875914Z     {
2026-09-30T20:03:49.3876048Z         "base_url": "https://conda.anaconda.org/conda-forge",
2026-09-30T20:03:49.3876125Z         "build_number": 0,
2026-09-30T20:03:49.3876218Z         "build_string": "pyh5ded981_0",
2026-09-30T20:03:49.3876306Z         "channel": "conda-forge",
2026-09-30T20:03:49.3876437Z         "dist_name": "openff-utilities-0.1.18-pyh5ded981_0",
2026-09-30T20:03:49.3876546Z         "md5": "c798e7b0be607f50e5ea6d6c44ceb5b3",
2026-09-30T20:03:49.3876639Z         "name": "openff-utilities",
2026-09-30T20:03:49.3876726Z         "platform": "noarch",
2026-09-30T20:03:49.3876930Z         "sha256": "341cbbc8684e99d9f7a3d9ae52c9d6fea8899fa36bb6f569747a8e0921a32262",
2026-09-30T20:03:49.3877226Z         "url": "https://conda.anaconda.org/conda-forge/noarch/openff-utilities-0.1.18-pyh5ded981_0.conda",
2026-09-30T20:03:49.3877312Z         "version": "0.1.18"
2026-09-30T20:03:49.3877380Z     },
2026-09-30T20:03:49.3877451Z     {
2026-09-30T20:03:49.3877581Z         "base_url": "https://conda.anaconda.org/conda-forge",
2026-09-30T20:03:49.3877664Z         "build_number": 2,
2026-09-30T20:03:49.3877752Z         "build_string": "heb1ab33_2",
2026-09-30T20:03:49.3877840Z         "channel": "conda-forge",
2026-09-30T20:03:49.3877949Z         "dist_name": "openjpeg-2.5.4-heb1ab33_2",
2026-09-30T20:03:49.3878050Z         "md5": "a3f3ac7a68d01c198e276dbb99e62032",
2026-09-30T20:03:49.3878135Z         "name": "openjpeg",
2026-09-30T20:03:49.3878222Z         "platform": "linux-64",
2026-09-30T20:03:49.3878423Z         "sha256": "131688a88bea8da92fe418c4558c5073435e2848911bc4c836c3a9dd5994b4aa",
2026-09-30T20:03:49.3878669Z         "url": "https://conda.anaconda.org/conda-forge/linux-64/openjpeg-2.5.4-heb1ab33_2.conda",
2026-09-30T20:03:49.3878754Z         "version": "2.5.4"
2026-09-30T20:03:49.3878827Z     },
2026-09-30T20:03:49.3878895Z     {
2026-09-30T20:03:49.3879032Z         "base_url": "https://conda.anaconda.org/conda-forge",
2026-09-30T20:03:49.3879111Z         "build_number": 0,
2026-09-30T20:03:49.3879203Z         "build_string": "hbde042b_0",
2026-09-30T20:03:49.3879288Z         "channel": "conda-forge",
2026-09-30T20:03:49.3879397Z         "dist_name": "openldap-2.6.13-hbde042b_0",
2026-09-30T20:03:49.3879488Z         "md5": "680608784722880fbfe1745067570b00",
2026-09-30T20:03:49.3879573Z         "name": "openldap",
2026-09-30T20:03:49.3879660Z         "platform": "linux-64",
2026-09-30T20:03:49.3879867Z         "sha256": "21c4f6c7f41dc9bec2ea2f9c80440d9a4d45a6f2ac13243e658f10dcf1044146",
2026-09-30T20:03:49.3880243Z         "url": "https://conda.anaconda.org/conda-forge/linux-64/openldap-2.6.13-hbde042b_0.conda",
2026-09-30T20:03:49.3880332Z         "version": "2.6.13"
2026-09-30T20:03:49.3880407Z     },
2026-09-30T20:03:49.3880475Z     {
2026-09-30T20:03:49.3880618Z         "base_url": "https://conda.anaconda.org/conda-forge",
2026-09-30T20:03:49.3880706Z         "build_number": 0,
2026-09-30T20:03:49.3880800Z         "build_string": "py311h1aadaef_0",
2026-09-30T20:03:49.3880889Z         "channel": "conda-forge",
2026-09-30T20:03:49.3881005Z         "dist_name": "openmm-8.6.1-py311h1aadaef_0",
2026-09-30T20:03:49.3881110Z         "md5": "585e6c8b07367b6b8d3c99329ff9a656",
2026-09-30T20:03:49.3881189Z         "name": "openmm",
2026-09-30T20:03:49.3881278Z         "platform": "linux-64",
2026-09-30T20:03:49.3881487Z         "sha256": "b2991b5a184b9b6c018569fcf6da30dfb2d999d9c840603ee7d158a663074183",
2026-09-30T20:03:49.3881864Z         "url": "https://conda.anaconda.org/conda-forge/linux-64/openmm-8.6.1-py311h1aadaef_0.conda",
2026-09-30T20:03:49.3881952Z         "version": "8.6.1"
2026-09-30T20:03:49.3882021Z     },
2026-09-30T20:03:49.3882219Z     {
2026-09-30T20:03:49.3882355Z         "base_url": "https://conda.anaconda.org/conda-forge",
2026-09-30T20:03:49.3882439Z         "build_number": 1,
2026-09-30T20:03:49.3882529Z         "build_string": "pyhc364b38_1",
2026-09-30T20:03:49.3882619Z         "channel": "conda-forge",
2026-09-30T20:03:49.3882757Z         "dist_name": "openmmforcefields-0.16.0-pyhc364b38_1",
2026-09-30T20:03:49.3882854Z         "md5": "d6489d9c290f263716030840c6a47143",
2026-09-30T20:03:49.3882948Z         "name": "openmmforcefields",
2026-09-30T20:03:49.3883031Z         "platform": "noarch",
2026-09-30T20:03:49.3883242Z         "sha256": "d209cce1ee25188b831c1517529f592d7b270fe1d5a54bf31fee5141447ccaa3",
2026-09-30T20:03:49.3883540Z         "url": "https://conda.anaconda.org/conda-forge/noarch/openmmforcefields-0.16.0-pyhc364b38_1.conda",
2026-09-30T20:03:49.3883624Z         "version": "0.16.0"
2026-09-30T20:03:49.3883695Z     },
2026-09-30T20:03:49.3883761Z     {
2026-09-30T20:03:49.3883865Z         "base_url": "https://pypi.org/",
2026-09-30T20:03:49.3883948Z         "build_number": 0,
2026-09-30T20:03:49.3884036Z         "build_string": "pypi_0",
2026-09-30T20:03:49.3884115Z         "channel": "pypi",
2026-09-30T20:03:49.3884216Z         "dist_name": "openmmml-1.8-pypi_0",
2026-09-30T20:03:49.3884295Z         "md5": "",
2026-09-30T20:03:49.3884375Z         "name": "openmmml",
2026-09-30T20:03:49.3884467Z         "platform": "linux-x86_64",
2026-09-30T20:03:49.3884540Z         "sha256": "",
2026-09-30T20:03:49.3884616Z         "url": "",
2026-09-30T20:03:49.3884693Z         "version": "1.8"
2026-09-30T20:03:49.3884764Z     },
2026-09-30T20:03:49.3884832Z     {
2026-09-30T20:03:49.3884972Z         "base_url": "https://conda.anaconda.org/conda-forge",
2026-09-30T20:03:49.3885055Z         "build_number": 0,
2026-09-30T20:03:49.3885147Z         "build_string": "h781a0a9_0",
2026-09-30T20:03:49.3885236Z         "channel": "conda-forge",
2026-09-30T20:03:49.3885338Z         "dist_name": "openssl-3.6.4-h781a0a9_0",
2026-09-30T20:03:49.3885445Z         "md5": "16e3034a330cc625f2c685edec60cf4e",
2026-09-30T20:03:49.3885523Z         "name": "openssl",
2026-09-30T20:03:49.3885612Z         "platform": "linux-64",
2026-09-30T20:03:49.3885817Z         "sha256": "4747b2d6a8336f52343bceb8a1ebf41a9e6e665b9d2e3f989972de53a310599e",
2026-09-30T20:03:49.3886062Z         "url": "https://conda.anaconda.org/conda-forge/linux-64/openssl-3.6.4-h781a0a9_0.conda",
2026-09-30T20:03:49.3886143Z         "version": "3.6.4"
2026-09-30T20:03:49.3886211Z     },
2026-09-30T20:03:49.3886281Z     {
2026-09-30T20:03:49.3886415Z         "base_url": "https://conda.anaconda.org/conda-forge",
2026-09-30T20:03:49.3886501Z         "build_number": 1,
2026-09-30T20:03:49.3886587Z         "build_string": "hd8ed1ab_1",
2026-09-30T20:03:49.3886679Z         "channel": "conda-forge",
2026-09-30T20:03:49.3886794Z         "dist_name": "opt-einsum-3.4.0-hd8ed1ab_1",
2026-09-30T20:03:49.3886894Z         "md5": "b94f689d8b1ce7dd212946e0331037ad",
2026-09-30T20:03:49.3886983Z         "name": "opt-einsum",
2026-09-30T20:03:49.3887068Z         "platform": "noarch",
2026-09-30T20:03:49.3887269Z         "sha256": "8db3d841c72f184de69e1237b900a2d79c742e30e8378973814543bf987b6bc6",
2026-09-30T20:03:49.3887517Z         "url": "https://conda.anaconda.org/conda-forge/noarch/opt-einsum-3.4.0-hd8ed1ab_1.conda",
2026-09-30T20:03:49.3887600Z         "version": "3.4.0"
2026-09-30T20:03:49.3887674Z     },
2026-09-30T20:03:49.3887742Z     {
2026-09-30T20:03:49.3887879Z         "base_url": "https://conda.anaconda.org/conda-forge",
2026-09-30T20:03:49.3887958Z         "build_number": 1,
2026-09-30T20:03:49.3888052Z         "build_string": "pyhd8ed1ab_1",
2026-09-30T20:03:49.3888135Z         "channel": "conda-forge",
2026-09-30T20:03:49.3888340Z         "dist_name": "opt_einsum-3.4.0-pyhd8ed1ab_1",
2026-09-30T20:03:49.3888440Z         "md5": "52919815cd35c4e1a0298af658ccda04",
2026-09-30T20:03:49.3888525Z         "name": "opt_einsum",
2026-09-30T20:03:49.3888610Z         "platform": "noarch",
2026-09-30T20:03:49.3888898Z         "sha256": "af71aabb2bfa4b2c89b7b06403e5cec23b418452cae9f9772bd7ac3f9ea1ff44",
2026-09-30T20:03:49.3889155Z         "url": "https://conda.anaconda.org/conda-forge/noarch/opt_einsum-3.4.0-pyhd8ed1ab_1.conda",
2026-09-30T20:03:49.3889233Z         "version": "3.4.0"
2026-09-30T20:03:49.3889304Z     },
2026-09-30T20:03:49.3889371Z     {
2026-09-30T20:03:49.3889505Z         "base_url": "https://conda.anaconda.org/conda-forge",
2026-09-30T20:03:49.3889586Z         "build_number": 2,
2026-09-30T20:03:49.3889673Z         "build_string": "pyh5ded981_2",
2026-09-30T20:03:49.3889759Z         "channel": "conda-forge",
2026-09-30T20:03:49.3889880Z         "dist_name": "opt_einsum_fx-0.1.4-pyh5ded981_2",
2026-09-30T20:03:49.3889982Z         "md5": "ac732614dc550ddeb79a1b635b082ff5",
2026-09-30T20:03:49.3890071Z         "name": "opt_einsum_fx",
2026-09-30T20:03:49.3890287Z         "platform": "noarch",
2026-09-30T20:03:49.3890496Z         "sha256": "c6b0c6e0fcbd6b92747106d2278f07c58e2663f00a0c98c645da4abe69c76aac",
2026-09-30T20:03:49.3890762Z         "url": "https://conda.anaconda.org/conda-forge/noarch/opt_einsum_fx-0.1.4-pyh5ded981_2.conda",
2026-09-30T20:03:49.3890846Z         "version": "0.1.4"
2026-09-30T20:03:49.3890914Z     },
2026-09-30T20:03:49.3890986Z     {
2026-09-30T20:03:49.3891116Z         "base_url": "https://conda.anaconda.org/conda-forge",
2026-09-30T20:03:49.3891197Z         "build_number": 1,
2026-09-30T20:03:49.3891294Z         "build_string": "py311h5f908af_1",
2026-09-30T20:03:49.3891376Z         "channel": "conda-forge",
2026-09-30T20:03:49.3891497Z         "dist_name": "optree-0.20.0-py311h5f908af_1",
2026-09-30T20:03:49.3891593Z         "md5": "6bd81661a37295786c9e779d0dd028eb",
2026-09-30T20:03:49.3891676Z         "name": "optree",
2026-09-30T20:03:49.3891763Z         "platform": "linux-64",
2026-09-30T20:03:49.3891973Z         "sha256": "54cc90a5fb8f4895ab4bcf7c7f29fa0a65fc7fef8f7c16202e48f793744397f9",
2026-09-30T20:03:49.3892233Z         "url": "https://conda.anaconda.org/conda-forge/linux-64/optree-0.20.0-py311h5f908af_1.conda",
2026-09-30T20:03:49.3892315Z         "version": "0.20.0"
2026-09-30T20:03:49.3892390Z     },
2026-09-30T20:03:49.3892456Z     {
2026-09-30T20:03:49.3892558Z         "base_url": "https://pypi.org/",
2026-09-30T20:03:49.3892637Z         "build_number": 0,
2026-09-30T20:03:49.3892726Z         "build_string": "pypi_0",
2026-09-30T20:03:49.3892808Z         "channel": "pypi",
2026-09-30T20:03:49.3892911Z         "dist_name": "orjson-3.12.0-pypi_0",
2026-09-30T20:03:49.3892988Z         "md5": "",
2026-09-30T20:03:49.3893066Z         "name": "orjson",
2026-09-30T20:03:49.3893157Z         "platform": "linux-x86_64",
2026-09-30T20:03:49.3893231Z         "sha256": "",
2026-09-30T20:03:49.3893308Z         "url": "",
2026-09-30T20:03:49.3893388Z         "version": "3.12.0"
2026-09-30T20:03:49.3893461Z     },
2026-09-30T20:03:49.3893529Z     {
2026-09-30T20:03:49.3893668Z         "base_url": "https://conda.anaconda.org/conda-forge",
2026-09-30T20:03:49.3893754Z         "build_number": 0,
2026-09-30T20:03:49.3893846Z         "build_string": "pyhc364b38_0",
2026-09-30T20:03:49.3893935Z         "channel": "conda-forge",
2026-09-30T20:03:49.3894046Z         "dist_name": "packaging-26.3-pyhc364b38_0",
2026-09-30T20:03:49.3894150Z         "md5": "936687ed80f295a1f5dbcf8bd34c252c",
2026-09-30T20:03:49.3894234Z         "name": "packaging",
2026-09-30T20:03:49.3894319Z         "platform": "noarch",
2026-09-30T20:03:49.3894522Z         "sha256": "c432626b16768b8dab228bfb706f7060c2d462a21c516d240f68f2f902b5a044",
2026-09-30T20:03:49.3894767Z         "url": "https://conda.anaconda.org/conda-forge/noarch/packaging-26.3-pyhc364b38_0.conda",
2026-09-30T20:03:49.3894849Z         "version": "26.3"
2026-09-30T20:03:49.3894917Z     },
2026-09-30T20:03:49.3894994Z     {
2026-09-30T20:03:49.3895240Z         "base_url": "https://conda.anaconda.org/conda-forge",
2026-09-30T20:03:49.3895330Z         "build_number": 2,
2026-09-30T20:03:49.3895422Z         "build_string": "py311hed34c8f_2",
2026-09-30T20:03:49.3895608Z         "channel": "conda-forge",
2026-09-30T20:03:49.3895729Z         "dist_name": "pandas-2.3.3-py311hed34c8f_2",
2026-09-30T20:03:49.3895828Z         "md5": "2366b5470cf61614c131e356efe9f74c",
2026-09-30T20:03:49.3895910Z         "name": "pandas",
2026-09-30T20:03:49.3895994Z         "platform": "linux-64",
2026-09-30T20:03:49.3896203Z         "sha256": "a2af9dbc4827db418a73127d4001bb3c2ee19adcd2d4387d6bc049c3780d2a62",
2026-09-30T20:03:49.3896458Z         "url": "https://conda.anaconda.org/conda-forge/linux-64/pandas-2.3.3-py311hed34c8f_2.conda",
2026-09-30T20:03:49.3896541Z         "version": "2.3.3"
2026-09-30T20:03:49.3896613Z     },
2026-09-30T20:03:49.3896680Z     {
2026-09-30T20:03:49.3896814Z         "base_url": "https://conda.anaconda.org/conda-forge",
2026-09-30T20:03:49.3896895Z         "build_number": 1,
2026-09-30T20:03:49.3896986Z         "build_string": "py311h74232ed_1",
2026-09-30T20:03:49.3897069Z         "channel": "conda-forge",
2026-09-30T20:03:49.3897180Z         "dist_name": "parmed-4.3.1-py311h74232ed_1",
2026-09-30T20:03:49.3897283Z         "md5": "1cfa5c568738439911f92783892c0033",
2026-09-30T20:03:49.3897367Z         "name": "parmed",
2026-09-30T20:03:49.3897454Z         "platform": "linux-64",
2026-09-30T20:03:49.3897649Z         "sha256": "63674546498c9f6a19137af9da07f402f5e1f177d4adf5c52a2c030757dc1702",
2026-09-30T20:03:49.3897899Z         "url": "https://conda.anaconda.org/conda-forge/linux-64/parmed-4.3.1-py311h74232ed_1.conda",
2026-09-30T20:03:49.3897976Z         "version": "4.3.1"
2026-09-30T20:03:49.3898050Z     },
2026-09-30T20:03:49.3898118Z     {
2026-09-30T20:03:49.3898256Z         "base_url": "https://conda.anaconda.org/conda-forge",
2026-09-30T20:03:49.3898338Z         "build_number": 1,
2026-09-30T20:03:49.3898428Z         "build_string": "h8b3dc9c_1",
2026-09-30T20:03:49.3898516Z         "channel": "conda-forge",
2026-09-30T20:03:49.3898614Z         "dist_name": "pcre2-10.47-h8b3dc9c_1",
2026-09-30T20:03:49.3898717Z         "md5": "06f6113cf1ff4a54b65f87ead132a5f1",
2026-09-30T20:03:49.3898800Z         "name": "pcre2",
2026-09-30T20:03:49.3898886Z         "platform": "linux-64",
2026-09-30T20:03:49.3899094Z         "sha256": "9ebb10a4eb3be51ae67d85c679f5a7a50cb040ed25c783e6331a225ea09991d4",
2026-09-30T20:03:49.3899325Z         "url": "https://conda.anaconda.org/conda-forge/linux-64/pcre2-10.47-h8b3dc9c_1.conda",
2026-09-30T20:03:49.3899405Z         "version": "10.47"
2026-09-30T20:03:49.3899474Z     },
2026-09-30T20:03:49.3899547Z     {
2026-09-30T20:03:49.3899677Z         "base_url": "https://conda.anaconda.org/conda-forge",
2026-09-30T20:03:49.3899760Z         "build_number": 1,
2026-09-30T20:03:49.3899853Z         "build_string": "pyhd8ed1ab_1",
2026-09-30T20:03:49.3899940Z         "channel": "conda-forge",
2026-09-30T20:03:49.3900054Z         "dist_name": "pdb2pqr-3.6.1-pyhd8ed1ab_1",
2026-09-30T20:03:49.3900276Z         "md5": "6ce449626092518c824906a003ed3b91",
2026-09-30T20:03:49.3900366Z         "name": "pdb2pqr",
2026-09-30T20:03:49.3900454Z         "platform": "noarch",
2026-09-30T20:03:49.3900659Z         "sha256": "01ab99a530985e35d20156ed51323641e62a390bc6546107f15c9b94d17b92b2",
2026-09-30T20:03:49.3900908Z         "url": "https://conda.anaconda.org/conda-forge/noarch/pdb2pqr-3.6.1-pyhd8ed1ab_1.conda",
2026-09-30T20:03:49.3900987Z         "version": "3.6.1"
2026-09-30T20:03:49.3901060Z     },
2026-09-30T20:03:49.3901126Z     {
2026-09-30T20:03:49.3901263Z         "base_url": "https://conda.anaconda.org/conda-forge",
2026-09-30T20:03:49.3901342Z         "build_number": 1,
2026-09-30T20:03:49.3901438Z         "build_string": "1_h7cc23a3_perl5",
2026-09-30T20:03:49.3901523Z         "channel": "conda-forge",
2026-09-30T20:03:49.3901632Z         "dist_name": "perl-5.44.0-1_h7cc23a3_perl5",
2026-09-30T20:03:49.3901863Z         "md5": "474944e9c978cc84911f1c1f9eaa8bb2",
2026-09-30T20:03:49.3901947Z         "name": "perl",
2026-09-30T20:03:49.3902040Z         "platform": "linux-64",
2026-09-30T20:03:49.3902246Z         "sha256": "43afad1c27c24ccc40d98461ab7e1648ccac876421a8783167861ae19c4edc83",
2026-09-30T20:03:49.3902605Z         "url": "https://conda.anaconda.org/conda-forge/linux-64/perl-5.44.0-1_h7cc23a3_perl5.conda",
2026-09-30T20:03:49.3902686Z         "version": "5.44.0"
2026-09-30T20:03:49.3902760Z     },
2026-09-30T20:03:49.3902832Z     {
2026-09-30T20:03:49.3902968Z         "base_url": "https://conda.anaconda.org/conda-forge",
2026-09-30T20:03:49.3903055Z         "build_number": 4,
2026-09-30T20:03:49.3903146Z         "build_string": "py311hf303fd3_4",
2026-09-30T20:03:49.3903235Z         "channel": "conda-forge",
2026-09-30T20:03:49.3903348Z         "dist_name": "pillow-12.3.0-py311hf303fd3_4",
2026-09-30T20:03:49.3903452Z         "md5": "7a0549b559c575a3e7ee57958d0378f1",
2026-09-30T20:03:49.3903536Z         "name": "pillow",
2026-09-30T20:03:49.3903626Z         "platform": "linux-64",
2026-09-30T20:03:49.3903838Z         "sha256": "9c57ee7a671ac44c94e79392f2030f4f55f5dc11c685a8e4dcc8ca3ef225f65b",
2026-09-30T20:03:49.3904106Z         "url": "https://conda.anaconda.org/conda-forge/linux-64/pillow-12.3.0-py311hf303fd3_4.conda",
2026-09-30T20:03:49.3904195Z         "version": "12.3.0"
2026-09-30T20:03:49.3904263Z     },
2026-09-30T20:03:49.3904335Z     {
2026-09-30T20:03:49.3904471Z         "base_url": "https://conda.anaconda.org/conda-forge",
2026-09-30T20:03:49.3904556Z         "build_number": 0,
2026-09-30T20:03:49.3904650Z         "build_string": "pyhc364b38_0",
2026-09-30T20:03:49.3904735Z         "channel": "conda-forge",
2026-09-30T20:03:49.3904842Z         "dist_name": "pint-0.25.3-pyhc364b38_0",
2026-09-30T20:03:49.3904943Z         "md5": "293c4719f6d62778ffecd18e024a8fcd",
2026-09-30T20:03:49.3905026Z         "name": "pint",
2026-09-30T20:03:49.3905110Z         "platform": "noarch",
2026-09-30T20:03:49.3905313Z         "sha256": "f58a03dd2908c15dc65fab7e03a0212c69043466f7f85a4e345470492841782f",
2026-09-30T20:03:49.3905552Z         "url": "https://conda.anaconda.org/conda-forge/noarch/pint-0.25.3-pyhc364b38_0.conda",
2026-09-30T20:03:49.3905633Z         "version": "0.25.3"
2026-09-30T20:03:49.3905705Z     },
2026-09-30T20:03:49.3905773Z     {
2026-09-30T20:03:49.3905910Z         "base_url": "https://conda.anaconda.org/conda-forge",
2026-09-30T20:03:49.3905992Z         "build_number": 0,
2026-09-30T20:03:49.3906086Z         "build_string": "pyh8b19718_0",
2026-09-30T20:03:49.3906169Z         "channel": "conda-forge",
2026-09-30T20:03:49.3906277Z         "dist_name": "pip-26.2.1-pyh8b19718_0",
2026-09-30T20:03:49.3906381Z         "md5": "77b6cf3b0689d9fc68561df0db9b856d",
2026-09-30T20:03:49.3906458Z         "name": "pip",
2026-09-30T20:03:49.3906544Z         "platform": "noarch",
2026-09-30T20:03:49.3906748Z         "sha256": "c205bae42eb11b364fe3663a817cbcbc20a8ef544c6b2ff6f391013487117259",
2026-09-30T20:03:49.3906985Z         "url": "https://conda.anaconda.org/conda-forge/noarch/pip-26.2.1-pyh8b19718_0.conda",
2026-09-30T20:03:49.3907064Z         "version": "26.2.1"
2026-09-30T20:03:49.3907137Z     },
2026-09-30T20:03:49.3907208Z     {
2026-09-30T20:03:49.3907346Z         "base_url": "https://conda.anaconda.org/conda-forge",
2026-09-30T20:03:49.3907435Z         "build_number": 3,
2026-09-30T20:03:49.3907524Z         "build_string": "h54a6638_3",
2026-09-30T20:03:49.3907610Z         "channel": "conda-forge",
2026-09-30T20:03:49.3907710Z         "dist_name": "pixman-0.46.4-h54a6638_3",
2026-09-30T20:03:49.3907812Z         "md5": "0ee5bb30034b081a1386c1e2c98ab0a7",
2026-09-30T20:03:49.3907900Z         "name": "pixman",
2026-09-30T20:03:49.3907984Z         "platform": "linux-64",
2026-09-30T20:03:49.3908187Z         "sha256": "829d8288764282de5a9f7b9169acb75cc7dc0b6c3fe2535cfe87dea3436bbc5d",
2026-09-30T20:03:49.3908425Z         "url": "https://conda.anaconda.org/conda-forge/linux-64/pixman-0.46.4-h54a6638_3.conda",
2026-09-30T20:03:49.3908594Z         "version": "0.46.4"
2026-09-30T20:03:49.3908669Z     },
2026-09-30T20:03:49.3908741Z     {
2026-09-30T20:03:49.3908876Z         "base_url": "https://conda.anaconda.org/conda-forge",
2026-09-30T20:03:49.3909030Z         "build_number": 0,
2026-09-30T20:03:49.3909120Z         "build_string": "pyh5ded981_0",
2026-09-30T20:03:49.3909203Z         "channel": "conda-forge",
2026-09-30T20:03:49.3909334Z         "dist_name": "platformdirs-4.12.2-pyh5ded981_0",
2026-09-30T20:03:49.3909433Z         "md5": "4b76957bed5e02e067a348eda60c6f94",
2026-09-30T20:03:49.3909520Z         "name": "platformdirs",
2026-09-30T20:03:49.3909601Z         "platform": "noarch",
2026-09-30T20:03:49.3909804Z         "sha256": "f23f022bbbf809cd248940eca853d1132f05752e0404984cde7b014fd6384c97",
2026-09-30T20:03:49.3910077Z         "url": "https://conda.anaconda.org/conda-forge/noarch/platformdirs-4.12.2-pyh5ded981_0.conda",
2026-09-30T20:03:49.3910296Z         "version": "4.12.2"
2026-09-30T20:03:49.3910369Z     },
2026-09-30T20:03:49.3910439Z     {
2026-09-30T20:03:49.3910585Z         "base_url": "https://conda.anaconda.org/conda-forge",
2026-09-30T20:03:49.3910664Z         "build_number": 1,
2026-09-30T20:03:49.3910755Z         "build_string": "pyhf9edf01_1",
2026-09-30T20:03:49.3910843Z         "channel": "conda-forge",
2026-09-30T20:03:49.3910947Z         "dist_name": "pluggy-1.6.0-pyhf9edf01_1",
2026-09-30T20:03:49.3911049Z         "md5": "d7585b6550ad04c8c5e21097ada2888e",
2026-09-30T20:03:49.3911128Z         "name": "pluggy",
2026-09-30T20:03:49.3911216Z         "platform": "noarch",
2026-09-30T20:03:49.3911433Z         "sha256": "e14aafa63efa0528ca99ba568eaf506eb55a0371d12e6250aaaa61718d2eb62e",
2026-09-30T20:03:49.3911680Z         "url": "https://conda.anaconda.org/conda-forge/noarch/pluggy-1.6.0-pyhf9edf01_1.conda",
2026-09-30T20:03:49.3911766Z         "version": "1.6.0"
2026-09-30T20:03:49.3911835Z     },
2026-09-30T20:03:49.3911905Z     {
2026-09-30T20:03:49.3912004Z         "base_url": "https://pypi.org/",
2026-09-30T20:03:49.3912090Z         "build_number": 0,
2026-09-30T20:03:49.3912178Z         "build_string": "pypi_0",
2026-09-30T20:03:49.3912262Z         "channel": "pypi",
2026-09-30T20:03:49.3912372Z         "dist_name": "prettytable-3.18.0-pypi_0",
2026-09-30T20:03:49.3912453Z         "md5": "",
2026-09-30T20:03:49.3912544Z         "name": "prettytable",
2026-09-30T20:03:49.3912636Z         "platform": "linux-x86_64",
2026-09-30T20:03:49.3912713Z         "sha256": "",
2026-09-30T20:03:49.3912787Z         "url": "",
2026-09-30T20:03:49.3912870Z         "version": "3.18.0"
2026-09-30T20:03:49.3912940Z     },
2026-09-30T20:03:49.3913013Z     {
2026-09-30T20:03:49.3913152Z         "base_url": "https://conda.anaconda.org/conda-forge",
2026-09-30T20:03:49.3913239Z         "build_number": 2,
2026-09-30T20:03:49.3913341Z         "build_string": "pyhecae5ae_2",
2026-09-30T20:03:49.3913427Z         "channel": "conda-forge",
2026-09-30T20:03:49.3913539Z         "dist_name": "propka-3.5.1-pyhecae5ae_2",
2026-09-30T20:03:49.3913646Z         "md5": "ae367f7d07c1d789c2c528ea51a16e6f",
2026-09-30T20:03:49.3913733Z         "name": "propka",
2026-09-30T20:03:49.3913816Z         "platform": "noarch",
2026-09-30T20:03:49.3914030Z         "sha256": "a0b602b77bcb659f746061b1fd6a06135f815cbdfa434605ebc047228b2c4a61",
2026-09-30T20:03:49.3914281Z         "url": "https://conda.anaconda.org/conda-forge/noarch/propka-3.5.1-pyhecae5ae_2.conda",
2026-09-30T20:03:49.3914361Z         "version": "3.5.1"
2026-09-30T20:03:49.3914436Z     },
2026-09-30T20:03:49.3914505Z     {
2026-09-30T20:03:49.3914644Z         "base_url": "https://conda.anaconda.org/conda-forge",
2026-09-30T20:03:49.3914724Z         "build_number": 3,
2026-09-30T20:03:49.3914829Z         "build_string": "py311h194be0f_3",
2026-09-30T20:03:49.3914921Z         "channel": "conda-forge",
2026-09-30T20:03:49.3915034Z         "dist_name": "psutil-7.2.2-py311h194be0f_3",
2026-09-30T20:03:49.3915148Z         "md5": "3c44e9e6a0ffaab88dbd7bd78f752a09",
2026-09-30T20:03:49.3915344Z         "name": "psutil",
2026-09-30T20:03:49.3915443Z         "platform": "linux-64",
2026-09-30T20:03:49.3915645Z         "sha256": "5733fbcaf4f5575051342b872de15e8589bb922c6b037d2d9425e86638ed2f1f",
2026-09-30T20:03:49.3916050Z         "url": "https://conda.anaconda.org/conda-forge/linux-64/psutil-7.2.2-py311h194be0f_3.conda",
2026-09-30T20:03:49.3916135Z         "version": "7.2.2"
2026-09-30T20:03:49.3916205Z     },
2026-09-30T20:03:49.3916277Z     {
2026-09-30T20:03:49.3916416Z         "base_url": "https://conda.anaconda.org/conda-forge",
2026-09-30T20:03:49.3916505Z         "build_number": 1004,
2026-09-30T20:03:49.3916598Z         "build_string": "h7cc23a3_1004",
2026-09-30T20:03:49.3916689Z         "channel": "conda-forge",
2026-09-30T20:03:49.3916812Z         "dist_name": "pthread-stubs-0.4-h7cc23a3_1004",
2026-09-30T20:03:49.3916917Z         "md5": "bb66b610707b811e3c65181a6431e7a8",
2026-09-30T20:03:49.3917010Z         "name": "pthread-stubs",
2026-09-30T20:03:49.3917093Z         "platform": "linux-64",
2026-09-30T20:03:49.3917310Z         "sha256": "4a44fd00ea73b79ca2c89b0727b9ccf61c506ead71e67a9abfa4c590042b5a4a",
2026-09-30T20:03:49.3917585Z         "url": "https://conda.anaconda.org/conda-forge/linux-64/pthread-stubs-0.4-h7cc23a3_1004.conda",
2026-09-30T20:03:49.3917671Z         "version": "0.4"
2026-09-30T20:03:49.3917742Z     },
2026-09-30T20:03:49.3917814Z     {
2026-09-30T20:03:49.3917955Z         "base_url": "https://conda.anaconda.org/conda-forge",
2026-09-30T20:03:49.3918035Z         "build_number": 1,
2026-09-30T20:03:49.3918133Z         "build_string": "pyhd8ed1ab_1",
2026-09-30T20:03:49.3918219Z         "channel": "conda-forge",
2026-09-30T20:03:49.3918343Z         "dist_name": "py-cpuinfo-9.0.0-pyhd8ed1ab_1",
2026-09-30T20:03:49.3918443Z         "md5": "46830ee16925d5ed250850503b5dc3a8",
2026-09-30T20:03:49.3918535Z         "name": "py-cpuinfo",
2026-09-30T20:03:49.3918617Z         "platform": "noarch",
2026-09-30T20:03:49.3918830Z         "sha256": "6d8f03c13d085a569fde931892cded813474acbef2e03381a1a87f420c7da035",
2026-09-30T20:03:49.3919094Z         "url": "https://conda.anaconda.org/conda-forge/noarch/py-cpuinfo-9.0.0-pyhd8ed1ab_1.conda",
2026-09-30T20:03:49.3919175Z         "version": "9.0.0"
2026-09-30T20:03:49.3919252Z     },
2026-09-30T20:03:49.3919320Z     {
2026-09-30T20:03:49.3919457Z         "base_url": "https://conda.anaconda.org/conda-forge",
2026-09-30T20:03:49.3919538Z         "build_number": 3,
2026-09-30T20:03:49.3919635Z         "build_string": "pyhc790b64_3",
2026-09-30T20:03:49.3919723Z         "channel": "conda-forge",
2026-09-30T20:03:49.3919833Z         "dist_name": "pybind11-2.13.6-pyhc790b64_3",
2026-09-30T20:03:49.3919942Z         "md5": "1594696beebf1ecb6d29a1136f859a74",
2026-09-30T20:03:49.3920025Z         "name": "pybind11",
2026-09-30T20:03:49.3920248Z         "platform": "noarch",
2026-09-30T20:03:49.3920461Z         "sha256": "d429f6f255fbe49f09b9ae1377aa8cbc4d9285b8b220c17ae2ad9c4894c91317",
2026-09-30T20:03:49.3920718Z         "url": "https://conda.anaconda.org/conda-forge/noarch/pybind11-2.13.6-pyhc790b64_3.conda",
2026-09-30T20:03:49.3920802Z         "version": "2.13.6"
2026-09-30T20:03:49.3920872Z     },
2026-09-30T20:03:49.3920945Z     {
2026-09-30T20:03:49.3921079Z         "base_url": "https://conda.anaconda.org/conda-forge",
2026-09-30T20:03:49.3921170Z         "build_number": 3,
2026-09-30T20:03:49.3921260Z         "build_string": "hd8ed1ab_3",
2026-09-30T20:03:49.3921350Z         "channel": "conda-forge",
2026-09-30T20:03:49.3921455Z         "dist_name": "pybind11-abi-4-hd8ed1ab_3",
2026-09-30T20:03:49.3921564Z         "md5": "878f923dd6acc8aeb47a75da6c4098be",
2026-09-30T20:03:49.3921655Z         "name": "pybind11-abi",
2026-09-30T20:03:49.3921738Z         "platform": "noarch",
2026-09-30T20:03:49.3921946Z         "sha256": "d4fb485b79b11042a16dc6abfb0c44c4f557707c2653ac47c81e5d32b24a3bb0",
2026-09-30T20:03:49.3922194Z         "url": "https://conda.anaconda.org/conda-forge/noarch/pybind11-abi-4-hd8ed1ab_3.tar.bz2",
2026-09-30T20:03:49.3922394Z         "version": "4"
2026-09-30T20:03:49.3922468Z     },
2026-09-30T20:03:49.3922540Z     {
2026-09-30T20:03:49.3922677Z         "base_url": "https://conda.anaconda.org/conda-forge",
2026-09-30T20:03:49.3922758Z         "build_number": 3,
2026-09-30T20:03:49.3922950Z         "build_string": "pyh217bc35_3",
2026-09-30T20:03:49.3923033Z         "channel": "conda-forge",
2026-09-30T20:03:49.3923164Z         "dist_name": "pybind11-global-2.13.6-pyh217bc35_3",
2026-09-30T20:03:49.3923262Z         "md5": "730a5284e26d6bdb73332dafb26aec82",
2026-09-30T20:03:49.3923356Z         "name": "pybind11-global",
2026-09-30T20:03:49.3923445Z         "platform": "noarch",
2026-09-30T20:03:49.3923652Z         "sha256": "c044cfcbe6ef0062d0960e9f9f0de5f8818cec84ed901219ff9994b9a9e57237",
2026-09-30T20:03:49.3923937Z         "url": "https://conda.anaconda.org/conda-forge/noarch/pybind11-global-2.13.6-pyh217bc35_3.conda",
2026-09-30T20:03:49.3924019Z         "version": "2.13.6"
2026-09-30T20:03:49.3924094Z     },
2026-09-30T20:03:49.3924167Z     {
2026-09-30T20:03:49.3924307Z         "base_url": "https://conda.anaconda.org/conda-forge",
2026-09-30T20:03:49.3924392Z         "build_number": 2,
2026-09-30T20:03:49.3924485Z         "build_string": "py311h616d719_2",
2026-09-30T20:03:49.3924577Z         "channel": "conda-forge",
2026-09-30T20:03:49.3924693Z         "dist_name": "pycairo-1.29.1-py311h616d719_2",
2026-09-30T20:03:49.3924797Z         "md5": "a245d4177d6c317a24d01d33c76cd54d",
2026-09-30T20:03:49.3924875Z         "name": "pycairo",
2026-09-30T20:03:49.3924965Z         "platform": "linux-64",
2026-09-30T20:03:49.3925171Z         "sha256": "9f401dfa5ecc44ced1cc4e8b7385213f245d70672a257b24e19faa2f01126985",
2026-09-30T20:03:49.3925438Z         "url": "https://conda.anaconda.org/conda-forge/linux-64/pycairo-1.29.1-py311h616d719_2.conda",
2026-09-30T20:03:49.3925522Z         "version": "1.29.1"
2026-09-30T20:03:49.3925591Z     },
2026-09-30T20:03:49.3925662Z     {
2026-09-30T20:03:49.3925797Z         "base_url": "https://conda.anaconda.org/conda-forge",
2026-09-30T20:03:49.3925884Z         "build_number": 0,
2026-09-30T20:03:49.3925977Z         "build_string": "pyh3cfb1c2_0",
2026-09-30T20:03:49.3926067Z         "channel": "conda-forge",
2026-09-30T20:03:49.3926194Z         "dist_name": "pydantic-2.11.10-pyh3cfb1c2_0",
2026-09-30T20:03:49.3926299Z         "md5": "918d9adfc81cb14ab4cced31d22c7711",
2026-09-30T20:03:49.3926384Z         "name": "pydantic",
2026-09-30T20:03:49.3926467Z         "platform": "noarch",
2026-09-30T20:03:49.3926670Z         "sha256": "26779821ba83b896f319837d7c5301cc244dee41b311d2bd57cbd693ed9e43ef",
2026-09-30T20:03:49.3926924Z         "url": "https://conda.anaconda.org/conda-forge/noarch/pydantic-2.11.10-pyh3cfb1c2_0.conda",
2026-09-30T20:03:49.3927013Z         "version": "2.11.10"
2026-09-30T20:03:49.3927089Z     },
2026-09-30T20:03:49.3927161Z     {
2026-09-30T20:03:49.3927301Z         "base_url": "https://conda.anaconda.org/conda-forge",
2026-09-30T20:03:49.3927381Z         "build_number": 1,
2026-09-30T20:03:49.3927483Z         "build_string": "py311h902ca64_1",
2026-09-30T20:03:49.3927568Z         "channel": "conda-forge",
2026-09-30T20:03:49.3927707Z         "dist_name": "pydantic-core-2.33.2-py311h902ca64_1",
2026-09-30T20:03:49.3927810Z         "md5": "d2db5a011102fd561216f6f9579c8f50",
2026-09-30T20:03:49.3927909Z         "name": "pydantic-core",
2026-09-30T20:03:49.3927997Z         "platform": "linux-64",
2026-09-30T20:03:49.3928207Z         "sha256": "d4d6f2369c54dcede311458dc7f313871d76ea20feeb62dea4debf734fec30f6",
2026-09-30T20:03:49.3928508Z         "url": "https://conda.anaconda.org/conda-forge/linux-64/pydantic-core-2.33.2-py311h902ca64_1.conda",
2026-09-30T20:03:49.3928590Z         "version": "2.33.2"
2026-09-30T20:03:49.3928666Z     },
2026-09-30T20:03:49.3928735Z     {
2026-09-30T20:03:49.3928879Z         "base_url": "https://conda.anaconda.org/conda-forge",
2026-09-30T20:03:49.3928967Z         "build_number": 1,
2026-09-30T20:03:49.3929061Z         "build_string": "pyhd8ed1ab_1",
2026-09-30T20:03:49.3929250Z         "channel": "conda-forge",
2026-09-30T20:03:49.3929358Z         "dist_name": "pyedr-0.8.0-pyhd8ed1ab_1",
2026-09-30T20:03:49.3929459Z         "md5": "96431184a69661798fc2e90495192d69",
2026-09-30T20:03:49.3929616Z         "name": "pyedr",
2026-09-30T20:03:49.3929711Z         "platform": "noarch",
2026-09-30T20:03:49.3929919Z         "sha256": "de95768c61325511ff2b477398ba57ea513c4052faab905a02784bb1f35bb550",
2026-09-30T20:03:49.3930300Z         "url": "https://conda.anaconda.org/conda-forge/noarch/pyedr-0.8.0-pyhd8ed1ab_1.conda",
2026-09-30T20:03:49.3930388Z         "version": "0.8.0"
2026-09-30T20:03:49.3930456Z     },
2026-09-30T20:03:49.3930530Z     {
2026-09-30T20:03:49.3930667Z         "base_url": "https://conda.anaconda.org/conda-forge",
2026-09-30T20:03:49.3930754Z         "build_number": 0,
2026-09-30T20:03:49.3930844Z         "build_string": "pyhcf101f3_0",
2026-09-30T20:03:49.3930936Z         "channel": "conda-forge",
2026-09-30T20:03:49.3931056Z         "dist_name": "pygments-2.21.0-pyhcf101f3_0",
2026-09-30T20:03:49.3931165Z         "md5": "2882dee445dfa45b0c5afce3ffb7730a",
2026-09-30T20:03:49.3931255Z         "name": "pygments",
2026-09-30T20:03:49.3931338Z         "platform": "noarch",
2026-09-30T20:03:49.3931555Z         "sha256": "f5f015ff1bc3e1b7fc08eee096b1865234189ae0b82bebdb86a5369116e42fa0",
2026-09-30T20:03:49.3931811Z         "url": "https://conda.anaconda.org/conda-forge/noarch/pygments-2.21.0-pyhcf101f3_0.conda",
2026-09-30T20:03:49.3931896Z         "version": "2.21.0"
2026-09-30T20:03:49.3931970Z     },
2026-09-30T20:03:49.3932038Z     {
2026-09-30T20:03:49.3932179Z         "base_url": "https://conda.anaconda.org/conda-forge",
2026-09-30T20:03:49.3932261Z         "build_number": 3,
2026-09-30T20:03:49.3932356Z         "build_string": "h38be061_3",
2026-09-30T20:03:49.3932440Z         "channel": "conda-forge",
2026-09-30T20:03:49.3932546Z         "dist_name": "pymbar-4.0.3-h38be061_3",
2026-09-30T20:03:49.3932652Z         "md5": "71536cb64099bde68125c7dedebe8dd0",
2026-09-30T20:03:49.3932740Z         "name": "pymbar",
2026-09-30T20:03:49.3932831Z         "platform": "linux-64",
2026-09-30T20:03:49.3933037Z         "sha256": "96beb59e511b7ed599f09b65ed66b8722d18a734bd69724fc933ceda1007e798",
2026-09-30T20:03:49.3933290Z         "url": "https://conda.anaconda.org/conda-forge/linux-64/pymbar-4.0.3-h38be061_3.conda",
2026-09-30T20:03:49.3933372Z         "version": "4.0.3"
2026-09-30T20:03:49.3933448Z     },
2026-09-30T20:03:49.3933523Z     {
2026-09-30T20:03:49.3933662Z         "base_url": "https://conda.anaconda.org/conda-forge",
2026-09-30T20:03:49.3933747Z         "build_number": 3,
2026-09-30T20:03:49.3933842Z         "build_string": "py311h9f3472d_3",
2026-09-30T20:03:49.3933934Z         "channel": "conda-forge",
2026-09-30T20:03:49.3934062Z         "dist_name": "pymbar-core-4.0.3-py311h9f3472d_3",
2026-09-30T20:03:49.3934173Z         "md5": "1b0425e1b66fbbc09ec8420c4d87f7f8",
2026-09-30T20:03:49.3934263Z         "name": "pymbar-core",
2026-09-30T20:03:49.3934359Z         "platform": "linux-64",
2026-09-30T20:03:49.3934569Z         "sha256": "f150108f0b355d06e21e8e2063dfd8eb8988f1b73f5020ecb06a3941c199a401",
2026-09-30T20:03:49.3934851Z         "url": "https://conda.anaconda.org/conda-forge/linux-64/pymbar-core-4.0.3-py311h9f3472d_3.conda",
2026-09-30T20:03:49.3934940Z         "version": "4.0.3"
2026-09-30T20:03:49.3935009Z     },
2026-09-30T20:03:49.3935083Z     {
2026-09-30T20:03:49.3935217Z         "base_url": "https://conda.anaconda.org/conda-forge",
2026-09-30T20:03:49.3935300Z         "build_number": 0,
2026-09-30T20:03:49.3935394Z         "build_string": "pyh5ded981_0",
2026-09-30T20:03:49.3935479Z         "channel": "conda-forge",
2026-09-30T20:03:49.3935598Z         "dist_name": "pyparsing-3.3.3-pyh5ded981_0",
2026-09-30T20:03:49.3935698Z         "md5": "8bf43ae1312e9b966063459e04c20fa7",
2026-09-30T20:03:49.3935789Z         "name": "pyparsing",
2026-09-30T20:03:49.3935872Z         "platform": "noarch",
2026-09-30T20:03:49.3936243Z         "sha256": "dc10d64d4b9a1310083b2f563416ab45560ee2a04fd6baab40f223f2b1ab37bc",
2026-09-30T20:03:49.3936510Z         "url": "https://conda.anaconda.org/conda-forge/noarch/pyparsing-3.3.3-pyh5ded981_0.conda",
2026-09-30T20:03:49.3936593Z         "version": "3.3.3"
2026-09-30T20:03:49.3936783Z     },
2026-09-30T20:03:49.3936853Z     {
2026-09-30T20:03:49.3936991Z         "base_url": "https://conda.anaconda.org/conda-forge",
2026-09-30T20:03:49.3937113Z         "build_number": 7,
2026-09-30T20:03:49.3937211Z         "build_string": "pyha55dd90_7",
2026-09-30T20:03:49.3937294Z         "channel": "conda-forge",
2026-09-30T20:03:49.3937403Z         "dist_name": "pysocks-1.7.1-pyha55dd90_7",
2026-09-30T20:03:49.3937511Z         "md5": "461219d1a5bd61342293efa2c0c90eac",
2026-09-30T20:03:49.3937593Z         "name": "pysocks",
2026-09-30T20:03:49.3937681Z         "platform": "noarch",
2026-09-30T20:03:49.3937883Z         "sha256": "ba3b032fa52709ce0d9fd388f63d330a026754587a2f461117cac9ab73d8d0d8",
2026-09-30T20:03:49.3938137Z         "url": "https://conda.anaconda.org/conda-forge/noarch/pysocks-1.7.1-pyha55dd90_7.conda",
2026-09-30T20:03:49.3938216Z         "version": "1.7.1"
2026-09-30T20:03:49.3938291Z     },
2026-09-30T20:03:49.3938362Z     {
2026-09-30T20:03:49.3938499Z         "base_url": "https://conda.anaconda.org/conda-forge",
2026-09-30T20:03:49.3938581Z         "build_number": 6,
2026-09-30T20:03:49.3938676Z         "build_string": "py311h9acb22d_6",
2026-09-30T20:03:49.3938772Z         "channel": "conda-forge",
2026-09-30T20:03:49.3938894Z         "dist_name": "pytables-3.11.1-py311h9acb22d_6",
2026-09-30T20:03:49.3938999Z         "md5": "905fd4d61e8096fdf55f1f28df377b5c",
2026-09-30T20:03:49.3939082Z         "name": "pytables",
2026-09-30T20:03:49.3939165Z         "platform": "linux-64",
2026-09-30T20:03:49.3939364Z         "sha256": "380c6b2c1772d1ff6470af041f4eea8117d8d9943b407031544912a7eca6dc2c",
2026-09-30T20:03:49.3939633Z         "url": "https://conda.anaconda.org/conda-forge/linux-64/pytables-3.11.1-py311h9acb22d_6.conda",
2026-09-30T20:03:49.3939719Z         "version": "3.11.1"
2026-09-30T20:03:49.3939789Z     },
2026-09-30T20:03:49.3939865Z     {
2026-09-30T20:03:49.3939997Z         "base_url": "https://conda.anaconda.org/conda-forge",
2026-09-30T20:03:49.3940088Z         "build_number": 2,
2026-09-30T20:03:49.3940321Z         "build_string": "pyhc364b38_2",
2026-09-30T20:03:49.3940407Z         "channel": "conda-forge",
2026-09-30T20:03:49.3940516Z         "dist_name": "pytest-9.1.1-pyhc364b38_2",
2026-09-30T20:03:49.3940619Z         "md5": "64c98a12c4e23eb238bf66bbecafdf3c",
2026-09-30T20:03:49.3940704Z         "name": "pytest",
2026-09-30T20:03:49.3940785Z         "platform": "noarch",
2026-09-30T20:03:49.3940984Z         "sha256": "430051d80765207a7d782b2b188230ba1489d35c6e75fd9903f76cb9fda4af16",
2026-09-30T20:03:49.3941227Z         "url": "https://conda.anaconda.org/conda-forge/noarch/pytest-9.1.1-pyhc364b38_2.conda",
2026-09-30T20:03:49.3941306Z         "version": "9.1.1"
2026-09-30T20:03:49.3941380Z     },
2026-09-30T20:03:49.3941454Z     {
2026-09-30T20:03:49.3941593Z         "base_url": "https://conda.anaconda.org/conda-forge",
2026-09-30T20:03:49.3941673Z         "build_number": 0,
2026-09-30T20:03:49.3941767Z         "build_string": "pyhcf101f3_0",
2026-09-30T20:03:49.3941862Z         "channel": "conda-forge",
2026-09-30T20:03:49.3941984Z         "dist_name": "pytest-cov-7.1.0-pyhcf101f3_0",
2026-09-30T20:03:49.3942095Z         "md5": "67d1790eefa81ed305b89d8e314c7923",
2026-09-30T20:03:49.3942184Z         "name": "pytest-cov",
2026-09-30T20:03:49.3942272Z         "platform": "noarch",
2026-09-30T20:03:49.3942471Z         "sha256": "44e42919397bd00bfaa47358a6ca93d4c21493a8c18600176212ec21a8d25ca5",
2026-09-30T20:03:49.3942730Z         "url": "https://conda.anaconda.org/conda-forge/noarch/pytest-cov-7.1.0-pyhcf101f3_0.conda",
2026-09-30T20:03:49.3942817Z         "version": "7.1.0"
2026-09-30T20:03:49.3942888Z     },
2026-09-30T20:03:49.3942962Z     {
2026-09-30T20:03:49.3943223Z         "base_url": "https://conda.anaconda.org/conda-forge",
2026-09-30T20:03:49.3943311Z         "build_number": 2,
2026-09-30T20:03:49.3943412Z         "build_string": "h5f976f7_2_cpython",
2026-09-30T20:03:49.3943501Z         "channel": "conda-forge",
2026-09-30T20:03:49.3943723Z         "dist_name": "python-3.11.16-h5f976f7_2_cpython",
2026-09-30T20:03:49.3943830Z         "md5": "1d34da7fd53578abed31372e70a7ef4e",
2026-09-30T20:03:49.3943913Z         "name": "python",
2026-09-30T20:03:49.3943997Z         "platform": "linux-64",
2026-09-30T20:03:49.3944197Z         "sha256": "35375a255970809e8b0a1c744d56533f4da5339769ef5f5a24fe165ca321fcf3",
2026-09-30T20:03:49.3944473Z         "url": "https://conda.anaconda.org/conda-forge/linux-64/python-3.11.16-h5f976f7_2_cpython.conda",
2026-09-30T20:03:49.3944564Z         "version": "3.11.16"
2026-09-30T20:03:49.3944637Z     },
2026-09-30T20:03:49.3944711Z     {
2026-09-30T20:03:49.3944848Z         "base_url": "https://conda.anaconda.org/conda-forge",
2026-09-30T20:03:49.3944927Z         "build_number": 1,
2026-09-30T20:03:49.3945028Z         "build_string": "pyhff2d567_1",
2026-09-30T20:03:49.3945115Z         "channel": "conda-forge",
2026-09-30T20:03:49.3945259Z         "dist_name": "python-constraint-1.4.0-pyhff2d567_1",
2026-09-30T20:03:49.3945365Z         "md5": "2848429a376fd2676af5b320a28fd3d9",
2026-09-30T20:03:49.3945463Z         "name": "python-constraint",
2026-09-30T20:03:49.3945553Z         "platform": "noarch",
2026-09-30T20:03:49.3945764Z         "sha256": "953ae7a61c363fb57076f141c9c8def2e3767f11884165f6c4a2cccfb4d8b159",
2026-09-30T20:03:49.3946058Z         "url": "https://conda.anaconda.org/conda-forge/noarch/python-constraint-1.4.0-pyhff2d567_1.conda",
2026-09-30T20:03:49.3946138Z         "version": "1.4.0"
2026-09-30T20:03:49.3946212Z     },
2026-09-30T20:03:49.3946280Z     {
2026-09-30T20:03:49.3946426Z         "base_url": "https://conda.anaconda.org/conda-forge",
2026-09-30T20:03:49.3946506Z         "build_number": 2,
2026-09-30T20:03:49.3946608Z         "build_string": "pyhe01879c_2",
2026-09-30T20:03:49.3946701Z         "channel": "conda-forge",
2026-09-30T20:03:49.3946850Z         "dist_name": "python-dateutil-2.9.0.post0-pyhe01879c_2",
2026-09-30T20:03:49.3946958Z         "md5": "5b8d21249ff20967101ffa321cab24e8",
2026-09-30T20:03:49.3947052Z         "name": "python-dateutil",
2026-09-30T20:03:49.3947139Z         "platform": "noarch",
2026-09-30T20:03:49.3947357Z         "sha256": "d6a17ece93bbd5139e02d2bd7dbfa80bee1a4261dced63f65f679121686bf664",
2026-09-30T20:03:49.3947667Z         "url": "https://conda.anaconda.org/conda-forge/noarch/python-dateutil-2.9.0.post0-pyhe01879c_2.conda",
2026-09-30T20:03:49.3947757Z         "version": "2.9.0.post0"
2026-09-30T20:03:49.3947827Z     },
2026-09-30T20:03:49.3947905Z     {
2026-09-30T20:03:49.3948044Z         "base_url": "https://conda.anaconda.org/conda-forge",
2026-09-30T20:03:49.3948128Z         "build_number": 2,
2026-09-30T20:03:49.3948219Z         "build_string": "hd8ed1ab_2",
2026-09-30T20:03:49.3948311Z         "channel": "conda-forge",
2026-09-30T20:03:49.3948435Z         "dist_name": "python-gil-3.11.16-hd8ed1ab_2",
2026-09-30T20:03:49.3948539Z         "md5": "fab671748c957da704c76efb0686dcdb",
2026-09-30T20:03:49.3948629Z         "name": "python-gil",
2026-09-30T20:03:49.3948713Z         "platform": "noarch",
2026-09-30T20:03:49.3948924Z         "sha256": "caec48ea90cf78622e923366d405ec29a419d916cb1690c2319ef76f984b9233",
2026-09-30T20:03:49.3949178Z         "url": "https://conda.anaconda.org/conda-forge/noarch/python-gil-3.11.16-hd8ed1ab_2.conda",
2026-09-30T20:03:49.3949266Z         "version": "3.11.16"
2026-09-30T20:03:49.3949341Z     },
2026-09-30T20:03:49.3949409Z     {
2026-09-30T20:03:49.3949549Z         "base_url": "https://conda.anaconda.org/conda-forge",
2026-09-30T20:03:49.3949630Z         "build_number": 0,
2026-09-30T20:03:49.3949725Z         "build_string": "pyh5ded981_0",
2026-09-30T20:03:49.3949809Z         "channel": "conda-forge",
2026-09-30T20:03:49.3949939Z         "dist_name": "python-tzdata-2026.4-pyh5ded981_0",
2026-09-30T20:03:49.3950287Z         "md5": "6fc085ba8fa446b73bff580281b21ce3",
2026-09-30T20:03:49.3950393Z         "name": "python-tzdata",
2026-09-30T20:03:49.3950483Z         "platform": "noarch",
2026-09-30T20:03:49.3950688Z         "sha256": "4a66a09c6c18e6488000b1a848ed557669d12f673feac682d58208e7e8b66434",
2026-09-30T20:03:49.3951078Z         "url": "https://conda.anaconda.org/conda-forge/noarch/python-tzdata-2026.4-pyh5ded981_0.conda",
2026-09-30T20:03:49.3951160Z         "version": "2026.4"
2026-09-30T20:03:49.3951234Z     },
2026-09-30T20:03:49.3951301Z     {
2026-09-30T20:03:49.3951447Z         "base_url": "https://conda.anaconda.org/conda-forge",
2026-09-30T20:03:49.3951536Z         "build_number": 9,
2026-09-30T20:03:49.3951623Z         "build_string": "9_cp311",
2026-09-30T20:03:49.3951713Z         "channel": "conda-forge",
2026-09-30T20:03:49.3951815Z         "dist_name": "python_abi-3.11-9_cp311",
2026-09-30T20:03:49.3951920Z         "md5": "18e91a03be08122180f208723e42a52e",
2026-09-30T20:03:49.3952005Z         "name": "python_abi",
2026-09-30T20:03:49.3952089Z         "platform": "noarch",
2026-09-30T20:03:49.3952300Z         "sha256": "bcfbad269758f4617035314fe379ee655bc2d9db5282e7a00d61450b7cefa3cf",
2026-09-30T20:03:49.3952540Z         "url": "https://conda.anaconda.org/conda-forge/noarch/python_abi-3.11-9_cp311.conda",
2026-09-30T20:03:49.3952625Z         "version": "3.11"
2026-09-30T20:03:49.3952694Z     },
2026-09-30T20:03:49.3952768Z     {
2026-09-30T20:03:49.3952867Z         "base_url": "https://pypi.org/",
2026-09-30T20:03:49.3952951Z         "build_number": 0,
2026-09-30T20:03:49.3953036Z         "build_string": "pypi_0",
2026-09-30T20:03:49.3953122Z         "channel": "pypi",
2026-09-30T20:03:49.3953244Z         "dist_name": "python_hostlist-2.3.0-pypi_0",
2026-09-30T20:03:49.3953318Z         "md5": "",
2026-09-30T20:03:49.3953412Z         "name": "python_hostlist",
2026-09-30T20:03:49.3953501Z         "platform": "linux-x86_64",
2026-09-30T20:03:49.3953583Z         "sha256": "",
2026-09-30T20:03:49.3953659Z         "url": "",
2026-09-30T20:03:49.3953745Z         "version": "2.3.0"
2026-09-30T20:03:49.3953818Z     },
2026-09-30T20:03:49.3953886Z     {
2026-09-30T20:03:49.3954029Z         "base_url": "https://conda.anaconda.org/conda-forge",
2026-09-30T20:03:49.3954116Z         "build_number": 102,
2026-09-30T20:03:49.3954237Z         "build_string": "cpu_mkl_py311_hcfbaf12_102",
2026-09-30T20:03:49.3954321Z         "channel": "conda-forge",
2026-09-30T20:03:49.3954463Z         "dist_name": "pytorch-2.8.0-cpu_mkl_py311_hcfbaf12_102",
2026-09-30T20:03:49.3954567Z         "md5": "d37e1fbbc88ef18837e393589a9dade0",
2026-09-30T20:03:49.3954651Z         "name": "pytorch",
2026-09-30T20:03:49.3954743Z         "platform": "linux-64",
2026-09-30T20:03:49.3954948Z         "sha256": "67932ad5a6fc288ecb108e7fbe419d6618cc5f6817cf83b7a1414f97b0936df8",
2026-09-30T20:03:49.3955259Z         "url": "https://conda.anaconda.org/conda-forge/linux-64/pytorch-2.8.0-cpu_mkl_py311_hcfbaf12_102.conda",
2026-09-30T20:03:49.3955339Z         "version": "2.8.0"
2026-09-30T20:03:49.3955415Z     },
2026-09-30T20:03:49.3955483Z     {
2026-09-30T20:03:49.3955626Z         "base_url": "https://conda.anaconda.org/conda-forge",
2026-09-30T20:03:49.3955714Z         "build_number": 0,
2026-09-30T20:03:49.3955815Z         "build_string": "pyh5ded981_0",
2026-09-30T20:03:49.3955908Z         "channel": "conda-forge",
2026-09-30T20:03:49.3956050Z         "dist_name": "pytorch-lightning-2.6.6-pyh5ded981_0",
2026-09-30T20:03:49.3956160Z         "md5": "60af2c5d55e1294b90ccb80309425d8e",
2026-09-30T20:03:49.3956255Z         "name": "pytorch-lightning",
2026-09-30T20:03:49.3956346Z         "platform": "noarch",
2026-09-30T20:03:49.3956570Z         "sha256": "3a9ed89b72fc9835f4ce2ceeec1c453a7498136ba2196ab1960bfbb152d2a485",
2026-09-30T20:03:49.3956863Z         "url": "https://conda.anaconda.org/conda-forge/noarch/pytorch-lightning-2.6.6-pyh5ded981_0.conda",
2026-09-30T20:03:49.3956951Z         "version": "2.6.6"
2026-09-30T20:03:49.3957020Z     },
2026-09-30T20:03:49.3957197Z     {
2026-09-30T20:03:49.3957343Z         "base_url": "https://conda.anaconda.org/conda-forge",
2026-09-30T20:03:49.3957428Z         "build_number": 0,
2026-09-30T20:03:49.3957521Z         "build_string": "pyh5ded981_0",
2026-09-30T20:03:49.3957697Z         "channel": "conda-forge",
2026-09-30T20:03:49.3957809Z         "dist_name": "pytz-2026.4-pyh5ded981_0",
2026-09-30T20:03:49.3957911Z         "md5": "88f9c01fa949cb51dcd33d36e547a30e",
2026-09-30T20:03:49.3957995Z         "name": "pytz",
2026-09-30T20:03:49.3958078Z         "platform": "noarch",
2026-09-30T20:03:49.3958294Z         "sha256": "0c711bf143729c33bcbca10333dac27cdcb67644dd54ec2a749d56f6e54cd484",
2026-09-30T20:03:49.3958529Z         "url": "https://conda.anaconda.org/conda-forge/noarch/pytz-2026.4-pyh5ded981_0.conda",
2026-09-30T20:03:49.3958615Z         "version": "2026.4"
2026-09-30T20:03:49.3958690Z     },
2026-09-30T20:03:49.3958757Z     {
2026-09-30T20:03:49.3958900Z         "base_url": "https://conda.anaconda.org/conda-forge",
2026-09-30T20:03:49.3958980Z         "build_number": 1,
2026-09-30T20:03:49.3959078Z         "build_string": "py311h3778330_1",
2026-09-30T20:03:49.3959163Z         "channel": "conda-forge",
2026-09-30T20:03:49.3959286Z         "dist_name": "pyyaml-6.0.3-py311h3778330_1",
2026-09-30T20:03:49.3959398Z         "md5": "a24add9a3bababee946f3bc1c829acfe",
2026-09-30T20:03:49.3959478Z         "name": "pyyaml",
2026-09-30T20:03:49.3959569Z         "platform": "linux-64",
2026-09-30T20:03:49.3959781Z         "sha256": "c9a6cd2c290d7c3d2b30ea34a0ccda30f770e8ddb2937871f2c404faf60d0050",
2026-09-30T20:03:49.3960042Z         "url": "https://conda.anaconda.org/conda-forge/linux-64/pyyaml-6.0.3-py311h3778330_1.conda",
2026-09-30T20:03:49.3960308Z         "version": "6.0.3"
2026-09-30T20:03:49.3960388Z     },
2026-09-30T20:03:49.3960455Z     {
2026-09-30T20:03:49.3960600Z         "base_url": "https://conda.anaconda.org/conda-forge",
2026-09-30T20:03:49.3960683Z         "build_number": 5,
2026-09-30T20:03:49.3960776Z         "build_string": "h434a139_5",
2026-09-30T20:03:49.3960862Z         "channel": "conda-forge",
2026-09-30T20:03:49.3960962Z         "dist_name": "qhull-2020.2-h434a139_5",
2026-09-30T20:03:49.3961065Z         "md5": "353823361b1d27eb3960efb076dfcaf6",
2026-09-30T20:03:49.3961146Z         "name": "qhull",
2026-09-30T20:03:49.3961239Z         "platform": "linux-64",
2026-09-30T20:03:49.3961439Z         "sha256": "776363493bad83308ba30bcb88c2552632581b143e8ee25b1982c8c743e73abc",
2026-09-30T20:03:49.3961674Z         "url": "https://conda.anaconda.org/conda-forge/linux-64/qhull-2020.2-h434a139_5.conda",
2026-09-30T20:03:49.3961758Z         "version": "2020.2"
2026-09-30T20:03:49.3961828Z     },
2026-09-30T20:03:49.3961901Z     {
2026-09-30T20:03:49.3962038Z         "base_url": "https://conda.anaconda.org/conda-forge",
2026-09-30T20:03:49.3962123Z         "build_number": 0,
2026-09-30T20:03:49.3962223Z         "build_string": "py311h34e1bb8_0",
2026-09-30T20:03:49.3962307Z         "channel": "conda-forge",
2026-09-30T20:03:49.3962431Z         "dist_name": "rdkit-2026.03.1-py311h34e1bb8_0",
2026-09-30T20:03:49.3962533Z         "md5": "0b2748c671cf9a5e25a4a4cf074aa2ca",
2026-09-30T20:03:49.3962616Z         "name": "rdkit",
2026-09-30T20:03:49.3962705Z         "platform": "linux-64",
2026-09-30T20:03:49.3962907Z         "sha256": "682a316699f954aa3584a80631d5a6f74ec0e6472553e52d74d0d45312a294d7",
2026-09-30T20:03:49.3963180Z         "url": "https://conda.anaconda.org/conda-forge/linux-64/rdkit-2026.03.1-py311h34e1bb8_0.conda",
2026-09-30T20:03:49.3963262Z         "version": "2026.03.1"
2026-09-30T20:03:49.3963336Z     },
2026-09-30T20:03:49.3963404Z     {
2026-09-30T20:03:49.3963546Z         "base_url": "https://conda.anaconda.org/conda-forge",
2026-09-30T20:03:49.3963626Z         "build_number": 0,
2026-09-30T20:03:49.3963719Z         "build_string": "h5301d42_0",
2026-09-30T20:03:49.3963801Z         "channel": "conda-forge",
2026-09-30T20:03:49.3963906Z         "dist_name": "re2-2025.11.05-h5301d42_0",
2026-09-30T20:03:49.3964127Z         "md5": "0227d04521bc3d28c7995c7e1f99a721",
2026-09-30T20:03:49.3964211Z         "name": "re2",
2026-09-30T20:03:49.3964302Z         "platform": "linux-64",
2026-09-30T20:03:49.3964502Z         "sha256": "2f225ddf4a274743045aded48053af65c31721e797a45beed6774fdc783febfb",
2026-09-30T20:03:49.3964850Z         "url": "https://conda.anaconda.org/conda-forge/linux-64/re2-2025.11.05-h5301d42_0.conda",
2026-09-30T20:03:49.3964929Z         "version": "2025.11.05"
2026-09-30T20:03:49.3965003Z     },
2026-09-30T20:03:49.3965077Z     {
2026-09-30T20:03:49.3965211Z         "base_url": "https://conda.anaconda.org/conda-forge",
2026-09-30T20:03:49.3965296Z         "build_number": 1,
2026-09-30T20:03:49.3965384Z         "build_string": "hd6e31c0_1",
2026-09-30T20:03:49.3965471Z         "channel": "conda-forge",
2026-09-30T20:03:49.3965574Z         "dist_name": "readline-8.3-hd6e31c0_1",
2026-09-30T20:03:49.3965677Z         "md5": "69c01c781e7c8190bbdaf79e3848c5ca",
2026-09-30T20:03:49.3965767Z         "name": "readline",
2026-09-30T20:03:49.3965853Z         "platform": "linux-64",
2026-09-30T20:03:49.3966067Z         "sha256": "01b3fe073a66e321970d09e04b388708f8cbdca5cdfbfcb7c9eeb470ad10383d",
2026-09-30T20:03:49.3966306Z         "url": "https://conda.anaconda.org/conda-forge/linux-64/readline-8.3-hd6e31c0_1.conda",
2026-09-30T20:03:49.3966388Z         "version": "8.3"
2026-09-30T20:03:49.3966457Z     },
2026-09-30T20:03:49.3966533Z     {
2026-09-30T20:03:49.3966665Z         "base_url": "https://conda.anaconda.org/conda-forge",
2026-09-30T20:03:49.3966751Z         "build_number": 0,
2026-09-30T20:03:49.3966850Z         "build_string": "pyhc364b38_0",
2026-09-30T20:03:49.3966935Z         "channel": "conda-forge",
2026-09-30T20:03:49.3967058Z         "dist_name": "reportlab-5.0.1-pyhc364b38_0",
2026-09-30T20:03:49.3967163Z         "md5": "d4c140dbb45d81ff7cb48f1854d06c7f",
2026-09-30T20:03:49.3967255Z         "name": "reportlab",
2026-09-30T20:03:49.3967339Z         "platform": "noarch",
2026-09-30T20:03:49.3967550Z         "sha256": "5e4446c2d2c005ea73f80fddd53476804f397979dd1df3fce2756dadd63145e7",
2026-09-30T20:03:49.3967808Z         "url": "https://conda.anaconda.org/conda-forge/noarch/reportlab-5.0.1-pyhc364b38_0.conda",
2026-09-30T20:03:49.3967891Z         "version": "5.0.1"
2026-09-30T20:03:49.3967964Z     },
2026-09-30T20:03:49.3968032Z     {
2026-09-30T20:03:49.3968172Z         "base_url": "https://conda.anaconda.org/conda-forge",
2026-09-30T20:03:49.3968251Z         "build_number": 0,
2026-09-30T20:03:49.3968345Z         "build_string": "pyhcf101f3_0",
2026-09-30T20:03:49.3968433Z         "channel": "conda-forge",
2026-09-30T20:03:49.3968548Z         "dist_name": "requests-2.34.2-pyhcf101f3_0",
2026-09-30T20:03:49.3968651Z         "md5": "4a85203c1d80c1059086ae860836ffb9",
2026-09-30T20:03:49.3968730Z         "name": "requests",
2026-09-30T20:03:49.3968817Z         "platform": "noarch",
2026-09-30T20:03:49.3969017Z         "sha256": "1715246b19c9f85ee022933b4845f2fc14ac9184981b7b7d9b728bec8e9588da",
2026-09-30T20:03:49.3969266Z         "url": "https://conda.anaconda.org/conda-forge/noarch/requests-2.34.2-pyhcf101f3_0.conda",
2026-09-30T20:03:49.3969348Z         "version": "2.34.2"
2026-09-30T20:03:49.3969417Z     },
2026-09-30T20:03:49.3969494Z     {
2026-09-30T20:03:49.3969625Z         "base_url": "https://conda.anaconda.org/conda-forge",
2026-09-30T20:03:49.3969710Z         "build_number": 0,
2026-09-30T20:03:49.3969799Z         "build_string": "pyhcf101f3_0",
2026-09-30T20:03:49.3969887Z         "channel": "conda-forge",
2026-09-30T20:03:49.3969987Z         "dist_name": "rich-15.0.0-pyhcf101f3_0",
2026-09-30T20:03:49.3970092Z         "md5": "0242025a3c804966bf71aa04eee82f66",
2026-09-30T20:03:49.3970303Z         "name": "rich",
2026-09-30T20:03:49.3970390Z         "platform": "noarch",
2026-09-30T20:03:49.3970604Z         "sha256": "3d6ba2c0fcdac3196ba2f0615b4104e532525ffa1335b50a2878be5ff488814a",
2026-09-30T20:03:49.3970958Z         "url": "https://conda.anaconda.org/conda-forge/noarch/rich-15.0.0-pyhcf101f3_0.conda",
2026-09-30T20:03:49.3971045Z         "version": "15.0.0"
2026-09-30T20:03:49.3971114Z     },
2026-09-30T20:03:49.3971188Z     {
2026-09-30T20:03:49.3971330Z         "base_url": "https://conda.anaconda.org/conda-forge",
2026-09-30T20:03:49.3971553Z         "build_number": 0,
2026-09-30T20:03:49.3971647Z         "build_string": "pyh6c17108_0",
2026-09-30T20:03:49.3971730Z         "channel": "conda-forge",
2026-09-30T20:03:49.3971854Z         "dist_name": "rlpycairo-0.4.0-pyh6c17108_0",
2026-09-30T20:03:49.3971957Z         "md5": "cc70086eaf08be7f62fd44842c013916",
2026-09-30T20:03:49.3972047Z         "name": "rlpycairo",
2026-09-30T20:03:49.3972128Z         "platform": "noarch",
2026-09-30T20:03:49.3972337Z         "sha256": "8d993b1a7d869855a1f6358dcc3de08dbeda9263d8c852d44bfc3900701c1e6c",
2026-09-30T20:03:49.3972590Z         "url": "https://conda.anaconda.org/conda-forge/noarch/rlpycairo-0.4.0-pyh6c17108_0.conda",
2026-09-30T20:03:49.3972670Z         "version": "0.4.0"
2026-09-30T20:03:49.3972748Z     },
2026-09-30T20:03:49.3972819Z     {
2026-09-30T20:03:49.3972963Z         "base_url": "https://conda.anaconda.org/conda-forge",
2026-09-30T20:03:49.3973044Z         "build_number": 1,
2026-09-30T20:03:49.3973140Z         "build_string": "h54a6638_1",
2026-09-30T20:03:49.3973230Z         "channel": "conda-forge",
2026-09-30T20:03:49.3973335Z         "dist_name": "rocm-core-7.2.4-h54a6638_1",
2026-09-30T20:03:49.3973443Z         "md5": "a1dae6207392cb65fed00ed12d319b0f",
2026-09-30T20:03:49.3973524Z         "name": "rocm-core",
2026-09-30T20:03:49.3973617Z         "platform": "linux-64",
2026-09-30T20:03:49.3973818Z         "sha256": "18a0c2866a4566e5033ecb264815c502c8f223b9199bbfdbf6e4f47ca05a9590",
2026-09-30T20:03:49.3974066Z         "url": "https://conda.anaconda.org/conda-forge/linux-64/rocm-core-7.2.4-h54a6638_1.conda",
2026-09-30T20:03:49.3974157Z         "version": "7.2.4"
2026-09-30T20:03:49.3974227Z     },
2026-09-30T20:03:49.3974301Z     {
2026-09-30T20:03:49.3974437Z         "base_url": "https://conda.anaconda.org/conda-forge",
2026-09-30T20:03:49.3974525Z         "build_number": 0,
2026-09-30T20:03:49.3974613Z         "build_string": "h7e3ee7f_0",
2026-09-30T20:03:49.3974702Z         "channel": "conda-forge",
2026-09-30T20:03:49.3974802Z         "dist_name": "s2n-1.7.6-h7e3ee7f_0",
2026-09-30T20:03:49.3974909Z         "md5": "e112cadcd79412d81496e784884bddf0",
2026-09-30T20:03:49.3974991Z         "name": "s2n",
2026-09-30T20:03:49.3975076Z         "platform": "linux-64",
2026-09-30T20:03:49.3975293Z         "sha256": "1e1ccc56fdf3fe82150b4eac1d626c806e612af208fbf40ce3abfe9a2eb2a626",
2026-09-30T20:03:49.3975519Z         "url": "https://conda.anaconda.org/conda-forge/linux-64/s2n-1.7.6-h7e3ee7f_0.conda",
2026-09-30T20:03:49.3975603Z         "version": "1.7.6"
2026-09-30T20:03:49.3975671Z     },
2026-09-30T20:03:49.3975744Z     {
2026-09-30T20:03:49.3975882Z         "base_url": "https://conda.anaconda.org/conda-forge",
2026-09-30T20:03:49.3975961Z         "build_number": 1,
2026-09-30T20:03:49.3976068Z         "build_string": "np2py311h1e9b377_1",
2026-09-30T20:03:49.3976153Z         "channel": "conda-forge",
2026-09-30T20:03:49.3976289Z         "dist_name": "scikit-learn-1.9.1-np2py311h1e9b377_1",
2026-09-30T20:03:49.3976391Z         "md5": "4f9cf6d0567b243c16099c441186bbf7",
2026-09-30T20:03:49.3976483Z         "name": "scikit-learn",
2026-09-30T20:03:49.3976573Z         "platform": "linux-64",
2026-09-30T20:03:49.3976781Z         "sha256": "2edc09c7d3c06898bb1c1061210ed9f4e04d6dc38d2f569c1463bbdbfe990cf5",
2026-09-30T20:03:49.3977086Z         "url": "https://conda.anaconda.org/conda-forge/linux-64/scikit-learn-1.9.1-np2py311h1e9b377_1.conda",
2026-09-30T20:03:49.3977167Z         "version": "1.9.1"
2026-09-30T20:03:49.3977242Z     },
2026-09-30T20:03:49.3977311Z     {
2026-09-30T20:03:49.3977453Z         "base_url": "https://conda.anaconda.org/conda-forge",
2026-09-30T20:03:49.3977534Z         "build_number": 1,
2026-09-30T20:03:49.3977638Z         "build_string": "py311hbe70eeb_1",
2026-09-30T20:03:49.3977821Z         "channel": "conda-forge",
2026-09-30T20:03:49.3977935Z         "dist_name": "scipy-1.17.1-py311hbe70eeb_1",
2026-09-30T20:03:49.3978042Z         "md5": "089de2ee37e4e19885c985a4fe4aaf14",
2026-09-30T20:03:49.3978197Z         "name": "scipy",
2026-09-30T20:03:49.3978285Z         "platform": "linux-64",
2026-09-30T20:03:49.3978495Z         "sha256": "3ae2ff1d1cc5930de2ca6ac03216118bdf13b2af6098e28e827f1ba25bfcbc4e",
2026-09-30T20:03:49.3978756Z         "url": "https://conda.anaconda.org/conda-forge/linux-64/scipy-1.17.1-py311hbe70eeb_1.conda",
2026-09-30T20:03:49.3978839Z         "version": "1.17.1"
2026-09-30T20:03:49.3978908Z     },
2026-09-30T20:03:49.3978980Z     {
2026-09-30T20:03:49.3979113Z         "base_url": "https://conda.anaconda.org/conda-forge",
2026-09-30T20:03:49.3979197Z         "build_number": 1,
2026-09-30T20:03:49.3979288Z         "build_string": "py311h194be0f_1",
2026-09-30T20:03:49.3979376Z         "channel": "conda-forge",
2026-09-30T20:03:49.3979513Z         "dist_name": "setproctitle-1.3.7-py311h194be0f_1",
2026-09-30T20:03:49.3979614Z         "md5": "8d1888da96798c6fc229a3cb0e0bdd03",
2026-09-30T20:03:49.3979707Z         "name": "setproctitle",
2026-09-30T20:03:49.3979795Z         "platform": "linux-64",
2026-09-30T20:03:49.3980009Z         "sha256": "394cb22725eec583e5a1abcecbd2603556f999d5242e59dfe17046631faf69c6",
2026-09-30T20:03:49.3980436Z         "url": "https://conda.anaconda.org/conda-forge/linux-64/setproctitle-1.3.7-py311h194be0f_1.conda",
2026-09-30T20:03:49.3980527Z         "version": "1.3.7"
2026-09-30T20:03:49.3980601Z     },
2026-09-30T20:03:49.3980668Z     {
2026-09-30T20:03:49.3980824Z         "base_url": "https://conda.anaconda.org/conda-forge",
2026-09-30T20:03:49.3980905Z         "build_number": 0,
2026-09-30T20:03:49.3981004Z         "build_string": "pyh332efcf_0",
2026-09-30T20:03:49.3981091Z         "channel": "conda-forge",
2026-09-30T20:03:49.3981219Z         "dist_name": "setuptools-84.0.0-pyh332efcf_0",
2026-09-30T20:03:49.3981327Z         "md5": "62ac906f1cd582c6c264c95625cb9d6f",
2026-09-30T20:03:49.3981419Z         "name": "setuptools",
2026-09-30T20:03:49.3981508Z         "platform": "noarch",
2026-09-30T20:03:49.3981720Z         "sha256": "9e200ee5f9ff19a4d94e4b51c4856d53dec849f91032f345cf0c6bc3d51a7183",
2026-09-30T20:03:49.3982001Z         "url": "https://conda.anaconda.org/conda-forge/noarch/setuptools-84.0.0-pyh332efcf_0.conda",
2026-09-30T20:03:49.3982083Z         "version": "84.0.0"
2026-09-30T20:03:49.3982159Z     },
2026-09-30T20:03:49.3982232Z     {
2026-09-30T20:03:49.3982377Z         "base_url": "https://conda.anaconda.org/conda-forge",
2026-09-30T20:03:49.3982465Z         "build_number": 1,
2026-09-30T20:03:49.3982556Z         "build_string": "pyhe01879c_1",
2026-09-30T20:03:49.3982650Z         "channel": "conda-forge",
2026-09-30T20:03:49.3982751Z         "dist_name": "six-1.17.0-pyhe01879c_1",
2026-09-30T20:03:49.3982863Z         "md5": "3339e3b65d58accf4ca4fb8748ab16b3",
2026-09-30T20:03:49.3982944Z         "name": "six",
2026-09-30T20:03:49.3983036Z         "platform": "noarch",
2026-09-30T20:03:49.3983256Z         "sha256": "458227f759d5e3fcec5d9b7acce54e10c9e1f4f4b7ec978f3bfd54ce4ee9853d",
2026-09-30T20:03:49.3983489Z         "url": "https://conda.anaconda.org/conda-forge/noarch/six-1.17.0-pyhe01879c_1.conda",
2026-09-30T20:03:49.3983575Z         "version": "1.17.0"
2026-09-30T20:03:49.3983646Z     },
2026-09-30T20:03:49.3983721Z     {
2026-09-30T20:03:49.3983858Z         "base_url": "https://conda.anaconda.org/conda-forge",
2026-09-30T20:03:49.3983944Z         "build_number": 0,
2026-09-30T20:03:49.3984033Z         "build_string": "ha0421bc_0",
2026-09-30T20:03:49.3984125Z         "channel": "conda-forge",
2026-09-30T20:03:49.3984229Z         "dist_name": "sleef-3.9.0-ha0421bc_0",
2026-09-30T20:03:49.3984335Z         "md5": "e8a0b4f5e82ecacffaa5e805020473cb",
2026-09-30T20:03:49.3984419Z         "name": "sleef",
2026-09-30T20:03:49.3984506Z         "platform": "linux-64",
2026-09-30T20:03:49.3984837Z         "sha256": "57afc2ab5bdb24cf979964018dddbc5dfaee130b415e6863765e45aed2175ee4",
2026-09-30T20:03:49.3985075Z         "url": "https://conda.anaconda.org/conda-forge/linux-64/sleef-3.9.0-ha0421bc_0.conda",
2026-09-30T20:03:49.3985263Z         "version": "3.9.0"
2026-09-30T20:03:49.3985338Z     },
2026-09-30T20:03:49.3985407Z     {
2026-09-30T20:03:49.3985514Z         "base_url": "https://pypi.org/",
2026-09-30T20:03:49.3985594Z         "build_number": 0,
2026-09-30T20:03:49.3985691Z         "build_string": "pypi_0",
2026-09-30T20:03:49.3985773Z         "channel": "pypi",
2026-09-30T20:03:49.3985875Z         "dist_name": "smmap-5.0.3-pypi_0",
2026-09-30T20:03:49.3985950Z         "md5": "",
2026-09-30T20:03:49.3986035Z         "name": "smmap",
2026-09-30T20:03:49.3986129Z         "platform": "linux-x86_64",
2026-09-30T20:03:49.3986207Z         "sha256": "",
2026-09-30T20:03:49.3986286Z         "url": "",
2026-09-30T20:03:49.3986369Z         "version": "5.0.3"
2026-09-30T20:03:49.3986443Z     },
2026-09-30T20:03:49.3986515Z     {
2026-09-30T20:03:49.3986660Z         "base_url": "https://conda.anaconda.org/conda-forge",
2026-09-30T20:03:49.3986748Z         "build_number": 2,
2026-09-30T20:03:49.3986839Z         "build_string": "h34e00bb_2",
2026-09-30T20:03:49.3986934Z         "channel": "conda-forge",
2026-09-30T20:03:49.3987036Z         "dist_name": "snappy-1.2.2-h34e00bb_2",
2026-09-30T20:03:49.3987144Z         "md5": "2b7e31ffbd476eecf33b3b833692339c",
2026-09-30T20:03:49.3987225Z         "name": "snappy",
2026-09-30T20:03:49.3987319Z         "platform": "linux-64",
2026-09-30T20:03:49.3987516Z         "sha256": "8635d10c7f127808b09c0c8e77b21a255829e0934e49326548c949f7e0551f09",
2026-09-30T20:03:49.3987764Z         "url": "https://conda.anaconda.org/conda-forge/linux-64/snappy-1.2.2-h34e00bb_2.conda",
2026-09-30T20:03:49.3987847Z         "version": "1.2.2"
2026-09-30T20:03:49.3987917Z     },
2026-09-30T20:03:49.3987990Z     {
2026-09-30T20:03:49.3988124Z         "base_url": "https://conda.anaconda.org/conda-forge",
2026-09-30T20:03:49.3988213Z         "build_number": 0,
2026-09-30T20:03:49.3988306Z         "build_string": "py311h194be0f_0",
2026-09-30T20:03:49.3988396Z         "channel": "conda-forge",
2026-09-30T20:03:49.3988525Z         "dist_name": "sqlalchemy-2.1.1-py311h194be0f_0",
2026-09-30T20:03:49.3988633Z         "md5": "c1bf1b17b5db1a93105cce1d5706ec75",
2026-09-30T20:03:49.3988719Z         "name": "sqlalchemy",
2026-09-30T20:03:49.3988805Z         "platform": "linux-64",
2026-09-30T20:03:49.3989011Z         "sha256": "759c86197e55bd6a0a4c80bb45e8ccee87da870060083236306da315250c06c7",
2026-09-30T20:03:49.3989306Z         "url": "https://conda.anaconda.org/conda-forge/linux-64/sqlalchemy-2.1.1-py311h194be0f_0.conda",
2026-09-30T20:03:49.3989392Z         "version": "2.1.1"
2026-09-30T20:03:49.3989467Z     },
2026-09-30T20:03:49.3989536Z     {
2026-09-30T20:03:49.3989680Z         "base_url": "https://conda.anaconda.org/conda-forge",
2026-09-30T20:03:49.3989766Z         "build_number": 106,
2026-09-30T20:03:49.3989869Z         "build_string": "pyh2585a3b_106",
2026-09-30T20:03:49.3989955Z         "channel": "conda-forge",
2026-09-30T20:03:49.3990068Z         "dist_name": "sympy-1.14.0-pyh2585a3b_106",
2026-09-30T20:03:49.3990327Z         "md5": "32d866e43b25275f61566b9391ccb7b5",
2026-09-30T20:03:49.3990419Z         "name": "sympy",
2026-09-30T20:03:49.3990508Z         "platform": "noarch",
2026-09-30T20:03:49.3990717Z         "sha256": "1c8057e6875eba958aa8b3c1a072dc9a75d013f209c26fd8125a5ebd3abbec0c",
2026-09-30T20:03:49.3990976Z         "url": "https://conda.anaconda.org/conda-forge/noarch/sympy-1.14.0-pyh2585a3b_106.conda",
2026-09-30T20:03:49.3991057Z         "version": "1.14.0"
2026-09-30T20:03:49.3991133Z     },
2026-09-30T20:03:49.3991202Z     {
2026-09-30T20:03:49.3991341Z         "base_url": "https://conda.anaconda.org/conda-forge",
2026-09-30T20:03:49.3991426Z         "build_number": 2,
2026-09-30T20:03:49.3991516Z         "build_string": "haa8c3ee_2",
2026-09-30T20:03:49.3991722Z         "channel": "conda-forge",
2026-09-30T20:03:49.3991828Z         "dist_name": "tbb-2023.1.0-haa8c3ee_2",
2026-09-30T20:03:49.3991935Z         "md5": "f805909f478c179e230baf7bd5878e26",
2026-09-30T20:03:49.3992011Z         "name": "tbb",
2026-09-30T20:03:49.3992202Z         "platform": "linux-64",
2026-09-30T20:03:49.3992412Z         "sha256": "5e47c01ea6c2bea041b78b4e45b3135b80bfc015533ec44e4c2d2326a755f8ba",
2026-09-30T20:03:49.3992651Z         "url": "https://conda.anaconda.org/conda-forge/linux-64/tbb-2023.1.0-haa8c3ee_2.conda",
2026-09-30T20:03:49.3992738Z         "version": "2023.1.0"
2026-09-30T20:03:49.3992808Z     },
2026-09-30T20:03:49.3992883Z     {
2026-09-30T20:03:49.3993026Z         "base_url": "https://conda.anaconda.org/conda-forge",
2026-09-30T20:03:49.4001383Z         "build_number": 0,
2026-09-30T20:03:49.4001527Z         "build_string": "pyhc455866_0",
2026-09-30T20:03:49.4001624Z         "channel": "conda-forge",
2026-09-30T20:03:49.4001773Z         "dist_name": "threadpoolctl-3.7.0-pyhc455866_0",
2026-09-30T20:03:49.4001899Z         "md5": "8c05910e780502e362d658f00f5ec10f",
2026-09-30T20:03:49.4001994Z         "name": "threadpoolctl",
2026-09-30T20:03:49.4002091Z         "platform": "noarch",
2026-09-30T20:03:49.4002313Z         "sha256": "a32d17fe979e59fe1295875b5d4f0431a76dfbbfcee5b01e657a8aa3c4a1b5d1",
2026-09-30T20:03:49.4002619Z         "url": "https://conda.anaconda.org/conda-forge/noarch/threadpoolctl-3.7.0-pyhc455866_0.conda",
2026-09-30T20:03:49.4002704Z         "version": "3.7.0"
2026-09-30T20:03:49.4002782Z     },
2026-09-30T20:03:49.4002858Z     {
2026-09-30T20:03:49.4003008Z         "base_url": "https://conda.anaconda.org/conda-forge",
2026-09-30T20:03:49.4003097Z         "build_number": 1,
2026-09-30T20:03:49.4003190Z         "build_string": "pyhd8ed1ab_1",
2026-09-30T20:03:49.4003287Z         "channel": "conda-forge",
2026-09-30T20:03:49.4003396Z         "dist_name": "tinydb-4.8.2-pyhd8ed1ab_1",
2026-09-30T20:03:49.4003510Z         "md5": "93057ce123ddf36094f7a0bc6ae5fe76",
2026-09-30T20:03:49.4003596Z         "name": "tinydb",
2026-09-30T20:03:49.4003689Z         "platform": "noarch",
2026-09-30T20:03:49.4003916Z         "sha256": "a26c77a5a1d75e1dede0e8c176a8e5bd3a6bf0dd9743471669e54cec85a6d864",
2026-09-30T20:03:49.4004191Z         "url": "https://conda.anaconda.org/conda-forge/noarch/tinydb-4.8.2-pyhd8ed1ab_1.conda",
2026-09-30T20:03:49.4004281Z         "version": "4.8.2"
2026-09-30T20:03:49.4004353Z     },
2026-09-30T20:03:49.4004431Z     {
2026-09-30T20:03:49.4004582Z         "base_url": "https://conda.anaconda.org/conda-forge",
2026-09-30T20:03:49.4004675Z         "build_number": 104,
2026-09-30T20:03:49.4004781Z         "build_string": "noxft_h1df4ec4_4",
2026-09-30T20:03:49.4004867Z         "channel": "conda-forge",
2026-09-30T20:03:49.4004977Z         "dist_name": "tk-8.6.13-noxft_h1df4ec4_4",
2026-09-30T20:03:49.4005080Z         "md5": "676a2f9b1c4fcf57b70aa5c65f6c60d0",
2026-09-30T20:03:49.4005163Z         "name": "tk",
2026-09-30T20:03:49.4005252Z         "platform": "linux-64",
2026-09-30T20:03:49.4005476Z         "sha256": "a1a241d172c1ccab067ba245206dd048bc3c2d1b84504b53c9468e99adfc16a1",
2026-09-30T20:03:49.4005737Z         "url": "https://conda.anaconda.org/conda-forge/linux-64/tk-8.6.13-noxft_h1df4ec4_4.conda",
2026-09-30T20:03:49.4005824Z         "version": "8.6.13"
2026-09-30T20:03:49.4005900Z     },
2026-09-30T20:03:49.4005969Z     {
2026-09-30T20:03:49.4006119Z         "base_url": "https://conda.anaconda.org/conda-forge",
2026-09-30T20:03:49.4006201Z         "build_number": 0,
2026-09-30T20:03:49.4006300Z         "build_string": "pyhcf101f3_0",
2026-09-30T20:03:49.4006389Z         "channel": "conda-forge",
2026-09-30T20:03:49.4006505Z         "dist_name": "tomli-2.4.1-pyhcf101f3_0",
2026-09-30T20:03:49.4006612Z         "md5": "b5325cf06a000c5b14970462ff5e4d58",
2026-09-30T20:03:49.4006690Z         "name": "tomli",
2026-09-30T20:03:49.4006781Z         "platform": "noarch",
2026-09-30T20:03:49.4006994Z         "sha256": "91cafdb64268e43e0e10d30bd1bef5af392e69f00edd34dfaf909f69ab2da6bd",
2026-09-30T20:03:49.4007404Z         "url": "https://conda.anaconda.org/conda-forge/noarch/tomli-2.4.1-pyhcf101f3_0.conda",
2026-09-30T20:03:49.4007491Z         "version": "2.4.1"
2026-09-30T20:03:49.4007568Z     },
2026-09-30T20:03:49.4007755Z     {
2026-09-30T20:03:49.4007859Z         "base_url": "https://pypi.org/",
2026-09-30T20:03:49.4007945Z         "build_number": 0,
2026-09-30T20:03:49.4008030Z         "build_string": "pypi_0",
2026-09-30T20:03:49.4008115Z         "channel": "pypi",
2026-09-30T20:03:49.4008215Z         "dist_name": "torch-ema-0.3-pypi_0",
2026-09-30T20:03:49.4008295Z         "md5": "",
2026-09-30T20:03:49.4008383Z         "name": "torch-ema",
2026-09-30T20:03:49.4008474Z         "platform": "linux-x86_64",
2026-09-30T20:03:49.4008554Z         "sha256": "",
2026-09-30T20:03:49.4008631Z         "url": "",
2026-09-30T20:03:49.4008717Z         "version": "0.3"
2026-09-30T20:03:49.4008785Z     },
2026-09-30T20:03:49.4008861Z     {
2026-09-30T20:03:49.4009006Z         "base_url": "https://conda.anaconda.org/conda-forge",
2026-09-30T20:03:49.4009097Z         "build_number": 0,
2026-09-30T20:03:49.4009204Z         "build_string": "pyhd8ed1ab_0",
2026-09-30T20:03:49.4009294Z         "channel": "conda-forge",
2026-09-30T20:03:49.4009430Z         "dist_name": "torchmetrics-1.9.0-pyhd8ed1ab_0",
2026-09-30T20:03:49.4009539Z         "md5": "307ddb12f595fd5910ebd5b98cb00561",
2026-09-30T20:03:49.4009633Z         "name": "torchmetrics",
2026-09-30T20:03:49.4009718Z         "platform": "noarch",
2026-09-30T20:03:49.4009931Z         "sha256": "5ec00585734d54e3f36dc51fc9d48af19756b473391312fee38a4c287263c402",
2026-09-30T20:03:49.4010397Z         "url": "https://conda.anaconda.org/conda-forge/noarch/torchmetrics-1.9.0-pyhd8ed1ab_0.conda",
2026-09-30T20:03:49.4010484Z         "version": "1.9.0"
2026-09-30T20:03:49.4010562Z     },
2026-09-30T20:03:49.4010632Z     {
2026-09-30T20:03:49.4010782Z         "base_url": "https://conda.anaconda.org/conda-forge",
2026-09-30T20:03:49.4010863Z         "build_number": 0,
2026-09-30T20:03:49.4010966Z         "build_string": "pyhfa0c392_0",
2026-09-30T20:03:49.4011051Z         "channel": "conda-forge",
2026-09-30T20:03:49.4011164Z         "dist_name": "tqdm-4.70.1-pyhfa0c392_0",
2026-09-30T20:03:49.4011284Z         "md5": "ffc91f29264eeb8d3ba96fdc897316c3",
2026-09-30T20:03:49.4011365Z         "name": "tqdm",
2026-09-30T20:03:49.4011453Z         "platform": "noarch",
2026-09-30T20:03:49.4011660Z         "sha256": "7c40c84de3de3624c2a753496122dbb880903c796d183e9d4be6c15c310c4bab",
2026-09-30T20:03:49.4011902Z         "url": "https://conda.anaconda.org/conda-forge/noarch/tqdm-4.70.1-pyhfa0c392_0.conda",
2026-09-30T20:03:49.4011984Z         "version": "4.70.1"
2026-09-30T20:03:49.4012065Z     },
2026-09-30T20:03:49.4012141Z     {
2026-09-30T20:03:49.4012281Z         "base_url": "https://conda.anaconda.org/conda-forge",
2026-09-30T20:03:49.4012370Z         "build_number": 0,
2026-09-30T20:03:49.4012468Z         "build_string": "h69aa097_0",
2026-09-30T20:03:49.4012565Z         "channel": "conda-forge",
2026-09-30T20:03:49.4012705Z         "dist_name": "typing-extensions-4.16.0-h69aa097_0",
2026-09-30T20:03:49.4012825Z         "md5": "c680b5747e8c4c8f23dca0bb7042a8fc",
2026-09-30T20:03:49.4012924Z         "name": "typing-extensions",
2026-09-30T20:03:49.4013019Z         "platform": "noarch",
2026-09-30T20:03:49.4013236Z         "sha256": "b141933ece3518f6d7b75dfb59451e2f26b405a44c18e2518a83e9a02e09315c",
2026-09-30T20:03:49.4013524Z         "url": "https://conda.anaconda.org/conda-forge/noarch/typing-extensions-4.16.0-h69aa097_0.conda",
2026-09-30T20:03:49.4013612Z         "version": "4.16.0"
2026-09-30T20:03:49.4013683Z     },
2026-09-30T20:03:49.4013755Z     {
2026-09-30T20:03:49.4013894Z         "base_url": "https://conda.anaconda.org/conda-forge",
2026-09-30T20:03:49.4013982Z         "build_number": 0,
2026-09-30T20:03:49.4014085Z         "build_string": "pyhcf101f3_0",
2026-09-30T20:03:49.4014173Z         "channel": "conda-forge",
2026-09-30T20:03:49.4014438Z         "dist_name": "typing-inspection-0.4.4-pyhcf101f3_0",
2026-09-30T20:03:49.4014550Z         "md5": "880e91eac5d926568ef278e20554148e",
2026-09-30T20:03:49.4014652Z         "name": "typing-inspection",
2026-09-30T20:03:49.4014739Z         "platform": "noarch",
2026-09-30T20:03:49.4015058Z         "sha256": "293c66b208468d186a94ff486c2ffbf67859a2bde8c88e965fc9d06c517191b2",
2026-09-30T20:03:49.4015360Z         "url": "https://conda.anaconda.org/conda-forge/noarch/typing-inspection-0.4.4-pyhcf101f3_0.conda",
2026-09-30T20:03:49.4015442Z         "version": "0.4.4"
2026-09-30T20:03:49.4015519Z     },
2026-09-30T20:03:49.4015590Z     {
2026-09-30T20:03:49.4015737Z         "base_url": "https://conda.anaconda.org/conda-forge",
2026-09-30T20:03:49.4015819Z         "build_number": 0,
2026-09-30T20:03:49.4015919Z         "build_string": "pyhcf101f3_0",
2026-09-30T20:03:49.4016010Z         "channel": "conda-forge",
2026-09-30T20:03:49.4016143Z         "dist_name": "typing_extensions-4.16.0-pyhcf101f3_0",
2026-09-30T20:03:49.4016252Z         "md5": "c70ad746c22219b9700931707482992c",
2026-09-30T20:03:49.4016340Z         "name": "typing_extensions",
2026-09-30T20:03:49.4016427Z         "platform": "noarch",
2026-09-30T20:03:49.4016626Z         "sha256": "2d888f90af0686044882c74193ec80a90ec1943145d94a7b1b048958acda1848",
2026-09-30T20:03:49.4016927Z         "url": "https://conda.anaconda.org/conda-forge/noarch/typing_extensions-4.16.0-pyhcf101f3_0.conda",
2026-09-30T20:03:49.4017016Z         "version": "4.16.0"
2026-09-30T20:03:49.4017088Z     },
2026-09-30T20:03:49.4017163Z     {
2026-09-30T20:03:49.4017294Z         "base_url": "https://conda.anaconda.org/conda-forge",
2026-09-30T20:03:49.4017379Z         "build_number": 0,
2026-09-30T20:03:49.4017470Z         "build_string": "h151e31d_0",
2026-09-30T20:03:49.4017561Z         "channel": "conda-forge",
2026-09-30T20:03:49.4017664Z         "dist_name": "tzdata-2026c-h151e31d_0",
2026-09-30T20:03:49.4017775Z         "md5": "fcb489df604d100968b737f2cb6076c6",
2026-09-30T20:03:49.4017865Z         "name": "tzdata",
2026-09-30T20:03:49.4017947Z         "platform": "noarch",
2026-09-30T20:03:49.4018162Z         "sha256": "b928c30ddcb0e3f544c6eade8352737e6e610e263276b90232db6a578ef899d8",
2026-09-30T20:03:49.4018401Z         "url": "https://conda.anaconda.org/conda-forge/noarch/tzdata-2026c-h151e31d_0.conda",
2026-09-30T20:03:49.4018487Z         "version": "2026c"
2026-09-30T20:03:49.4018558Z     },
2026-09-30T20:03:49.4018635Z     {
2026-09-30T20:03:49.4018778Z         "base_url": "https://conda.anaconda.org/conda-forge",
2026-09-30T20:03:49.4018858Z         "build_number": 0,
2026-09-30T20:03:49.4018959Z         "build_string": "py311h0d48ccd_0",
2026-09-30T20:03:49.4019044Z         "channel": "conda-forge",
2026-09-30T20:03:49.4019184Z         "dist_name": "unicodedata2-18.0.0-py311h0d48ccd_0",
2026-09-30T20:03:49.4019284Z         "md5": "b3c135d87baf528b7263c06452926ff0",
2026-09-30T20:03:49.4019377Z         "name": "unicodedata2",
2026-09-30T20:03:49.4019472Z         "platform": "linux-64",
2026-09-30T20:03:49.4019687Z         "sha256": "c8dce6fd51ed3a8ac9f600939ada429691b09c00bf651e611e221a900c16c2ec",
2026-09-30T20:03:49.4019983Z         "url": "https://conda.anaconda.org/conda-forge/linux-64/unicodedata2-18.0.0-py311h0d48ccd_0.conda",
2026-09-30T20:03:49.4020068Z         "version": "18.0.0"
2026-09-30T20:03:49.4020290Z     },
2026-09-30T20:03:49.4020366Z     {
2026-09-30T20:03:49.4020512Z         "base_url": "https://conda.anaconda.org/conda-forge",
2026-09-30T20:03:49.4020594Z         "build_number": 0,
2026-09-30T20:03:49.4020693Z         "build_string": "pyhd8ed1ab_0",
2026-09-30T20:03:49.4020785Z         "channel": "conda-forge",
2026-09-30T20:03:49.4020890Z         "dist_name": "urllib3-2.8.0-pyhd8ed1ab_0",
2026-09-30T20:03:49.4020997Z         "md5": "407a3d3778570bae8e8fcf554e803e43",
2026-09-30T20:03:49.4021077Z         "name": "urllib3",
2026-09-30T20:03:49.4021165Z         "platform": "noarch",
2026-09-30T20:03:49.4021481Z         "sha256": "c5511c190ab55168ca412f3c54592fbf677ae6250784cb72b227a7cf3f538f7d",
2026-09-30T20:03:49.4021739Z         "url": "https://conda.anaconda.org/conda-forge/noarch/urllib3-2.8.0-pyhd8ed1ab_0.conda",
2026-09-30T20:03:49.4021823Z         "version": "2.8.0"
2026-09-30T20:03:49.4021998Z     },
2026-09-30T20:03:49.4022073Z     {
2026-09-30T20:03:49.4022207Z         "base_url": "https://conda.anaconda.org/conda-forge",
2026-09-30T20:03:49.4022295Z         "build_number": 0,
2026-09-30T20:03:49.4022385Z         "build_string": "pyhd8ed1ab_0",
2026-09-30T20:03:49.4022475Z         "channel": "conda-forge",
2026-09-30T20:03:49.4022606Z         "dist_name": "validators-0.35.0-pyhd8ed1ab_0",
2026-09-30T20:03:49.4022708Z         "md5": "3449ef730c7d483adde81993994092b9",
2026-09-30T20:03:49.4022800Z         "name": "validators",
2026-09-30T20:03:49.4022882Z         "platform": "noarch",
2026-09-30T20:03:49.4023095Z         "sha256": "a9cd585b86f41da98e4d67d75623916456d9df9dbd0ee27c4a722d89eb71cf13",
2026-09-30T20:03:49.4023358Z         "url": "https://conda.anaconda.org/conda-forge/noarch/validators-0.35.0-pyhd8ed1ab_0.conda",
2026-09-30T20:03:49.4023445Z         "version": "0.35.0"
2026-09-30T20:03:49.4023522Z     },
2026-09-30T20:03:49.4023592Z     {
2026-09-30T20:03:49.4023698Z         "base_url": "https://pypi.org/",
2026-09-30T20:03:49.4023782Z         "build_number": 0,
2026-09-30T20:03:49.4023873Z         "build_string": "pypi_0",
2026-09-30T20:03:49.4023954Z         "channel": "pypi",
2026-09-30T20:03:49.4024062Z         "dist_name": "wcwidth-0.9.1-pypi_0",
2026-09-30T20:03:49.4024137Z         "md5": "",
2026-09-30T20:03:49.4024224Z         "name": "wcwidth",
2026-09-30T20:03:49.4024323Z         "platform": "linux-x86_64",
2026-09-30T20:03:49.4024398Z         "sha256": "",
2026-09-30T20:03:49.4024478Z         "url": "",
2026-09-30T20:03:49.4024557Z         "version": "0.9.1"
2026-09-30T20:03:49.4024636Z     },
2026-09-30T20:03:49.4024706Z     {
2026-09-30T20:03:49.4024846Z         "base_url": "https://conda.anaconda.org/conda-forge",
2026-09-30T20:03:49.4024929Z         "build_number": 0,
2026-09-30T20:03:49.4025027Z         "build_string": "pyhd8ed1ab_0",
2026-09-30T20:03:49.4025117Z         "channel": "conda-forge",
2026-09-30T20:03:49.4025224Z         "dist_name": "wheel-0.48.0-pyhd8ed1ab_0",
2026-09-30T20:03:49.4025338Z         "md5": "9a2124517bfd5d792e0f7b86eefdfeb8",
2026-09-30T20:03:49.4025417Z         "name": "wheel",
2026-09-30T20:03:49.4025508Z         "platform": "noarch",
2026-09-30T20:03:49.4025708Z         "sha256": "ba64b29b6d418024cb565081a1799262cb2780d2534ff4c14f76aa858c4286cd",
2026-09-30T20:03:49.4025953Z         "url": "https://conda.anaconda.org/conda-forge/noarch/wheel-0.48.0-pyhd8ed1ab_0.conda",
2026-09-30T20:03:49.4026039Z         "version": "0.48.0"
2026-09-30T20:03:49.4026110Z     },
2026-09-30T20:03:49.4026185Z     {
2026-09-30T20:03:49.4026319Z         "base_url": "https://conda.anaconda.org/conda-forge",
2026-09-30T20:03:49.4026406Z         "build_number": 0,
2026-09-30T20:03:49.4026498Z         "build_string": "pyhcf101f3_0",
2026-09-30T20:03:49.4026595Z         "channel": "conda-forge",
2026-09-30T20:03:49.4026710Z         "dist_name": "xmltodict-1.0.2-pyhcf101f3_0",
2026-09-30T20:03:49.4026816Z         "md5": "e91301ac8b2ad640df6165db24914332",
2026-09-30T20:03:49.4026908Z         "name": "xmltodict",
2026-09-30T20:03:49.4026996Z         "platform": "noarch",
2026-09-30T20:03:49.4027211Z         "sha256": "5001a8b0a26810f5b8e20a05bca8cd458b0f6dcfbe00bf648aec017b1fd341f1",
2026-09-30T20:03:49.4027463Z         "url": "https://conda.anaconda.org/conda-forge/noarch/xmltodict-1.0.2-pyhcf101f3_0.conda",
2026-09-30T20:03:49.4027549Z         "version": "1.0.2"
2026-09-30T20:03:49.4027620Z     },
2026-09-30T20:03:49.4027698Z     {
2026-09-30T20:03:49.4027837Z         "base_url": "https://conda.anaconda.org/conda-forge",
2026-09-30T20:03:49.4027916Z         "build_number": 0,
2026-09-30T20:03:49.4028013Z         "build_string": "h280c20c_0",
2026-09-30T20:03:49.4028100Z         "channel": "conda-forge",
2026-09-30T20:03:49.4028303Z         "dist_name": "xorg-libice-1.1.2-h280c20c_0",
2026-09-30T20:03:49.4028411Z         "md5": "85c9442aec283b4e464fa9ecc484a2f3",
2026-09-30T20:03:49.4028503Z         "name": "xorg-libice",
2026-09-30T20:03:49.4028597Z         "platform": "linux-64",
2026-09-30T20:03:49.4028876Z         "sha256": "49b532d1df875c6749d9078b56a76f3f5db49a5abe0ca620b593ed474ef0ebf1",
2026-09-30T20:03:49.4029145Z         "url": "https://conda.anaconda.org/conda-forge/linux-64/xorg-libice-1.1.2-h280c20c_0.conda",
2026-09-30T20:03:49.4029225Z         "version": "1.1.2"
2026-09-30T20:03:49.4029296Z     },
2026-09-30T20:03:49.4029364Z     {
2026-09-30T20:03:49.4029506Z         "base_url": "https://conda.anaconda.org/conda-forge",
2026-09-30T20:03:49.4029587Z         "build_number": 1,
2026-09-30T20:03:49.4029685Z         "build_string": "h0d788c3_1",
2026-09-30T20:03:49.4029775Z         "channel": "conda-forge",
2026-09-30T20:03:49.4029885Z         "dist_name": "xorg-libsm-1.2.6-h0d788c3_1",
2026-09-30T20:03:49.4029997Z         "md5": "aa7459ed9ad086ba11dda843d764b33d",
2026-09-30T20:03:49.4030081Z         "name": "xorg-libsm",
2026-09-30T20:03:49.4030307Z         "platform": "linux-64",
2026-09-30T20:03:49.4030520Z         "sha256": "ef907caee0665cf3b0f775602cc50e388e3bade8ce22ecade0873ff26604b2fd",
2026-09-30T20:03:49.4030787Z         "url": "https://conda.anaconda.org/conda-forge/linux-64/xorg-libsm-1.2.6-h0d788c3_1.conda",
2026-09-30T20:03:49.4030876Z         "version": "1.2.6"
2026-09-30T20:03:49.4030945Z     },
2026-09-30T20:03:49.4031020Z     {
2026-09-30T20:03:49.4031152Z         "base_url": "https://conda.anaconda.org/conda-forge",
2026-09-30T20:03:49.4031241Z         "build_number": 1,
2026-09-30T20:03:49.4031330Z         "build_string": "he1eb515_1",
2026-09-30T20:03:49.4031419Z         "channel": "conda-forge",
2026-09-30T20:03:49.4031539Z         "dist_name": "xorg-libx11-1.8.13-he1eb515_1",
2026-09-30T20:03:49.4031645Z         "md5": "8c282bbe4808a3cc80a5c98e9aec1cfc",
2026-09-30T20:03:49.4031737Z         "name": "xorg-libx11",
2026-09-30T20:03:49.4031824Z         "platform": "linux-64",
2026-09-30T20:03:49.4032033Z         "sha256": "68053eebfa9f0d91666786c8fb5839d989aa9b869add92cb8815228bb2d7302c",
2026-09-30T20:03:49.4032293Z         "url": "https://conda.anaconda.org/conda-forge/linux-64/xorg-libx11-1.8.13-he1eb515_1.conda",
2026-09-30T20:03:49.4032381Z         "version": "1.8.13"
2026-09-30T20:03:49.4032459Z     },
2026-09-30T20:03:49.4032528Z     {
2026-09-30T20:03:49.4032668Z         "base_url": "https://conda.anaconda.org/conda-forge",
2026-09-30T20:03:49.4032747Z         "build_number": 2,
2026-09-30T20:03:49.4032843Z         "build_string": "h7cc23a3_2",
2026-09-30T20:03:49.4032933Z         "channel": "conda-forge",
2026-09-30T20:03:49.4033047Z         "dist_name": "xorg-libxau-1.0.12-h7cc23a3_2",
2026-09-30T20:03:49.4033156Z         "md5": "da33efee1a93603d92e06d4a2b68def6",
2026-09-30T20:03:49.4033243Z         "name": "xorg-libxau",
2026-09-30T20:03:49.4033328Z         "platform": "linux-64",
2026-09-30T20:03:49.4033534Z         "sha256": "3ec065b94554dc48a4ca582a960a5484bc166b26e83ce0954653e08d17e8bd53",
2026-09-30T20:03:49.4033789Z         "url": "https://conda.anaconda.org/conda-forge/linux-64/xorg-libxau-1.0.12-h7cc23a3_2.conda",
2026-09-30T20:03:49.4033874Z         "version": "1.0.12"
2026-09-30T20:03:49.4033943Z     },
2026-09-30T20:03:49.4034018Z     {
2026-09-30T20:03:49.4034155Z         "base_url": "https://conda.anaconda.org/conda-forge",
2026-09-30T20:03:49.4034235Z         "build_number": 2,
2026-09-30T20:03:49.4034324Z         "build_string": "h7cc23a3_2",
2026-09-30T20:03:49.4034409Z         "channel": "conda-forge",
2026-09-30T20:03:49.4034533Z         "dist_name": "xorg-libxdmcp-1.1.5-h7cc23a3_2",
2026-09-30T20:03:49.4034635Z         "md5": "eabfc45786244de252090cf8d55128a8",
2026-09-30T20:03:49.4034731Z         "name": "xorg-libxdmcp",
2026-09-30T20:03:49.4034820Z         "platform": "linux-64",
2026-09-30T20:03:49.4035024Z         "sha256": "8a095df9bc1d2e50f2504ce8858a047ae29ea634aad6cc0b43298c63361da6d9",
2026-09-30T20:03:49.4035457Z         "url": "https://conda.anaconda.org/conda-forge/linux-64/xorg-libxdmcp-1.1.5-h7cc23a3_2.conda",
2026-09-30T20:03:49.4035540Z         "version": "1.1.5"
2026-09-30T20:03:49.4035614Z     },
2026-09-30T20:03:49.4035783Z     {
2026-09-30T20:03:49.4035923Z         "base_url": "https://conda.anaconda.org/conda-forge",
2026-09-30T20:03:49.4036003Z         "build_number": 1,
2026-09-30T20:03:49.4036094Z         "build_string": "h7cc23a3_1",
2026-09-30T20:03:49.4036180Z         "channel": "conda-forge",
2026-09-30T20:03:49.4036291Z         "dist_name": "xorg-libxext-1.3.7-h7cc23a3_1",
2026-09-30T20:03:49.4036394Z         "md5": "e5b6b28536b81b3f4cb20db4668a4642",
2026-09-30T20:03:49.4036476Z         "name": "xorg-libxext",
2026-09-30T20:03:49.4036563Z         "platform": "linux-64",
2026-09-30T20:03:49.4036775Z         "sha256": "aa9bbe8b278aacc194e280ff5037f9f9a1f2c5b33ed97de8e7f01cfbe90dda43",
2026-09-30T20:03:49.4037038Z         "url": "https://conda.anaconda.org/conda-forge/linux-64/xorg-libxext-1.3.7-h7cc23a3_1.conda",
2026-09-30T20:03:49.4037159Z         "version": "1.3.7"
2026-09-30T20:03:49.4037229Z     },
2026-09-30T20:03:49.4037303Z     {
2026-09-30T20:03:49.4037434Z         "base_url": "https://conda.anaconda.org/conda-forge",
2026-09-30T20:03:49.4037521Z         "build_number": 1,
2026-09-30T20:03:49.4037608Z         "build_string": "hb03c661_1",
2026-09-30T20:03:49.4037695Z         "channel": "conda-forge",
2026-09-30T20:03:49.4037824Z         "dist_name": "xorg-libxrender-0.9.12-hb03c661_1",
2026-09-30T20:03:49.4037926Z         "md5": "e470d224a7a5be1b1d021bded7abb536",
2026-09-30T20:03:49.4038018Z         "name": "xorg-libxrender",
2026-09-30T20:03:49.4038104Z         "platform": "linux-64",
2026-09-30T20:03:49.4038314Z         "sha256": "6901f91d398811e4ec89d7e20a69abac02a7bfebfaf073338b7ea3d1a99685b7",
2026-09-30T20:03:49.4038590Z         "url": "https://conda.anaconda.org/conda-forge/linux-64/xorg-libxrender-0.9.12-hb03c661_1.conda",
2026-09-30T20:03:49.4038675Z         "version": "0.9.12"
2026-09-30T20:03:49.4038747Z     },
2026-09-30T20:03:49.4038815Z     {
2026-09-30T20:03:49.4038950Z         "base_url": "https://conda.anaconda.org/conda-forge",
2026-09-30T20:03:49.4039029Z         "build_number": 1,
2026-09-30T20:03:49.4039122Z         "build_string": "h7cc23a3_1",
2026-09-30T20:03:49.4039205Z         "channel": "conda-forge",
2026-09-30T20:03:49.4039317Z         "dist_name": "xorg-libxt-1.3.1-h7cc23a3_1",
2026-09-30T20:03:49.4039416Z         "md5": "2121765de9c261e2a95ab9fc6efabefb",
2026-09-30T20:03:49.4039504Z         "name": "xorg-libxt",
2026-09-30T20:03:49.4039593Z         "platform": "linux-64",
2026-09-30T20:03:49.4039799Z         "sha256": "dff31677674be86f98ee929a796edf2cf7c78bf38610b122a63af9af752d5bf7",
2026-09-30T20:03:49.4040052Z         "url": "https://conda.anaconda.org/conda-forge/linux-64/xorg-libxt-1.3.1-h7cc23a3_1.conda",
2026-09-30T20:03:49.4040278Z         "version": "1.3.1"
2026-09-30T20:03:49.4040355Z     },
2026-09-30T20:03:49.4040423Z     {
2026-09-30T20:03:49.4040566Z         "base_url": "https://conda.anaconda.org/conda-forge",
2026-09-30T20:03:49.4040649Z         "build_number": 3,
2026-09-30T20:03:49.4040735Z         "build_string": "hebe6cf0_3",
2026-09-30T20:03:49.4040827Z         "channel": "conda-forge",
2026-09-30T20:03:49.4040925Z         "dist_name": "yaml-0.2.5-hebe6cf0_3",
2026-09-30T20:03:49.4041026Z         "md5": "e741576fb8f89821ac7c1c537322a33d",
2026-09-30T20:03:49.4041102Z         "name": "yaml",
2026-09-30T20:03:49.4041189Z         "platform": "linux-64",
2026-09-30T20:03:49.4041401Z         "sha256": "d164dfa75ecd538f6fd68765defcc06aa875bc697b9b215362d79a2a73125dd0",
2026-09-30T20:03:49.4041632Z         "url": "https://conda.anaconda.org/conda-forge/linux-64/yaml-0.2.5-hebe6cf0_3.conda",
2026-09-30T20:03:49.4041717Z         "version": "0.2.5"
2026-09-30T20:03:49.4041787Z     },
2026-09-30T20:03:49.4041863Z     {
2026-09-30T20:03:49.4041995Z         "base_url": "https://conda.anaconda.org/conda-forge",
2026-09-30T20:03:49.4042196Z         "build_number": 0,
2026-09-30T20:03:49.4042291Z         "build_string": "pyhcf101f3_0",
2026-09-30T20:03:49.4042382Z         "channel": "conda-forge",
2026-09-30T20:03:49.4042488Z         "dist_name": "zipp-4.1.0-pyhcf101f3_0",
2026-09-30T20:03:49.4042691Z         "md5": "ba3dcdc8584155c97c648ae9c044b7a3",
2026-09-30T20:03:49.4042775Z         "name": "zipp",
2026-09-30T20:03:49.4042860Z         "platform": "noarch",
2026-09-30T20:03:49.4043072Z         "sha256": "210bd31c22bb88f5e2a167df24c95bb5f152b2ada7502f9b8c49d1f5366db423",
2026-09-30T20:03:49.4043303Z         "url": "https://conda.anaconda.org/conda-forge/noarch/zipp-4.1.0-pyhcf101f3_0.conda",
2026-09-30T20:03:49.4043387Z         "version": "4.1.0"
2026-09-30T20:03:49.4043460Z     },
2026-09-30T20:03:49.4043528Z     {
2026-09-30T20:03:49.4043667Z         "base_url": "https://conda.anaconda.org/conda-forge",
2026-09-30T20:03:49.4043748Z         "build_number": 3,
2026-09-30T20:03:49.4043841Z         "build_string": "h25fd6f3_3",
2026-09-30T20:03:49.4043929Z         "channel": "conda-forge",
2026-09-30T20:03:49.4044032Z         "dist_name": "zlib-1.3.2-h25fd6f3_3",
2026-09-30T20:03:49.4044137Z         "md5": "6acb86426229f96f93e5468d1df3a5e8",
2026-09-30T20:03:49.4044214Z         "name": "zlib",
2026-09-30T20:03:49.4044307Z         "platform": "linux-64",
2026-09-30T20:03:49.4044505Z         "sha256": "16080a1c7724f7d25727cdc23c7658e0cec2db52448c1dc0c33467ee2c6e1c62",
2026-09-30T20:03:49.4044734Z         "url": "https://conda.anaconda.org/conda-forge/linux-64/zlib-1.3.2-h25fd6f3_3.conda",
2026-09-30T20:03:49.4044816Z         "version": "1.3.2"
2026-09-30T20:03:49.4044888Z     },
2026-09-30T20:03:49.4044958Z     {
2026-09-30T20:03:49.4045093Z         "base_url": "https://conda.anaconda.org/conda-forge",
2026-09-30T20:03:49.4045177Z         "build_number": 1,
2026-09-30T20:03:49.4045265Z         "build_string": "hce19668_1",
2026-09-30T20:03:49.4045352Z         "channel": "conda-forge",
2026-09-30T20:03:49.4045453Z         "dist_name": "zlib-ng-2.3.3-hce19668_1",
2026-09-30T20:03:49.4045562Z         "md5": "1726acec19beeed1c764385cd8622405",
2026-09-30T20:03:49.4045641Z         "name": "zlib-ng",
2026-09-30T20:03:49.4045728Z         "platform": "linux-64",
2026-09-30T20:03:49.4045932Z         "sha256": "8b786bb4380fa69a718b08a400040b865bc9207eda337e0a1955717c3c3a9403",
2026-09-30T20:03:49.4046172Z         "url": "https://conda.anaconda.org/conda-forge/linux-64/zlib-ng-2.3.3-hce19668_1.conda",
2026-09-30T20:03:49.4046256Z         "version": "2.3.3"
2026-09-30T20:03:49.4046324Z     },
2026-09-30T20:03:49.4046397Z     {
2026-09-30T20:03:49.4046529Z         "base_url": "https://conda.anaconda.org/conda-forge",
2026-09-30T20:03:49.4046612Z         "build_number": 7,
2026-09-30T20:03:49.4046705Z         "build_string": "hb78ec9c_7",
2026-09-30T20:03:49.4046788Z         "channel": "conda-forge",
2026-09-30T20:03:49.4046887Z         "dist_name": "zstd-1.5.7-hb78ec9c_7",
2026-09-30T20:03:49.4046983Z         "md5": "aa459086047c0e5e27023ab19f8cb86a",
2026-09-30T20:03:49.4047065Z         "name": "zstd",
2026-09-30T20:03:49.4047148Z         "platform": "linux-64",
2026-09-30T20:03:49.4047354Z         "sha256": "47d682b9f6d6ec9eb1a6e6c3e75ea6273e899e78fb7fc59f81d39745009fbc60",
2026-09-30T20:03:49.4047580Z         "url": "https://conda.anaconda.org/conda-forge/linux-64/zstd-1.5.7-hb78ec9c_7.conda",
2026-09-30T20:03:49.4047662Z         "version": "1.5.7"
2026-09-30T20:03:49.4047736Z     }
2026-09-30T20:03:49.4047814Z ]
2026-09-30T20:03:50.5460305Z List of packages in environment: "/home/runner/micromamba/envs/atm-mlmm-p0"
2026-09-30T20:03:50.5461543Z 
2026-09-30T20:03:50.5461550Z 
2026-09-30T20:03:50.5461554Z 
2026-09-30T20:03:50.5461999Z https://conda.anaconda.org/conda-forge/linux-64/_openmp_mutex-4.5-8_kmp_llvm.conda
2026-09-30T20:03:50.5463123Z https://conda.anaconda.org/conda-forge/noarch/_python_abi3_support-1.0-hd8ed1ab_3.conda
2026-09-30T20:03:50.5464700Z https://conda.anaconda.org/conda-forge/linux-64/ambertools-26.0-cuda_None_nompi_py311h232f31e_100.conda
2026-09-30T20:03:50.5466503Z https://conda.anaconda.org/conda-forge/noarch/annotated-types-0.8.0-pyhd8ed1ab_0.conda
2026-09-30T20:03:50.5467807Z https://conda.anaconda.org/conda-forge/linux-64/arpack-3.9.1-nompi_hf03ea27_102.conda
2026-09-30T20:03:50.5468778Z 
2026-09-30T20:03:50.5468785Z 
2026-09-30T20:03:50.5469277Z https://conda.anaconda.org/conda-forge/linux-64/aws-c-auth-0.10.4-h4610da3_2.conda
2026-09-30T20:03:50.5470527Z https://conda.anaconda.org/conda-forge/linux-64/aws-c-cal-0.9.15-h6bbde05_1.conda
2026-09-30T20:03:50.5471218Z https://conda.anaconda.org/conda-forge/linux-64/aws-c-common-0.14.3-hb03c661_0.conda
2026-09-30T20:03:50.5471938Z https://conda.anaconda.org/conda-forge/linux-64/aws-c-compression-0.3.2-h01ee8f8_5.conda
2026-09-30T20:03:50.5472606Z https://conda.anaconda.org/conda-forge/linux-64/aws-c-http-0.11.0-hbe094ff_5.conda
2026-09-30T20:03:50.5473150Z https://conda.anaconda.org/conda-forge/linux-64/aws-c-io-0.27.5-h4f381ba_1.conda
2026-09-30T20:03:50.5473675Z https://conda.anaconda.org/conda-forge/linux-64/aws-c-s3-0.13.1-h7508075_1.conda
2026-09-30T20:03:50.5474215Z https://conda.anaconda.org/conda-forge/linux-64/aws-c-sdkutils-0.2.7-h01ee8f8_3.conda
2026-09-30T20:03:50.5474795Z https://conda.anaconda.org/conda-forge/linux-64/aws-checksums-0.2.10-h01ee8f8_5.conda
2026-09-30T20:03:50.5475400Z https://conda.anaconda.org/conda-forge/linux-64/backports.zstd-1.7.0-py311h6f959d0_1.conda
2026-09-30T20:03:50.5475987Z https://conda.anaconda.org/conda-forge/linux-64/biopython-1.85-py311h49ec1c0_2.conda
2026-09-30T20:03:50.5476522Z https://conda.anaconda.org/conda-forge/linux-64/blosc-1.21.6-he440d0b_1.conda
2026-09-30T20:03:50.5477029Z https://conda.anaconda.org/conda-forge/linux-64/brotli-1.2.0-h505cf86_4.conda
2026-09-30T20:03:50.5477541Z https://conda.anaconda.org/conda-forge/linux-64/brotli-bin-1.2.0-h9908984_4.conda
2026-09-30T20:03:50.5478109Z https://conda.anaconda.org/conda-forge/linux-64/brotli-python-1.2.0-py311heb3be6f_4.conda
2026-09-30T20:03:50.5478667Z https://conda.anaconda.org/conda-forge/noarch/bson-0.5.10-pyhd8ed1ab_0.conda
2026-09-30T20:03:50.5479173Z https://conda.anaconda.org/conda-forge/linux-64/bzip2-1.0.8-hda65f42_10.conda
2026-09-30T20:03:50.5479675Z https://conda.anaconda.org/conda-forge/linux-64/c-ares-1.34.8-hebe6cf0_2.conda
2026-09-30T20:03:50.5480471Z https://conda.anaconda.org/conda-forge/linux-64/c-blosc2-3.3.5-hea3f660_0.conda
2026-09-30T20:03:50.5481046Z https://conda.anaconda.org/conda-forge/noarch/ca-certificates-2026.7.22-hbd8a1cb_0.conda
2026-09-30T20:03:50.5481612Z https://conda.anaconda.org/conda-forge/noarch/cachetools-7.2.0-pyhd8ed1ab_0.conda
2026-09-30T20:03:50.5482134Z https://conda.anaconda.org/conda-forge/linux-64/cairo-1.18.6-h3c89d7e_0.conda
2026-09-30T20:03:50.5482651Z https://conda.anaconda.org/conda-forge/noarch/certifi-2026.7.22-pyhd8ed1ab_0.conda
2026-09-30T20:03:50.5483185Z https://conda.anaconda.org/conda-forge/linux-64/cftime-1.6.5-py311he50072f_2.conda
2026-09-30T20:03:50.5483748Z https://conda.anaconda.org/conda-forge/linux-64/charset-normalizer-3.5.2-h1114479_0.conda
2026-09-30T20:03:50.5484302Z https://conda.anaconda.org/conda-forge/noarch/click-8.5.0-pyh5ded981_0.conda
2026-09-30T20:03:50.5484847Z https://conda.anaconda.org/conda-forge/noarch/click-option-group-0.5.9-pyhcf101f3_0.conda
2026-09-30T20:03:50.5485420Z https://conda.anaconda.org/conda-forge/noarch/cloudpickle-3.1.2-pyhcf101f3_1.conda
2026-09-30T20:03:50.5485952Z https://conda.anaconda.org/conda-forge/noarch/colorama-0.4.6-pyhd8ed1ab_1.conda
2026-09-30T20:03:50.5486477Z https://conda.anaconda.org/conda-forge/noarch/configobj-5.0.9-pyhd8ed1ab_1.conda
2026-09-30T20:03:50.5487019Z https://conda.anaconda.org/conda-forge/linux-64/contourpy-1.3.3-py311h724c32c_4.conda
2026-09-30T20:03:50.5487571Z https://conda.anaconda.org/conda-forge/linux-64/coverage-7.16.2-py311h364832d_0.conda
2026-09-30T20:03:50.5488128Z https://conda.anaconda.org/conda-forge/noarch/cpython-3.11.16-py311hd8ed1ab_2.conda
2026-09-30T20:03:50.5488672Z https://conda.anaconda.org/conda-forge/linux-64/cuda-nvrtc-13.4.92-hd2095e1_0.conda
2026-09-30T20:03:50.5489351Z https://conda.anaconda.org/conda-forge/noarch/cuda-version-13.4-hfacf21a_3.conda
2026-09-30T20:03:50.5489882Z https://conda.anaconda.org/conda-forge/noarch/cycler-0.12.1-pyhcf101f3_2.conda
2026-09-30T20:03:50.5490761Z https://conda.anaconda.org/conda-forge/linux-64/cyrus-sasl-2.1.28-hac629b4_1.conda
2026-09-30T20:03:50.5491297Z https://conda.anaconda.org/conda-forge/noarch/docutils-0.23-pyhcf101f3_0.conda
2026-09-30T20:03:50.5491804Z https://conda.anaconda.org/conda-forge/noarch/e3nn-0.4.4-pyhd8ed1ab_1.tar.bz2
2026-09-30T20:03:50.5492330Z https://conda.anaconda.org/conda-forge/linux-64/eigen-abi-3.4.0.100-h3bcb7cf_2.conda
2026-09-30T20:03:50.5492938Z https://conda.anaconda.org/conda-forge/noarch/exceptiongroup-1.3.1-pyhd8ed1ab_0.conda
2026-09-30T20:03:50.5493975Z https://conda.anaconda.org/conda-forge/linux-64/fftw-3.3.11-nompi_h3b011a4_100.conda
2026-09-30T20:03:50.5494930Z https://conda.anaconda.org/conda-forge/noarch/filelock-4.0.7-pyhd8ed1ab_0.conda
2026-09-30T20:03:50.5495467Z https://conda.anaconda.org/conda-forge/noarch/flexcache-0.3-pyh5ded981_2.conda
2026-09-30T20:03:50.5495986Z https://conda.anaconda.org/conda-forge/noarch/flexparser-0.4-pyh5ded981_2.conda
2026-09-30T20:03:50.5496574Z https://conda.anaconda.org/conda-forge/noarch/font-ttf-dejavu-sans-mono-2.37-hab24e00_0.tar.bz2
2026-09-30T20:03:50.5497215Z https://conda.anaconda.org/conda-forge/noarch/font-ttf-inconsolata-3.000-h77eed37_0.tar.bz2
2026-09-30T20:03:50.5497913Z https://conda.anaconda.org/conda-forge/noarch/font-ttf-source-code-pro-2.038-h77eed37_0.tar.bz2
2026-09-30T20:03:50.5498691Z https://conda.anaconda.org/conda-forge/noarch/font-ttf-ubuntu-0.83-h77eed37_3.conda
2026-09-30T20:03:50.5499304Z https://conda.anaconda.org/conda-forge/linux-64/fontconfig-2.18.3-h4db4eae_1.conda
2026-09-30T20:03:50.5499843Z https://conda.anaconda.org/conda-forge/noarch/fonts-conda-ecosystem-1-0.tar.bz2
2026-09-30T20:03:50.5500619Z https://conda.anaconda.org/conda-forge/noarch/fonts-conda-forge-1-hc364b38_1.conda
2026-09-30T20:03:50.5501176Z https://conda.anaconda.org/conda-forge/linux-64/fonttools-4.66.1-py311h92159aa_0.conda
2026-09-30T20:03:50.5501752Z https://conda.anaconda.org/conda-forge/noarch/freesasa-2.2.1-hd8ed1ab_5.conda
2026-09-30T20:03:50.5502316Z https://conda.anaconda.org/conda-forge/linux-64/freesasa-python-2.2.1-py311h49ec1c0_1.conda
2026-09-30T20:03:50.5502893Z https://conda.anaconda.org/conda-forge/linux-64/freetype-2.14.3-ha770c72_2.conda
2026-09-30T20:03:50.5503437Z https://conda.anaconda.org/conda-forge/noarch/freetype-py-2.3.0-pyhd8ed1ab_0.tar.bz2
2026-09-30T20:03:50.5503974Z https://conda.anaconda.org/conda-forge/linux-64/fribidi-1.0.17-h7cc23a3_0.conda
2026-09-30T20:03:50.5504502Z https://conda.anaconda.org/conda-forge/noarch/fsspec-2026.9.0-pyhd8ed1ab_0.conda
2026-09-30T20:03:50.5505032Z https://conda.anaconda.org/conda-forge/linux-64/gemmi-0.7.5-py311h5b8264c_0.conda
2026-09-30T20:03:50.5505555Z https://conda.anaconda.org/conda-forge/linux-64/git-2.56.0-pl5440h3795e67_0.conda
2026-09-30T20:03:50.5505872Z 
2026-09-30T20:03:50.5506071Z https://conda.anaconda.org/conda-forge/linux-64/gmp-6.3.0-hfd2156b_3.conda
2026-09-30T20:03:50.5506586Z https://conda.anaconda.org/conda-forge/linux-64/gmpy2-2.3.1-py311hbc40be8_1.conda
2026-09-30T20:03:50.5507114Z https://conda.anaconda.org/conda-forge/linux-64/graphite2-1.3.15-h54a6638_1.conda
2026-09-30T20:03:50.5507615Z https://conda.anaconda.org/conda-forge/noarch/h2-4.4.1-pyhcf101f3_0.conda
2026-09-30T20:03:50.5507902Z 
2026-09-30T20:03:50.5508104Z https://conda.anaconda.org/conda-forge/linux-64/hdf4-4.2.15-h2a13503_7.conda
2026-09-30T20:03:50.5508616Z https://conda.anaconda.org/conda-forge/linux-64/hdf5-2.2.0-nompi_hc529623_100.conda
2026-09-30T20:03:50.5509135Z https://conda.anaconda.org/conda-forge/noarch/hpack-4.2.0-pyhd8ed1ab_0.conda
2026-09-30T20:03:50.5509648Z https://conda.anaconda.org/conda-forge/noarch/hyperframe-6.1.0-pyhd8ed1ab_0.conda
2026-09-30T20:03:50.5510497Z https://conda.anaconda.org/conda-forge/linux-64/icu-78.3-py310h44b86e0_2.conda
2026-09-30T20:03:50.5511210Z https://conda.anaconda.org/conda-forge/noarch/idna-3.20-pyh5ded981_0.conda
2026-09-30T20:03:50.5511787Z https://conda.anaconda.org/conda-forge/noarch/importlib-metadata-9.0.1-pyhcf101f3_0.conda
2026-09-30T20:03:50.5512418Z https://conda.anaconda.org/conda-forge/noarch/importlib_resources-7.1.0-pyhd8ed1ab_0.conda
2026-09-30T20:03:50.5513108Z https://conda.anaconda.org/conda-forge/noarch/iniconfig-2.3.0-pyhd8ed1ab_0.conda
2026-09-30T20:03:50.5513629Z https://conda.anaconda.org/conda-forge/noarch/jax-0.7.1-pyhd8ed1ab_0.conda
2026-09-30T20:03:50.5514156Z https://conda.anaconda.org/conda-forge/linux-64/jaxlib-0.7.1-cpu_py311he1b3896_0.conda
2026-09-30T20:03:50.5514834Z https://conda.anaconda.org/conda-forge/noarch/jinja2-3.1.6-pyhcf101f3_1.conda
2026-09-30T20:03:50.5515467Z https://conda.anaconda.org/conda-forge/noarch/joblib-1.6.0-pyhcf101f3_0.conda
2026-09-30T20:03:50.5516013Z https://conda.anaconda.org/conda-forge/linux-64/keyutils-1.6.3-h7cc23a3_1.conda
2026-09-30T20:03:50.5517004Z https://conda.anaconda.org/conda-forge/linux-64/kiwisolver-1.5.1-py311h4c6fd42_3.conda
2026-09-30T20:03:50.5518037Z https://conda.anaconda.org/conda-forge/linux-64/krb5-1.22.2-hbc21106_2.conda
2026-09-30T20:03:50.5518944Z https://conda.anaconda.org/conda-forge/linux-64/lcms2-2.19.1-h9073bf1_3.conda
2026-09-30T20:03:50.5520012Z https://conda.anaconda.org/conda-forge/linux-64/ld_impl_linux-64-2.46.1-default_hbd61a6d_102.conda
2026-09-30T20:03:50.5521354Z https://conda.anaconda.org/conda-forge/linux-64/lerc-4.2.0-hdb68285_0.conda
2026-09-30T20:03:50.5522477Z https://conda.anaconda.org/conda-forge/linux-64/libabseil-20250512.1-cxx17_hba17884_0.conda
2026-09-30T20:03:50.5523552Z https://conda.anaconda.org/conda-forge/linux-64/libaec-1.1.5-h088129d_0.conda
2026-09-30T20:03:50.5524531Z https://conda.anaconda.org/conda-forge/linux-64/libblas-3.11.0-6_h5875eb1_mkl.conda
2026-09-30T20:03:50.5525549Z https://conda.anaconda.org/conda-forge/linux-64/libboost-1.86.0-hd24cca6_5.conda
2026-09-30T20:03:50.5526690Z https://conda.anaconda.org/conda-forge/linux-64/libboost-python-1.86.0-py311h1d5f577_5.conda
2026-09-30T20:03:50.5527836Z https://conda.anaconda.org/conda-forge/linux-64/libbrotlicommon-1.2.0-h39a168f_4.conda
2026-09-30T20:03:50.5528418Z https://conda.anaconda.org/conda-forge/linux-64/libbrotlidec-1.2.0-ha411449_4.conda
2026-09-30T20:03:50.5528971Z https://conda.anaconda.org/conda-forge/linux-64/libbrotlienc-1.2.0-h018ffa1_4.conda
2026-09-30T20:03:50.5529525Z https://conda.anaconda.org/conda-forge/linux-64/libcblas-3.11.0-6_hfef963f_mkl.conda
2026-09-30T20:03:50.5530077Z https://conda.anaconda.org/conda-forge/linux-64/libcufft-12.4.0.43-hd2095e1_0.conda
2026-09-30T20:03:50.5530901Z https://conda.anaconda.org/conda-forge/linux-64/libcurl-8.22.0-ha042cf0_0.conda
2026-09-30T20:03:50.5531433Z https://conda.anaconda.org/conda-forge/linux-64/libdeflate-1.25-hd45a770_1.conda
2026-09-30T20:03:50.5531999Z https://conda.anaconda.org/conda-forge/linux-64/libedit-3.1.20250104-pl5321h373387f_1.conda
2026-09-30T20:03:50.5532565Z https://conda.anaconda.org/conda-forge/linux-64/libev-4.33-h280c20c_3.conda
2026-09-30T20:03:50.5533076Z https://conda.anaconda.org/conda-forge/linux-64/libexpat-2.8.5-hd2095e1_0.conda
2026-09-30T20:03:50.5533593Z https://conda.anaconda.org/conda-forge/linux-64/libffi-3.7.0-h81df57d_1.conda
2026-09-30T20:03:50.5534126Z https://conda.anaconda.org/conda-forge/linux-64/libfreetype-2.14.3-ha770c72_2.conda
2026-09-30T20:03:50.5534682Z https://conda.anaconda.org/conda-forge/linux-64/libfreetype6-2.14.3-h5e6c136_2.conda
2026-09-30T20:03:50.5535218Z https://conda.anaconda.org/conda-forge/linux-64/libgcc-16.2.0-ha9f2e26_7.conda
2026-09-30T20:03:50.5535742Z https://conda.anaconda.org/conda-forge/linux-64/libgcc-ng-16.2.0-h69a702a_7.conda
2026-09-30T20:03:50.5536312Z https://conda.anaconda.org/conda-forge/linux-64/libgfortran-16.2.0-h69a702a_7.conda
2026-09-30T20:03:50.5536857Z https://conda.anaconda.org/conda-forge/linux-64/libgfortran5-16.2.0-h6b99dfc_7.conda
2026-09-30T20:03:50.5537546Z https://conda.anaconda.org/conda-forge/linux-64/libglib-2.90.0-h569388d_0.conda
2026-09-30T20:03:50.5538101Z https://conda.anaconda.org/conda-forge/linux-64/libgomp-16.2.0-he0feb66_7.conda
2026-09-30T20:03:50.5538624Z https://conda.anaconda.org/conda-forge/linux-64/libgrpc-1.73.1-h3288cfb_1.conda
2026-09-30T20:03:50.5539264Z https://conda.anaconda.org/conda-forge/linux-64/libharfbuzz-14.5.0-h23af247_0.conda
2026-09-30T20:03:50.5539841Z https://conda.anaconda.org/conda-forge/linux-64/libhwloc-2.15.0-default_hd7c4d0c_1001.conda
2026-09-30T20:03:50.5540663Z https://conda.anaconda.org/conda-forge/linux-64/libiconv-1.18-h0cb94f2_3.conda
2026-09-30T20:03:50.5541206Z https://conda.anaconda.org/conda-forge/linux-64/libjpeg-turbo-3.2.0-hb03c661_1.conda
2026-09-30T20:03:50.5541758Z https://conda.anaconda.org/conda-forge/linux-64/liblapack-3.11.0-6_h5e43f62_mkl.conda
2026-09-30T20:03:50.5542304Z https://conda.anaconda.org/conda-forge/linux-64/libllvm21-21.1.8-h474f4eb_1.conda
2026-09-30T20:03:50.5542826Z https://conda.anaconda.org/conda-forge/linux-64/liblzma-5.8.3-hb03c661_1.conda
2026-09-30T20:03:50.5543386Z https://conda.anaconda.org/conda-forge/linux-64/libnetcdf-4.10.1-nompi_he3e3c8e_201.conda
2026-09-30T20:03:50.5543958Z https://conda.anaconda.org/conda-forge/linux-64/libnghttp2-1.68.1-h74cf4be_1.conda
2026-09-30T20:03:50.5544487Z https://conda.anaconda.org/conda-forge/linux-64/libnsl-2.0.1-hb9d3cd8_1.conda
2026-09-30T20:03:50.5544991Z https://conda.anaconda.org/conda-forge/linux-64/libntlm-1.8-hb9d3cd8_0.conda
2026-09-30T20:03:50.5545495Z https://conda.anaconda.org/conda-forge/linux-64/libpng-1.6.58-h922cc85_1.conda
2026-09-30T20:03:50.5545993Z https://conda.anaconda.org/conda-forge/linux-64/libpq-18.6-h3883810_2.conda
2026-09-30T20:03:50.5546511Z https://conda.anaconda.org/conda-forge/linux-64/libprotobuf-6.31.1-hfb7daa7_5.conda
2026-09-30T20:03:50.5547036Z https://conda.anaconda.org/conda-forge/linux-64/libpsl-0.23.1-hd9e3e90_1.conda
2026-09-30T20:03:50.5547588Z https://conda.anaconda.org/conda-forge/linux-64/libpython-3.11.16-h0c77377_2_cpython.conda
2026-09-30T20:03:50.5548153Z https://conda.anaconda.org/conda-forge/linux-64/libraqm-0.11.0-h6406941_0.conda
2026-09-30T20:03:50.5548690Z https://conda.anaconda.org/conda-forge/linux-64/librdkit-2026.03.1-h4dfd318_0.conda
2026-09-30T20:03:50.5549238Z https://conda.anaconda.org/conda-forge/linux-64/libre2-11-2025.11.05-h7b12aa8_0.conda
2026-09-30T20:03:50.5549780Z https://conda.anaconda.org/conda-forge/linux-64/libsqlite-3.53.4-h13e7031_1.conda
2026-09-30T20:03:50.5550548Z https://conda.anaconda.org/conda-forge/linux-64/libssh2-1.11.1-h6154650_1.conda
2026-09-30T20:03:50.5551076Z https://conda.anaconda.org/conda-forge/linux-64/libstdcxx-16.2.0-h934c35e_7.conda
2026-09-30T20:03:50.5551612Z https://conda.anaconda.org/conda-forge/linux-64/libstdcxx-ng-16.2.0-hdf11a46_7.conda
2026-09-30T20:03:50.5552151Z https://conda.anaconda.org/conda-forge/linux-64/libtiff-4.7.2-hcc2c06a_1.conda
2026-09-30T20:03:50.5552698Z https://conda.anaconda.org/conda-forge/linux-64/libtorch-2.8.0-cpu_mkl_h09b866c_102.conda
2026-09-30T20:03:50.5553258Z https://conda.anaconda.org/conda-forge/linux-64/libuuid-2.42.4-hcfc3c73_0.conda
2026-09-30T20:03:50.5553767Z https://conda.anaconda.org/conda-forge/linux-64/libuv-1.52.1-h280c20c_1.conda
2026-09-30T20:03:50.5554286Z https://conda.anaconda.org/conda-forge/linux-64/libwebp-base-1.6.0-hd42ef1d_1.conda
2026-09-30T20:03:50.5554814Z https://conda.anaconda.org/conda-forge/linux-64/libxcb-1.17.0-hb83e432_2.conda
2026-09-30T20:03:50.5555330Z https://conda.anaconda.org/conda-forge/linux-64/libxcrypt-4.4.38-h280c20c_0.conda
2026-09-30T20:03:50.5555850Z https://conda.anaconda.org/conda-forge/linux-64/libxml2-2.15.4-h7df9aa5_0.conda
2026-09-30T20:03:50.5556380Z https://conda.anaconda.org/conda-forge/linux-64/libxml2-16-2.15.4-hf3af7cc_0.conda
2026-09-30T20:03:50.5556896Z https://conda.anaconda.org/conda-forge/linux-64/libxslt-1.1.45-h8e12856_1.conda
2026-09-30T20:03:50.5557403Z https://conda.anaconda.org/conda-forge/linux-64/libzip-1.11.4-h6008cf6_0.conda
2026-09-30T20:03:50.5558078Z https://conda.anaconda.org/conda-forge/linux-64/libzlib-1.3.2-h25fd6f3_3.conda
2026-09-30T20:03:50.5558654Z https://conda.anaconda.org/conda-forge/noarch/lightning-utilities-0.15.3-pyhd8ed1ab_0.conda
2026-09-30T20:03:50.5559244Z https://conda.anaconda.org/conda-forge/linux-64/llvm-openmp-23.1.2-h7148c6a_0.conda
2026-09-30T20:03:50.5559898Z https://conda.anaconda.org/conda-forge/linux-64/llvmlite-0.49.0-py311h1369f55_5.conda
2026-09-30T20:03:50.5560476Z 
2026-09-30T20:03:50.5560705Z https://conda.anaconda.org/conda-forge/linux-64/lxml-6.1.3-py311h0537bf7_0.conda
2026-09-30T20:03:50.5561217Z https://conda.anaconda.org/conda-forge/linux-64/lz4-c-1.10.0-hee9eb32_2.conda
2026-09-30T20:03:50.5561519Z 
2026-09-30T20:03:50.5561760Z https://conda.anaconda.org/conda-forge/noarch/markdown-it-py-4.2.0-pyhd8ed1ab_0.conda
2026-09-30T20:03:50.5562330Z https://conda.anaconda.org/conda-forge/linux-64/markupsafe-3.0.3-py311h3778330_1.conda
2026-09-30T20:03:50.5562928Z https://conda.anaconda.org/conda-forge/linux-64/matplotlib-base-3.11.2-py311hfea5af0_1.conda
2026-09-30T20:03:50.5563306Z 
2026-09-30T20:03:50.5563528Z https://conda.anaconda.org/conda-forge/noarch/mda-xdrlib-0.2.0-pyhd8ed1ab_1.conda
2026-09-30T20:03:50.5564070Z https://conda.anaconda.org/conda-forge/linux-64/mdtraj-1.10.3-py311h2ed89a0_0.conda
2026-09-30T20:03:50.5564607Z https://conda.anaconda.org/conda-forge/noarch/mdurl-0.1.2-pyhd8ed1ab_1.conda
2026-09-30T20:03:50.5565113Z https://conda.anaconda.org/conda-forge/linux-64/mkl-2025.3.1-h0e700b2_12.conda
2026-09-30T20:03:50.5565658Z https://conda.anaconda.org/conda-forge/linux-64/ml_dtypes-0.5.4-np2py311h5a3f614_2.conda
2026-09-30T20:03:50.5566216Z https://conda.anaconda.org/conda-forge/noarch/mmcif_pdbx-2.0.1-pyhd8ed1ab_1.conda
2026-09-30T20:03:50.5566729Z https://conda.anaconda.org/conda-forge/linux-64/mpc-1.4.0-ha2cb11d_1.conda
2026-09-30T20:03:50.5567225Z https://conda.anaconda.org/conda-forge/linux-64/mpfr-4.2.2-ha2cb11d_1.conda
2026-09-30T20:03:50.5567732Z https://conda.anaconda.org/conda-forge/noarch/mpmath-1.4.1-pyhd8ed1ab_0.conda
2026-09-30T20:03:50.5568242Z https://conda.anaconda.org/conda-forge/noarch/munkres-1.1.4-pyhd8ed1ab_1.conda
2026-09-30T20:03:50.5568769Z https://conda.anaconda.org/conda-forge/noarch/narwhals-2.26.0-pyh5ded981_0.conda
2026-09-30T20:03:50.5569282Z https://conda.anaconda.org/conda-forge/linux-64/ncurses-6.6-hdb14827_1.conda
2026-09-30T20:03:50.5569849Z https://conda.anaconda.org/conda-forge/linux-64/netcdf-fortran-4.6.4-nompi_h52816da_101.conda
2026-09-30T20:03:50.5570707Z https://conda.anaconda.org/conda-forge/linux-64/netcdf4-1.7.4-nompi_py311hd34d2e2_111.conda
2026-09-30T20:03:50.5571280Z https://conda.anaconda.org/conda-forge/noarch/networkx-3.6.1-pyhcf101f3_0.conda
2026-09-30T20:03:50.5571826Z https://conda.anaconda.org/conda-forge/linux-64/nlopt-2.11.0-np2py311h1a37cdc_2.conda
2026-09-30T20:03:50.5572376Z https://conda.anaconda.org/conda-forge/linux-64/numba-0.67.0-py311hdfc3925_1.conda
2026-09-30T20:03:50.5572936Z https://conda.anaconda.org/conda-forge/linux-64/numexpr-2.14.1-mkl_py311hf9c0e9f_1.conda
2026-09-30T20:03:50.5573505Z https://conda.anaconda.org/conda-forge/linux-64/numpy-1.26.4-py311h64a7726_0.conda
2026-09-30T20:03:50.5574030Z https://conda.anaconda.org/conda-forge/linux-64/ocl-icd-2.3.4-hb03c661_1.conda
2026-09-30T20:03:50.5574555Z https://conda.anaconda.org/conda-forge/linux-64/ocl-icd-system-1.0.0-1.tar.bz2
2026-09-30T20:03:50.5575110Z https://conda.anaconda.org/conda-forge/linux-64/onemkl-license-2025.3.1-hf2ce2f3_12.conda
2026-09-30T20:03:50.5575708Z https://conda.anaconda.org/conda-forge/linux-64/opencl-headers-2025.06.13-hecca717_0.conda
2026-09-30T20:03:50.5576351Z https://conda.anaconda.org/conda-forge/noarch/openff-amber-ff-ports-2025.09.0-pyhd8ed1ab_0.conda
2026-09-30T20:03:50.5577006Z https://conda.anaconda.org/conda-forge/noarch/openff-forcefields-2026.01.0-pyhd8ed1ab_0.conda
2026-09-30T20:03:50.5577629Z https://conda.anaconda.org/conda-forge/noarch/openff-interchange-0.5.2-pyhd8ed1ab_1.conda
2026-09-30T20:03:50.5578394Z https://conda.anaconda.org/conda-forge/noarch/openff-interchange-base-0.5.2-pyhd8ed1ab_1.conda
2026-09-30T20:03:50.5579000Z https://conda.anaconda.org/conda-forge/noarch/openff-nagl-0.5.5-pyh3fa9b46_2.conda
2026-09-30T20:03:50.5579563Z https://conda.anaconda.org/conda-forge/noarch/openff-nagl-base-0.5.5-pyhc364b38_2.conda
2026-09-30T20:03:50.5580587Z https://conda.anaconda.org/conda-forge/noarch/openff-nagl-models-2025.9.0-pyhd8ed1ab_1.conda
2026-09-30T20:03:50.5581205Z https://conda.anaconda.org/conda-forge/noarch/openff-toolkit-0.18.0-pyhd8ed1ab_6.conda
2026-09-30T20:03:50.5581804Z https://conda.anaconda.org/conda-forge/noarch/openff-toolkit-base-0.18.0-pyhd8ed1ab_6.conda
2026-09-30T20:03:50.5582394Z https://conda.anaconda.org/conda-forge/noarch/openff-units-0.3.2-pyhd8ed1ab_0.conda
2026-09-30T20:03:50.5582970Z https://conda.anaconda.org/conda-forge/noarch/openff-utilities-0.1.18-pyh5ded981_0.conda
2026-09-30T20:03:50.5583527Z https://conda.anaconda.org/conda-forge/linux-64/openjpeg-2.5.4-heb1ab33_2.conda
2026-09-30T20:03:50.5584061Z https://conda.anaconda.org/conda-forge/linux-64/openldap-2.6.13-hbde042b_0.conda
2026-09-30T20:03:50.5584595Z https://conda.anaconda.org/conda-forge/linux-64/openmm-8.6.1-py311h1aadaef_0.conda
2026-09-30T20:03:50.5585162Z https://conda.anaconda.org/conda-forge/noarch/openmmforcefields-0.16.0-pyhc364b38_1.conda
2026-09-30T20:03:50.5585528Z 
2026-09-30T20:03:50.5585734Z https://conda.anaconda.org/conda-forge/linux-64/openssl-3.6.4-h781a0a9_0.conda
2026-09-30T20:03:50.5586251Z https://conda.anaconda.org/conda-forge/noarch/opt-einsum-3.4.0-hd8ed1ab_1.conda
2026-09-30T20:03:50.5586790Z https://conda.anaconda.org/conda-forge/noarch/opt_einsum-3.4.0-pyhd8ed1ab_1.conda
2026-09-30T20:03:50.5587328Z https://conda.anaconda.org/conda-forge/noarch/opt_einsum_fx-0.1.4-pyh5ded981_2.conda
2026-09-30T20:03:50.5587871Z https://conda.anaconda.org/conda-forge/linux-64/optree-0.20.0-py311h5f908af_1.conda
2026-09-30T20:03:50.5588193Z 
2026-09-30T20:03:50.5588412Z https://conda.anaconda.org/conda-forge/noarch/packaging-26.3-pyhc364b38_0.conda
2026-09-30T20:03:50.5588944Z https://conda.anaconda.org/conda-forge/linux-64/pandas-2.3.3-py311hed34c8f_2.conda
2026-09-30T20:03:50.5589475Z https://conda.anaconda.org/conda-forge/linux-64/parmed-4.3.1-py311h74232ed_1.conda
2026-09-30T20:03:50.5589991Z https://conda.anaconda.org/conda-forge/linux-64/pcre2-10.47-h8b3dc9c_1.conda
2026-09-30T20:03:50.5590748Z https://conda.anaconda.org/conda-forge/noarch/pdb2pqr-3.6.1-pyhd8ed1ab_1.conda
2026-09-30T20:03:50.5591275Z https://conda.anaconda.org/conda-forge/linux-64/perl-5.44.0-1_h7cc23a3_perl5.conda
2026-09-30T20:03:50.5591809Z https://conda.anaconda.org/conda-forge/linux-64/pillow-12.3.0-py311hf303fd3_4.conda
2026-09-30T20:03:50.5592332Z https://conda.anaconda.org/conda-forge/noarch/pint-0.25.3-pyhc364b38_0.conda
2026-09-30T20:03:50.5592832Z https://conda.anaconda.org/conda-forge/noarch/pip-26.2.1-pyh8b19718_0.conda
2026-09-30T20:03:50.5593334Z https://conda.anaconda.org/conda-forge/linux-64/pixman-0.46.4-h54a6638_3.conda
2026-09-30T20:03:50.5593865Z https://conda.anaconda.org/conda-forge/noarch/platformdirs-4.12.2-pyh5ded981_0.conda
2026-09-30T20:03:50.5594403Z https://conda.anaconda.org/conda-forge/noarch/pluggy-1.6.0-pyhf9edf01_1.conda
2026-09-30T20:03:50.5594713Z 
2026-09-30T20:03:50.5594925Z https://conda.anaconda.org/conda-forge/noarch/propka-3.5.1-pyhecae5ae_2.conda
2026-09-30T20:03:50.5595452Z https://conda.anaconda.org/conda-forge/linux-64/psutil-7.2.2-py311h194be0f_3.conda
2026-09-30T20:03:50.5596003Z https://conda.anaconda.org/conda-forge/linux-64/pthread-stubs-0.4-h7cc23a3_1004.conda
2026-09-30T20:03:50.5596558Z https://conda.anaconda.org/conda-forge/noarch/py-cpuinfo-9.0.0-pyhd8ed1ab_1.conda
2026-09-30T20:03:50.5597094Z https://conda.anaconda.org/conda-forge/noarch/pybind11-2.13.6-pyhc790b64_3.conda
2026-09-30T20:03:50.5597621Z https://conda.anaconda.org/conda-forge/noarch/pybind11-abi-4-hd8ed1ab_3.tar.bz2
2026-09-30T20:03:50.5598172Z https://conda.anaconda.org/conda-forge/noarch/pybind11-global-2.13.6-pyh217bc35_3.conda
2026-09-30T20:03:50.5598869Z https://conda.anaconda.org/conda-forge/linux-64/pycairo-1.29.1-py311h616d719_2.conda
2026-09-30T20:03:50.5599425Z https://conda.anaconda.org/conda-forge/noarch/pydantic-2.11.10-pyh3cfb1c2_0.conda
2026-09-30T20:03:50.5599991Z https://conda.anaconda.org/conda-forge/linux-64/pydantic-core-2.33.2-py311h902ca64_1.conda
2026-09-30T20:03:50.5600892Z https://conda.anaconda.org/conda-forge/noarch/pyedr-0.8.0-pyhd8ed1ab_1.conda
2026-09-30T20:03:50.5601417Z https://conda.anaconda.org/conda-forge/noarch/pygments-2.21.0-pyhcf101f3_0.conda
2026-09-30T20:03:50.5601940Z https://conda.anaconda.org/conda-forge/linux-64/pymbar-4.0.3-h38be061_3.conda
2026-09-30T20:03:50.5602481Z https://conda.anaconda.org/conda-forge/linux-64/pymbar-core-4.0.3-py311h9f3472d_3.conda
2026-09-30T20:03:50.5603044Z https://conda.anaconda.org/conda-forge/noarch/pyparsing-3.3.3-pyh5ded981_0.conda
2026-09-30T20:03:50.5603569Z https://conda.anaconda.org/conda-forge/noarch/pysocks-1.7.1-pyha55dd90_7.conda
2026-09-30T20:03:50.5604119Z https://conda.anaconda.org/conda-forge/linux-64/pytables-3.11.1-py311h9acb22d_6.conda
2026-09-30T20:03:50.5604656Z https://conda.anaconda.org/conda-forge/noarch/pytest-9.1.1-pyhc364b38_2.conda
2026-09-30T20:03:50.5605179Z https://conda.anaconda.org/conda-forge/noarch/pytest-cov-7.1.0-pyhcf101f3_0.conda
2026-09-30T20:03:50.5605739Z https://conda.anaconda.org/conda-forge/linux-64/python-3.11.16-h5f976f7_2_cpython.conda
2026-09-30T20:03:50.5606325Z https://conda.anaconda.org/conda-forge/noarch/python-constraint-1.4.0-pyhff2d567_1.conda
2026-09-30T20:03:50.5606951Z https://conda.anaconda.org/conda-forge/noarch/python-dateutil-2.9.0.post0-pyhe01879c_2.conda
2026-09-30T20:03:50.5607543Z https://conda.anaconda.org/conda-forge/noarch/python-gil-3.11.16-hd8ed1ab_2.conda
2026-09-30T20:03:50.5608101Z https://conda.anaconda.org/conda-forge/noarch/python-tzdata-2026.4-pyh5ded981_0.conda
2026-09-30T20:03:50.5608635Z https://conda.anaconda.org/conda-forge/noarch/python_abi-3.11-9_cp311.conda
2026-09-30T20:03:50.5608943Z 
2026-09-30T20:03:50.5609218Z https://conda.anaconda.org/conda-forge/linux-64/pytorch-2.8.0-cpu_mkl_py311_hcfbaf12_102.conda
2026-09-30T20:03:50.5609835Z https://conda.anaconda.org/conda-forge/noarch/pytorch-lightning-2.6.6-pyh5ded981_0.conda
2026-09-30T20:03:50.5610743Z https://conda.anaconda.org/conda-forge/noarch/pytz-2026.4-pyh5ded981_0.conda
2026-09-30T20:03:50.5611287Z https://conda.anaconda.org/conda-forge/linux-64/pyyaml-6.0.3-py311h3778330_1.conda
2026-09-30T20:03:50.5611809Z https://conda.anaconda.org/conda-forge/linux-64/qhull-2020.2-h434a139_5.conda
2026-09-30T20:03:50.5612336Z https://conda.anaconda.org/conda-forge/linux-64/rdkit-2026.03.1-py311h34e1bb8_0.conda
2026-09-30T20:03:50.5612878Z https://conda.anaconda.org/conda-forge/linux-64/re2-2025.11.05-h5301d42_0.conda
2026-09-30T20:03:50.5613388Z https://conda.anaconda.org/conda-forge/linux-64/readline-8.3-hd6e31c0_1.conda
2026-09-30T20:03:50.5613908Z https://conda.anaconda.org/conda-forge/noarch/reportlab-5.0.1-pyhc364b38_0.conda
2026-09-30T20:03:50.5614479Z https://conda.anaconda.org/conda-forge/noarch/requests-2.34.2-pyhcf101f3_0.conda
2026-09-30T20:03:50.5614994Z https://conda.anaconda.org/conda-forge/noarch/rich-15.0.0-pyhcf101f3_0.conda
2026-09-30T20:03:50.5615507Z https://conda.anaconda.org/conda-forge/noarch/rlpycairo-0.4.0-pyh6c17108_0.conda
2026-09-30T20:03:50.5616038Z https://conda.anaconda.org/conda-forge/linux-64/rocm-core-7.2.4-h54a6638_1.conda
2026-09-30T20:03:50.5616539Z https://conda.anaconda.org/conda-forge/linux-64/s2n-1.7.6-h7e3ee7f_0.conda
2026-09-30T20:03:50.5617092Z https://conda.anaconda.org/conda-forge/linux-64/scikit-learn-1.9.1-np2py311h1e9b377_1.conda
2026-09-30T20:03:50.5617677Z https://conda.anaconda.org/conda-forge/linux-64/scipy-1.17.1-py311hbe70eeb_1.conda
2026-09-30T20:03:50.5618245Z https://conda.anaconda.org/conda-forge/linux-64/setproctitle-1.3.7-py311h194be0f_1.conda
2026-09-30T20:03:50.5618812Z https://conda.anaconda.org/conda-forge/noarch/setuptools-84.0.0-pyh332efcf_0.conda
2026-09-30T20:03:50.5619332Z https://conda.anaconda.org/conda-forge/noarch/six-1.17.0-pyhe01879c_1.conda
2026-09-30T20:03:50.5619969Z https://conda.anaconda.org/conda-forge/linux-64/sleef-3.9.0-ha0421bc_0.conda
2026-09-30T20:03:50.5620428Z 
2026-09-30T20:03:50.5620638Z https://conda.anaconda.org/conda-forge/linux-64/snappy-1.2.2-h34e00bb_2.conda
2026-09-30T20:03:50.5621287Z https://conda.anaconda.org/conda-forge/linux-64/sqlalchemy-2.1.1-py311h194be0f_0.conda
2026-09-30T20:03:50.5621834Z https://conda.anaconda.org/conda-forge/noarch/sympy-1.14.0-pyh2585a3b_106.conda
2026-09-30T20:03:50.5622341Z https://conda.anaconda.org/conda-forge/linux-64/tbb-2023.1.0-haa8c3ee_2.conda
2026-09-30T20:03:50.5622874Z https://conda.anaconda.org/conda-forge/noarch/threadpoolctl-3.7.0-pyhc455866_0.conda
2026-09-30T20:03:50.5623418Z https://conda.anaconda.org/conda-forge/noarch/tinydb-4.8.2-pyhd8ed1ab_1.conda
2026-09-30T20:03:50.5623940Z https://conda.anaconda.org/conda-forge/linux-64/tk-8.6.13-noxft_h1df4ec4_4.conda
2026-09-30T20:03:50.5624455Z https://conda.anaconda.org/conda-forge/noarch/tomli-2.4.1-pyhcf101f3_0.conda
2026-09-30T20:03:50.5624766Z 
2026-09-30T20:03:50.5625000Z https://conda.anaconda.org/conda-forge/noarch/torchmetrics-1.9.0-pyhd8ed1ab_0.conda
2026-09-30T20:03:50.5625529Z https://conda.anaconda.org/conda-forge/noarch/tqdm-4.70.1-pyhfa0c392_0.conda
2026-09-30T20:03:50.5626075Z https://conda.anaconda.org/conda-forge/noarch/typing-extensions-4.16.0-h69aa097_0.conda
2026-09-30T20:03:50.5626671Z https://conda.anaconda.org/conda-forge/noarch/typing-inspection-0.4.4-pyhcf101f3_0.conda
2026-09-30T20:03:50.5627267Z https://conda.anaconda.org/conda-forge/noarch/typing_extensions-4.16.0-pyhcf101f3_0.conda
2026-09-30T20:03:50.5627819Z https://conda.anaconda.org/conda-forge/noarch/tzdata-2026c-h151e31d_0.conda
2026-09-30T20:03:50.5628368Z https://conda.anaconda.org/conda-forge/linux-64/unicodedata2-18.0.0-py311h0d48ccd_0.conda
2026-09-30T20:03:50.5628938Z https://conda.anaconda.org/conda-forge/noarch/urllib3-2.8.0-pyhd8ed1ab_0.conda
2026-09-30T20:03:50.5629478Z https://conda.anaconda.org/conda-forge/noarch/validators-0.35.0-pyhd8ed1ab_0.conda
2026-09-30T20:03:50.5629803Z 
2026-09-30T20:03:50.5630016Z https://conda.anaconda.org/conda-forge/noarch/wheel-0.48.0-pyhd8ed1ab_0.conda
2026-09-30T20:03:50.5630668Z https://conda.anaconda.org/conda-forge/noarch/xmltodict-1.0.2-pyhcf101f3_0.conda
2026-09-30T20:03:50.5631207Z https://conda.anaconda.org/conda-forge/linux-64/xorg-libice-1.1.2-h280c20c_0.conda
2026-09-30T20:03:50.5631745Z https://conda.anaconda.org/conda-forge/linux-64/xorg-libsm-1.2.6-h0d788c3_1.conda
2026-09-30T20:03:50.5632288Z https://conda.anaconda.org/conda-forge/linux-64/xorg-libx11-1.8.13-he1eb515_1.conda
2026-09-30T20:03:50.5632839Z https://conda.anaconda.org/conda-forge/linux-64/xorg-libxau-1.0.12-h7cc23a3_2.conda
2026-09-30T20:03:50.5633389Z https://conda.anaconda.org/conda-forge/linux-64/xorg-libxdmcp-1.1.5-h7cc23a3_2.conda
2026-09-30T20:03:50.5633943Z https://conda.anaconda.org/conda-forge/linux-64/xorg-libxext-1.3.7-h7cc23a3_1.conda
2026-09-30T20:03:50.5634510Z https://conda.anaconda.org/conda-forge/linux-64/xorg-libxrender-0.9.12-hb03c661_1.conda
2026-09-30T20:03:50.5635072Z https://conda.anaconda.org/conda-forge/linux-64/xorg-libxt-1.3.1-h7cc23a3_1.conda
2026-09-30T20:03:50.5635590Z https://conda.anaconda.org/conda-forge/linux-64/yaml-0.2.5-hebe6cf0_3.conda
2026-09-30T20:03:50.5636128Z https://conda.anaconda.org/conda-forge/noarch/zipp-4.1.0-pyhcf101f3_0.conda
2026-09-30T20:03:50.5636616Z https://conda.anaconda.org/conda-forge/linux-64/zlib-1.3.2-h25fd6f3_3.conda
2026-09-30T20:03:50.5637121Z https://conda.anaconda.org/conda-forge/linux-64/zlib-ng-2.3.3-hce19668_1.conda
2026-09-30T20:03:50.5637621Z https://conda.anaconda.org/conda-forge/linux-64/zstd-1.5.7-hb78ec9c_7.conda
2026-09-30T20:03:51.7446326Z name: atm-mlmm-p0
2026-09-30T20:03:51.7446854Z channels:
2026-09-30T20:03:51.7447261Z   - conda-forge
2026-09-30T20:03:51.7447689Z dependencies:
2026-09-30T20:03:51.7448131Z   - _openmp_mutex=4.5=8_kmp_llvm
2026-09-30T20:03:51.7448700Z   - _python_abi3_support=1.0=hd8ed1ab_3
2026-09-30T20:03:51.7449719Z   - ambertools=26.0=cuda_None_nompi_py311h232f31e_100
2026-09-30T20:03:51.7451056Z   - annotated-types=0.8.0=pyhd8ed1ab_0
2026-09-30T20:03:51.7451697Z   - arpack=3.9.1=nompi_hf03ea27_102
2026-09-30T20:03:51.7452398Z   - aws-c-auth=0.10.4=h4610da3_2
2026-09-30T20:03:51.7453307Z   - aws-c-cal=0.9.15=h6bbde05_1
2026-09-30T20:03:51.7453871Z   - aws-c-common=0.14.3=hb03c661_0
2026-09-30T20:03:51.7454469Z   - aws-c-compression=0.3.2=h01ee8f8_5
2026-09-30T20:03:51.7455091Z   - aws-c-http=0.11.0=hbe094ff_5
2026-09-30T20:03:51.7455559Z   - aws-c-io=0.27.5=h4f381ba_1
2026-09-30T20:03:51.7455991Z   - aws-c-s3=0.13.1=h7508075_1
2026-09-30T20:03:51.7456440Z   - aws-c-sdkutils=0.2.7=h01ee8f8_3
2026-09-30T20:03:51.7456908Z   - aws-checksums=0.2.10=h01ee8f8_5
2026-09-30T20:03:51.7457385Z   - backports.zstd=1.7.0=py311h6f959d0_1
2026-09-30T20:03:51.7457876Z   - biopython=1.85=py311h49ec1c0_2
2026-09-30T20:03:51.7458310Z   - blosc=1.21.6=he440d0b_1
2026-09-30T20:03:51.7458698Z   - brotli=1.2.0=h505cf86_4
2026-09-30T20:03:51.7459098Z   - brotli-bin=1.2.0=h9908984_4
2026-09-30T20:03:51.7459530Z   - brotli-python=1.2.0=py311heb3be6f_4
2026-09-30T20:03:51.7459995Z   - bson=0.5.10=pyhd8ed1ab_0
2026-09-30T20:03:51.7460682Z   - bzip2=1.0.8=hda65f42_10
2026-09-30T20:03:51.7461073Z   - c-ares=1.34.8=hebe6cf0_2
2026-09-30T20:03:51.7461480Z   - c-blosc2=3.3.5=hea3f660_0
2026-09-30T20:03:51.7461900Z   - ca-certificates=2026.7.22=hbd8a1cb_0
2026-09-30T20:03:51.7462372Z   - cachetools=7.2.0=pyhd8ed1ab_0
2026-09-30T20:03:51.7462792Z   - cairo=1.18.6=h3c89d7e_0
2026-09-30T20:03:51.7463181Z   - certifi=2026.7.22=pyhd8ed1ab_0
2026-09-30T20:03:51.7463611Z   - cftime=1.6.5=py311he50072f_2
2026-09-30T20:03:51.7464043Z   - charset-normalizer=3.5.2=h1114479_0
2026-09-30T20:03:51.7464499Z   - click=8.5.0=pyh5ded981_0
2026-09-30T20:03:51.7464928Z   - click-option-group=0.5.9=pyhcf101f3_0
2026-09-30T20:03:51.7465424Z   - cloudpickle=3.1.2=pyhcf101f3_1
2026-09-30T20:03:51.7465858Z   - colorama=0.4.6=pyhd8ed1ab_1
2026-09-30T20:03:51.7466271Z   - configobj=5.0.9=pyhd8ed1ab_1
2026-09-30T20:03:51.7466706Z   - contourpy=1.3.3=py311h724c32c_4
2026-09-30T20:03:51.7467145Z   - coverage=7.16.2=py311h364832d_0
2026-09-30T20:03:51.7467645Z   - cpython=3.11.16=py311hd8ed1ab_2
2026-09-30T20:03:51.7468114Z   - cuda-nvrtc=13.4.92=hd2095e1_0
2026-09-30T20:03:51.7468607Z   - cuda-version=13.4=hfacf21a_3
2026-09-30T20:03:51.7469040Z   - cycler=0.12.1=pyhcf101f3_2
2026-09-30T20:03:51.7469445Z   - cyrus-sasl=2.1.28=hac629b4_1
2026-09-30T20:03:51.7469773Z   - docutils=0.23=pyhcf101f3_0
2026-09-30T20:03:51.7470003Z   - e3nn=0.4.4=pyhd8ed1ab_1
2026-09-30T20:03:51.7470490Z   - eigen-abi=3.4.0.100=h3bcb7cf_2
2026-09-30T20:03:51.7470754Z   - exceptiongroup=1.3.1=pyhd8ed1ab_0
2026-09-30T20:03:51.7471014Z   - fftw=3.3.11=nompi_h3b011a4_100
2026-09-30T20:03:51.7471265Z   - filelock=4.0.7=pyhd8ed1ab_0
2026-09-30T20:03:51.7471515Z   - flexcache=0.3=pyh5ded981_2
2026-09-30T20:03:51.7471750Z   - flexparser=0.4=pyh5ded981_2
2026-09-30T20:03:51.7472017Z   - font-ttf-dejavu-sans-mono=2.37=hab24e00_0
2026-09-30T20:03:51.7472326Z   - font-ttf-inconsolata=3.000=h77eed37_0
2026-09-30T20:03:51.7472620Z   - font-ttf-source-code-pro=2.038=h77eed37_0
2026-09-30T20:03:51.7472908Z   - font-ttf-ubuntu=0.83=h77eed37_3
2026-09-30T20:03:51.7473160Z   - fontconfig=2.18.3=h4db4eae_1
2026-09-30T20:03:51.7473409Z   - fonts-conda-ecosystem=1=0
2026-09-30T20:03:51.7473660Z   - fonts-conda-forge=1=hc364b38_1
2026-09-30T20:03:51.7473912Z   - fonttools=4.66.1=py311h92159aa_0
2026-09-30T20:03:51.7474162Z   - freesasa=2.2.1=hd8ed1ab_5
2026-09-30T20:03:51.7474407Z   - freesasa-python=2.2.1=py311h49ec1c0_1
2026-09-30T20:03:51.7474671Z   - freetype=2.14.3=ha770c72_2
2026-09-30T20:03:51.7474911Z   - freetype-py=2.3.0=pyhd8ed1ab_0
2026-09-30T20:03:51.7475153Z   - fribidi=1.0.17=h7cc23a3_0
2026-09-30T20:03:51.7475382Z   - fsspec=2026.9.0=pyhd8ed1ab_0
2026-09-30T20:03:51.7475628Z   - gemmi=0.7.5=py311h5b8264c_0
2026-09-30T20:03:51.7475858Z   - git=2.56.0=pl5440h3795e67_0
2026-09-30T20:03:51.7476231Z   - gmp=6.3.0=hfd2156b_3
2026-09-30T20:03:51.7476815Z   - gmpy2=2.3.1=py311hbc40be8_1
2026-09-30T20:03:51.7477221Z   - graphite2=1.3.15=h54a6638_1
2026-09-30T20:03:51.7477619Z   - h2=4.4.1=pyhcf101f3_0
2026-09-30T20:03:51.7478003Z   - hdf4=4.2.15=h2a13503_7
2026-09-30T20:03:51.7478373Z   - hdf5=2.2.0=nompi_hc529623_100
2026-09-30T20:03:51.7478613Z   - hpack=4.2.0=pyhd8ed1ab_0
2026-09-30T20:03:51.7478846Z   - hyperframe=6.1.0=pyhd8ed1ab_0
2026-09-30T20:03:51.7479081Z   - icu=78.3=py310h44b86e0_2
2026-09-30T20:03:51.7479307Z   - idna=3.20=pyh5ded981_0
2026-09-30T20:03:51.7479545Z   - importlib-metadata=9.0.1=pyhcf101f3_0
2026-09-30T20:03:51.7479827Z   - importlib_resources=7.1.0=pyhd8ed1ab_0
2026-09-30T20:03:51.7480096Z   - iniconfig=2.3.0=pyhd8ed1ab_0
2026-09-30T20:03:51.7480712Z   - jax=0.7.1=pyhd8ed1ab_0
2026-09-30T20:03:51.7480981Z   - jaxlib=0.7.1=cpu_py311he1b3896_0
2026-09-30T20:03:51.7481291Z   - jinja2=3.1.6=pyhcf101f3_1
2026-09-30T20:03:51.7481591Z   - joblib=1.6.0=pyhcf101f3_0
2026-09-30T20:03:51.7481887Z   - keyutils=1.6.3=h7cc23a3_1
2026-09-30T20:03:51.7482179Z   - kiwisolver=1.5.1=py311h4c6fd42_3
2026-09-30T20:03:51.7482475Z   - krb5=1.22.2=hbc21106_2
2026-09-30T20:03:51.7482697Z   - lcms2=2.19.1=h9073bf1_3
2026-09-30T20:03:51.7482943Z   - ld_impl_linux-64=2.46.1=default_hbd61a6d_102
2026-09-30T20:03:51.7483226Z   - lerc=4.2.0=hdb68285_0
2026-09-30T20:03:51.7483457Z   - libabseil=20250512.1=cxx17_hba17884_0
2026-09-30T20:03:51.7483716Z   - libaec=1.1.5=h088129d_0
2026-09-30T20:03:51.7483944Z   - libblas=3.11.0=6_h5875eb1_mkl
2026-09-30T20:03:51.7484186Z   - libboost=1.86.0=hd24cca6_5
2026-09-30T20:03:51.7484440Z   - libboost-python=1.86.0=py311h1d5f577_5
2026-09-30T20:03:51.7484715Z   - libbrotlicommon=1.2.0=h39a168f_4
2026-09-30T20:03:51.7484973Z   - libbrotlidec=1.2.0=ha411449_4
2026-09-30T20:03:51.7485243Z   - libbrotlienc=1.2.0=h018ffa1_4
2026-09-30T20:03:51.7485487Z   - libcblas=3.11.0=6_hfef963f_mkl
2026-09-30T20:03:51.7485727Z   - libcufft=12.4.0.43=hd2095e1_0
2026-09-30T20:03:51.7485965Z   - libcurl=8.22.0=ha042cf0_0
2026-09-30T20:03:51.7486202Z   - libdeflate=1.25=hd45a770_1
2026-09-30T20:03:51.7486441Z   - libedit=3.1.20250104=pl5321h373387f_1
2026-09-30T20:03:51.7486695Z   - libev=4.33=h280c20c_3
2026-09-30T20:03:51.7486913Z   - libexpat=2.8.5=hd2095e1_0
2026-09-30T20:03:51.7487141Z   - libffi=3.7.0=h81df57d_1
2026-09-30T20:03:51.7487368Z   - libfreetype=2.14.3=ha770c72_2
2026-09-30T20:03:51.7487621Z   - libfreetype6=2.14.3=h5e6c136_2
2026-09-30T20:03:51.7487860Z   - libgcc=16.2.0=ha9f2e26_7
2026-09-30T20:03:51.7488093Z   - libgcc-ng=16.2.0=h69a702a_7
2026-09-30T20:03:51.7488325Z   - libgfortran=16.2.0=h69a702a_7
2026-09-30T20:03:51.7488562Z   - libgfortran5=16.2.0=h6b99dfc_7
2026-09-30T20:03:51.7488798Z   - libglib=2.90.0=h569388d_0
2026-09-30T20:03:51.7489017Z   - libgomp=16.2.0=he0feb66_7
2026-09-30T20:03:51.7489242Z   - libgrpc=1.73.1=h3288cfb_1
2026-09-30T20:03:51.7489480Z   - libharfbuzz=14.5.0=h23af247_0
2026-09-30T20:03:51.7489731Z   - libhwloc=2.15.0=default_hd7c4d0c_1001
2026-09-30T20:03:51.7489998Z   - libiconv=1.18=h0cb94f2_3
2026-09-30T20:03:51.7490484Z   - libjpeg-turbo=3.2.0=hb03c661_1
2026-09-30T20:03:51.7490743Z   - liblapack=3.11.0=6_h5e43f62_mkl
2026-09-30T20:03:51.7490990Z   - libllvm21=21.1.8=h474f4eb_1
2026-09-30T20:03:51.7491223Z   - liblzma=5.8.3=hb03c661_1
2026-09-30T20:03:51.7491463Z   - libnetcdf=4.10.1=nompi_he3e3c8e_201
2026-09-30T20:03:51.7491726Z   - libnghttp2=1.68.1=h74cf4be_1
2026-09-30T20:03:51.7491965Z   - libnsl=2.0.1=hb9d3cd8_1
2026-09-30T20:03:51.7492189Z   - libntlm=1.8=hb9d3cd8_0
2026-09-30T20:03:51.7492410Z   - libpng=1.6.58=h922cc85_1
2026-09-30T20:03:51.7492633Z   - libpq=18.6=h3883810_2
2026-09-30T20:03:51.7492855Z   - libprotobuf=6.31.1=hfb7daa7_5
2026-09-30T20:03:51.7502139Z   - libpsl=0.23.1=hd9e3e90_1
2026-09-30T20:03:51.7502493Z   - libpython=3.11.16=h0c77377_2_cpython
2026-09-30T20:03:51.7502780Z   - libraqm=0.11.0=h6406941_0
2026-09-30T20:03:51.7503028Z   - librdkit=2026.03.1=h4dfd318_0
2026-09-30T20:03:51.7503275Z   - libre2-11=2025.11.05=h7b12aa8_0
2026-09-30T20:03:51.7503519Z   - libsqlite=3.53.4=h13e7031_1
2026-09-30T20:03:51.7503941Z   - libssh2=1.11.1=h6154650_1
2026-09-30T20:03:51.7504189Z   - libstdcxx=16.2.0=h934c35e_7
2026-09-30T20:03:51.7504449Z   - libstdcxx-ng=16.2.0=hdf11a46_7
2026-09-30T20:03:51.7504704Z   - libtiff=4.7.2=hcc2c06a_1
2026-09-30T20:03:51.7505066Z   - libtorch=2.8.0=cpu_mkl_h09b866c_102
2026-09-30T20:03:51.7505333Z   - libuuid=2.42.4=hcfc3c73_0
2026-09-30T20:03:51.7505567Z   - libuv=1.52.1=h280c20c_1
2026-09-30T20:03:51.7505798Z   - libwebp-base=1.6.0=hd42ef1d_1
2026-09-30T20:03:51.7506043Z   - libxcb=1.17.0=hb83e432_2
2026-09-30T20:03:51.7506275Z   - libxcrypt=4.4.38=h280c20c_0
2026-09-30T20:03:51.7506507Z   - libxml2=2.15.4=h7df9aa5_0
2026-09-30T20:03:51.7506740Z   - libxml2-16=2.15.4=hf3af7cc_0
2026-09-30T20:03:51.7506978Z   - libxslt=1.1.45=h8e12856_1
2026-09-30T20:03:51.7507201Z   - libzip=1.11.4=h6008cf6_0
2026-09-30T20:03:51.7507421Z   - libzlib=1.3.2=h25fd6f3_3
2026-09-30T20:03:51.7507677Z   - lightning-utilities=0.15.3=pyhd8ed1ab_0
2026-09-30T20:03:51.7507974Z   - llvm-openmp=23.1.2=h7148c6a_0
2026-09-30T20:03:51.7508229Z   - llvmlite=0.49.0=py311h1369f55_5
2026-09-30T20:03:51.7508482Z   - lxml=6.1.3=py311h0537bf7_0
2026-09-30T20:03:51.7508714Z   - lz4-c=1.10.0=hee9eb32_2
2026-09-30T20:03:51.7508962Z   - markdown-it-py=4.2.0=pyhd8ed1ab_0
2026-09-30T20:03:51.7509229Z   - markupsafe=3.0.3=py311h3778330_1
2026-09-30T20:03:51.7509502Z   - matplotlib-base=3.11.2=py311hfea5af0_1
2026-09-30T20:03:51.7509786Z   - mda-xdrlib=0.2.0=pyhd8ed1ab_1
2026-09-30T20:03:51.7510030Z   - mdtraj=1.10.3=py311h2ed89a0_0
2026-09-30T20:03:51.7510627Z   - mdurl=0.1.2=pyhd8ed1ab_1
2026-09-30T20:03:51.7510886Z   - mkl=2025.3.1=h0e700b2_12
2026-09-30T20:03:51.7511122Z   - ml_dtypes=0.5.4=np2py311h5a3f614_2
2026-09-30T20:03:51.7511385Z   - mmcif_pdbx=2.0.1=pyhd8ed1ab_1
2026-09-30T20:03:51.7511628Z   - mpc=1.4.0=ha2cb11d_1
2026-09-30T20:03:51.7511848Z   - mpfr=4.2.2=ha2cb11d_1
2026-09-30T20:03:51.7512070Z   - mpmath=1.4.1=pyhd8ed1ab_0
2026-09-30T20:03:51.7512308Z   - munkres=1.1.4=pyhd8ed1ab_1
2026-09-30T20:03:51.7512556Z   - narwhals=2.26.0=pyh5ded981_0
2026-09-30T20:03:51.7512811Z   - ncurses=6.6=hdb14827_1
2026-09-30T20:03:51.7513054Z   - netcdf-fortran=4.6.4=nompi_h52816da_101
2026-09-30T20:03:51.7513338Z   - netcdf4=1.7.4=nompi_py311hd34d2e2_111
2026-09-30T20:03:51.7513612Z   - networkx=3.6.1=pyhcf101f3_0
2026-09-30T20:03:51.7513858Z   - nlopt=2.11.0=np2py311h1a37cdc_2
2026-09-30T20:03:51.7514107Z   - numba=0.67.0=py311hdfc3925_1
2026-09-30T20:03:51.7514349Z   - numexpr=2.14.1=mkl_py311hf9c0e9f_1
2026-09-30T20:03:51.7514601Z   - numpy=1.26.4=py311h64a7726_0
2026-09-30T20:03:51.7514838Z   - ocl-icd=2.3.4=hb03c661_1
2026-09-30T20:03:51.7515068Z   - ocl-icd-system=1.0.0=1
2026-09-30T20:03:51.7515317Z   - onemkl-license=2025.3.1=hf2ce2f3_12
2026-09-30T20:03:51.7515585Z   - opencl-headers=2025.06.13=hecca717_0
2026-09-30T20:03:51.7515885Z   - openff-amber-ff-ports=2025.09.0=pyhd8ed1ab_0
2026-09-30T20:03:51.7516201Z   - openff-forcefields=2026.01.0=pyhd8ed1ab_0
2026-09-30T20:03:51.7516499Z   - openff-interchange=0.5.2=pyhd8ed1ab_1
2026-09-30T20:03:51.7516795Z   - openff-interchange-base=0.5.2=pyhd8ed1ab_1
2026-09-30T20:03:51.7517086Z   - openff-nagl=0.5.5=pyh3fa9b46_2
2026-09-30T20:03:51.7517347Z   - openff-nagl-base=0.5.5=pyhc364b38_2
2026-09-30T20:03:51.7517635Z   - openff-nagl-models=2025.9.0=pyhd8ed1ab_1
2026-09-30T20:03:51.7517937Z   - openff-toolkit=0.18.0=pyhd8ed1ab_6
2026-09-30T20:03:51.7518226Z   - openff-toolkit-base=0.18.0=pyhd8ed1ab_6
2026-09-30T20:03:51.7518509Z   - openff-units=0.3.2=pyhd8ed1ab_0
2026-09-30T20:03:51.7518770Z   - openff-utilities=0.1.18=pyh5ded981_0
2026-09-30T20:03:51.7519041Z   - openjpeg=2.5.4=heb1ab33_2
2026-09-30T20:03:51.7519283Z   - openldap=2.6.13=hbde042b_0
2026-09-30T20:03:51.7519522Z   - openmm=8.6.1=py311h1aadaef_0
2026-09-30T20:03:51.7519776Z   - openmmforcefields=0.16.0=pyhc364b38_1
2026-09-30T20:03:51.7520040Z   - openssl=3.6.4=h781a0a9_0
2026-09-30T20:03:51.7520534Z   - opt-einsum=3.4.0=hd8ed1ab_1
2026-09-30T20:03:51.7520784Z   - opt_einsum=3.4.0=pyhd8ed1ab_1
2026-09-30T20:03:51.7521171Z   - opt_einsum_fx=0.1.4=pyh5ded981_2
2026-09-30T20:03:51.7521443Z   - optree=0.20.0=py311h5f908af_1
2026-09-30T20:03:51.7521690Z   - packaging=26.3=pyhc364b38_0
2026-09-30T20:03:51.7521928Z   - pandas=2.3.3=py311hed34c8f_2
2026-09-30T20:03:51.7522277Z   - parmed=4.3.1=py311h74232ed_1
2026-09-30T20:03:51.7522515Z   - pcre2=10.47=h8b3dc9c_1
2026-09-30T20:03:51.7522741Z   - pdb2pqr=3.6.1=pyhd8ed1ab_1
2026-09-30T20:03:51.7522980Z   - perl=5.44.0=1_h7cc23a3_perl5
2026-09-30T20:03:51.7523218Z   - pillow=12.3.0=py311hf303fd3_4
2026-09-30T20:03:51.7523463Z   - pint=0.25.3=pyhc364b38_0
2026-09-30T20:03:51.7523696Z   - pip=26.2.1=pyh8b19718_0
2026-09-30T20:03:51.7523930Z   - pixman=0.46.4=h54a6638_3
2026-09-30T20:03:51.7524186Z   - platformdirs=4.12.2=pyh5ded981_0
2026-09-30T20:03:51.7524444Z   - pluggy=1.6.0=pyhf9edf01_1
2026-09-30T20:03:51.7524678Z   - propka=3.5.1=pyhecae5ae_2
2026-09-30T20:03:51.7524904Z   - psutil=7.2.2=py311h194be0f_3
2026-09-30T20:03:51.7525159Z   - pthread-stubs=0.4=h7cc23a3_1004
2026-09-30T20:03:51.7525421Z   - py-cpuinfo=9.0.0=pyhd8ed1ab_1
2026-09-30T20:03:51.7525667Z   - pybind11=2.13.6=pyhc790b64_3
2026-09-30T20:03:51.7525900Z   - pybind11-abi=4=hd8ed1ab_3
2026-09-30T20:03:51.7526143Z   - pybind11-global=2.13.6=pyh217bc35_3
2026-09-30T20:03:51.7526416Z   - pycairo=1.29.1=py311h616d719_2
2026-09-30T20:03:51.7526674Z   - pydantic=2.11.10=pyh3cfb1c2_0
2026-09-30T20:03:51.7526939Z   - pydantic-core=2.33.2=py311h902ca64_1
2026-09-30T20:03:51.7527206Z   - pyedr=0.8.0=pyhd8ed1ab_1
2026-09-30T20:03:51.7527439Z   - pygments=2.21.0=pyhcf101f3_0
2026-09-30T20:03:51.7527680Z   - pymbar=4.0.3=h38be061_3
2026-09-30T20:03:51.7527921Z   - pymbar-core=4.0.3=py311h9f3472d_3
2026-09-30T20:03:51.7528185Z   - pyparsing=3.3.3=pyh5ded981_0
2026-09-30T20:03:51.7528428Z   - pysocks=1.7.1=pyha55dd90_7
2026-09-30T20:03:51.7528668Z   - pytables=3.11.1=py311h9acb22d_6
2026-09-30T20:03:51.7528914Z   - pytest=9.1.1=pyhc364b38_2
2026-09-30T20:03:51.7529148Z   - pytest-cov=7.1.0=pyhcf101f3_0
2026-09-30T20:03:51.7529404Z   - python=3.11.16=h5f976f7_2_cpython
2026-09-30T20:03:51.7529679Z   - python-constraint=1.4.0=pyhff2d567_1
2026-09-30T20:03:51.7529972Z   - python-dateutil=2.9.0.post0=pyhe01879c_2
2026-09-30T20:03:51.7530490Z   - python-gil=3.11.16=hd8ed1ab_2
2026-09-30T20:03:51.7530863Z   - python-tzdata=2026.4=pyh5ded981_0
2026-09-30T20:03:51.7531120Z   - python_abi=3.11=9_cp311
2026-09-30T20:03:51.7531369Z   - pytorch=2.8.0=cpu_mkl_py311_hcfbaf12_102
2026-09-30T20:03:51.7531657Z   - pytorch-lightning=2.6.6=pyh5ded981_0
2026-09-30T20:03:51.7531923Z   - pytz=2026.4=pyh5ded981_0
2026-09-30T20:03:51.7532158Z   - pyyaml=6.0.3=py311h3778330_1
2026-09-30T20:03:51.7532389Z   - qhull=2020.2=h434a139_5
2026-09-30T20:03:51.7532617Z   - rdkit=2026.03.1=py311h34e1bb8_0
2026-09-30T20:03:51.7532853Z   - re2=2025.11.05=h5301d42_0
2026-09-30T20:03:51.7533074Z   - readline=8.3=hd6e31c0_1
2026-09-30T20:03:51.7533301Z   - reportlab=5.0.1=pyhc364b38_0
2026-09-30T20:03:51.7533539Z   - requests=2.34.2=pyhcf101f3_0
2026-09-30T20:03:51.7533779Z   - rich=15.0.0=pyhcf101f3_0
2026-09-30T20:03:51.7534011Z   - rlpycairo=0.4.0=pyh6c17108_0
2026-09-30T20:03:51.7534248Z   - rocm-core=7.2.4=h54a6638_1
2026-09-30T20:03:51.7534476Z   - s2n=1.7.6=h7e3ee7f_0
2026-09-30T20:03:51.7534717Z   - scikit-learn=1.9.1=np2py311h1e9b377_1
2026-09-30T20:03:51.7534994Z   - scipy=1.17.1=py311hbe70eeb_1
2026-09-30T20:03:51.7535248Z   - setproctitle=1.3.7=py311h194be0f_1
2026-09-30T20:03:51.7535510Z   - setuptools=84.0.0=pyh332efcf_0
2026-09-30T20:03:51.7535755Z   - six=1.17.0=pyhe01879c_1
2026-09-30T20:03:51.7535978Z   - sleef=3.9.0=ha0421bc_0
2026-09-30T20:03:51.7536196Z   - snappy=1.2.2=h34e00bb_2
2026-09-30T20:03:51.7536424Z   - sqlalchemy=2.1.1=py311h194be0f_0
2026-09-30T20:03:51.7536671Z   - sympy=1.14.0=pyh2585a3b_106
2026-09-30T20:03:51.7536904Z   - tbb=2023.1.0=haa8c3ee_2
2026-09-30T20:03:51.7537132Z   - threadpoolctl=3.7.0=pyhc455866_0
2026-09-30T20:03:51.7537382Z   - tinydb=4.8.2=pyhd8ed1ab_1
2026-09-30T20:03:51.7537616Z   - tk=8.6.13=noxft_h1df4ec4_4
2026-09-30T20:03:51.7537995Z   - tomli=2.4.1=pyhcf101f3_0
2026-09-30T20:03:51.7538239Z   - torchmetrics=1.9.0=pyhd8ed1ab_0
2026-09-30T20:03:51.7538488Z   - tqdm=4.70.1=pyhfa0c392_0
2026-09-30T20:03:51.7538730Z   - typing-extensions=4.16.0=h69aa097_0
2026-09-30T20:03:51.7539115Z   - typing-inspection=0.4.4=pyhcf101f3_0
2026-09-30T20:03:51.7539398Z   - typing_extensions=4.16.0=pyhcf101f3_0
2026-09-30T20:03:51.7539664Z   - tzdata=2026c=h151e31d_0
2026-09-30T20:03:51.7539892Z   - unicodedata2=18.0.0=py311h0d48ccd_0
2026-09-30T20:03:51.7540305Z   - urllib3=2.8.0=pyhd8ed1ab_0
2026-09-30T20:03:51.7540546Z   - validators=0.35.0=pyhd8ed1ab_0
2026-09-30T20:03:51.7540791Z   - wheel=0.48.0=pyhd8ed1ab_0
2026-09-30T20:03:51.7541019Z   - xmltodict=1.0.2=pyhcf101f3_0
2026-09-30T20:03:51.7541255Z   - xorg-libice=1.1.2=h280c20c_0
2026-09-30T20:03:51.7541494Z   - xorg-libsm=1.2.6=h0d788c3_1
2026-09-30T20:03:51.7541739Z   - xorg-libx11=1.8.13=he1eb515_1
2026-09-30T20:03:51.7541987Z   - xorg-libxau=1.0.12=h7cc23a3_2
2026-09-30T20:03:51.7542238Z   - xorg-libxdmcp=1.1.5=h7cc23a3_2
2026-09-30T20:03:51.7542489Z   - xorg-libxext=1.3.7=h7cc23a3_1
2026-09-30T20:03:51.7542739Z   - xorg-libxrender=0.9.12=hb03c661_1
2026-09-30T20:03:51.7543004Z   - xorg-libxt=1.3.1=h7cc23a3_1
2026-09-30T20:03:51.7543243Z   - yaml=0.2.5=hebe6cf0_3
2026-09-30T20:03:51.7543468Z   - zipp=4.1.0=pyhcf101f3_0
2026-09-30T20:03:51.7543690Z   - zlib=1.3.2=h25fd6f3_3
2026-09-30T20:03:51.7543913Z   - zlib-ng=2.3.3=hce19668_1
2026-09-30T20:03:51.7544140Z   - zstd=1.5.7=hb78ec9c_7
2026-09-30T20:03:51.7544351Z   - pip:
2026-09-30T20:03:51.7544541Z     - ConfigArgParse==1.8.0
2026-09-30T20:03:51.7544769Z     - GitPython==3.2.0
2026-09-30T20:03:51.7544975Z     - ase==3.29.0
2026-09-30T20:03:51.7545181Z     - atom-openmm==8.5.0b0
2026-09-30T20:03:51.7545396Z     - gitdb==4.0.12
2026-09-30T20:03:51.7545593Z     - h5py==3.16.0
2026-09-30T20:03:51.7545779Z     - lmdb==2.3.0
2026-09-30T20:03:51.7545974Z     - mace-torch==0.3.16
2026-09-30T20:03:51.7546189Z     - matscipy==1.1.1
2026-09-30T20:03:51.7546393Z     - openmmml==1.8
2026-09-30T20:03:51.7546585Z     - orjson==3.12.0
2026-09-30T20:03:51.7546788Z     - prettytable==3.18.0
2026-09-30T20:03:51.7547014Z     - python_hostlist==2.3.0
2026-09-30T20:03:51.7547243Z     - smmap==5.0.3
2026-09-30T20:03:51.7547437Z     - torch-ema==0.3
2026-09-30T20:03:51.7547631Z     - wcwidth==0.9.1
2026-09-30T20:03:51.7547755Z 
2026-09-30T20:03:51.7547884Z prefix: "/home/runner/micromamba/envs/atm-mlmm-p0"
2026-09-30T20:03:55.2521278Z Collecting atom-openmm @ git+https://github.com/Gallicchio-Lab/AToM-OpenMM.git@9e26c5a3811038be1c98e3be6af4c78cd0dd57a7 (from -r /home/runner/work/AToM_MLMM/AToM_MLMM/artifacts/g00-cpu/pip-source-lock.txt (line 4))
2026-09-30T20:03:55.2524082Z   Cloning https://github.com/Gallicchio-Lab/AToM-OpenMM.git (to revision 9e26c5a3811038be1c98e3be6af4c78cd0dd57a7) to /tmp/pip-wheel-r9hwj2ym/atom-openmm_a175aaff422a406aa4149e521a377297
2026-09-30T20:03:55.2551070Z   Running command git clone --filter=blob:none --quiet https://github.com/Gallicchio-Lab/AToM-OpenMM.git /tmp/pip-wheel-r9hwj2ym/atom-openmm_a175aaff422a406aa4149e521a377297
2026-09-30T20:03:57.1568011Z   Running command git rev-parse -q --verify '9e26c5a3811038be1c98e3be6af4c78cd0dd57a7^{commit}'
2026-09-30T20:03:57.1593237Z   9e26c5a3811038be1c98e3be6af4c78cd0dd57a7
2026-09-30T20:03:57.1618187Z   Running command git checkout -q 9e26c5a3811038be1c98e3be6af4c78cd0dd57a7
2026-09-30T20:03:57.5464038Z   Resolved https://github.com/Gallicchio-Lab/AToM-OpenMM.git to commit 9e26c5a3811038be1c98e3be6af4c78cd0dd57a7
2026-09-30T20:03:57.5502813Z   Installing build dependencies: started
2026-09-30T20:03:58.1813010Z   Installing build dependencies: finished with status 'done'
2026-09-30T20:03:58.1818124Z   Getting requirements to build wheel: started
2026-09-30T20:03:58.6182299Z   Getting requirements to build wheel: finished with status 'done'
2026-09-30T20:03:58.6189933Z   Preparing metadata (pyproject.toml): started
2026-09-30T20:03:58.8247510Z   Preparing metadata (pyproject.toml): finished with status 'done'
2026-09-30T20:03:58.8263992Z Collecting openmmml @ git+https://github.com/openmm/openmm-ml.git@a7fb40ebecd031db3a5d1da08202cad6819c366f (from -r /home/runner/work/AToM_MLMM/AToM_MLMM/artifacts/g00-cpu/pip-source-lock.txt (line 10))
2026-09-30T20:03:58.8267160Z   Cloning https://github.com/openmm/openmm-ml.git (to revision a7fb40ebecd031db3a5d1da08202cad6819c366f) to /tmp/pip-wheel-r9hwj2ym/openmmml_f9c87f0ada6d48f59dd08c69e7239d4c
2026-09-30T20:03:58.8292249Z   Running command git clone --filter=blob:none --quiet https://github.com/openmm/openmm-ml.git /tmp/pip-wheel-r9hwj2ym/openmmml_f9c87f0ada6d48f59dd08c69e7239d4c
2026-09-30T20:03:59.4009284Z   Running command git rev-parse -q --verify 'a7fb40ebecd031db3a5d1da08202cad6819c366f^{commit}'
2026-09-30T20:03:59.4033007Z   a7fb40ebecd031db3a5d1da08202cad6819c366f
2026-09-30T20:03:59.4057583Z   Resolved https://github.com/openmm/openmm-ml.git to commit a7fb40ebecd031db3a5d1da08202cad6819c366f
2026-09-30T20:03:59.4089996Z   Installing build dependencies: started
2026-09-30T20:03:59.9567565Z   Installing build dependencies: finished with status 'done'
2026-09-30T20:03:59.9573029Z   Getting requirements to build wheel: started
2026-09-30T20:04:00.2164001Z   Getting requirements to build wheel: finished with status 'done'
2026-09-30T20:04:00.2171755Z   Preparing metadata (pyproject.toml): started
2026-09-30T20:04:00.3636716Z   Preparing metadata (pyproject.toml): finished with status 'done'
2026-09-30T20:04:00.3732976Z Collecting ConfigArgParse==1.8.0 (from -r /home/runner/work/AToM_MLMM/AToM_MLMM/artifacts/g00-cpu/pip-source-lock.txt (line 1))
2026-09-30T20:04:00.3747585Z   Using cached configargparse-1.8.0-py3-none-any.whl.metadata (23 kB)
2026-09-30T20:04:00.3873041Z Collecting GitPython==3.2.0 (from -r /home/runner/work/AToM_MLMM/AToM_MLMM/artifacts/g00-cpu/pip-source-lock.txt (line 2))
2026-09-30T20:04:00.3886724Z   Using cached gitpython-3.2.0-py3-none-any.whl.metadata (13 kB)
2026-09-30T20:04:00.3950558Z Collecting ase==3.29.0 (from -r /home/runner/work/AToM_MLMM/AToM_MLMM/artifacts/g00-cpu/pip-source-lock.txt (line 3))
2026-09-30T20:04:00.3964273Z   Using cached ase-3.29.0-py3-none-any.whl.metadata (4.4 kB)
2026-09-30T20:04:00.4014403Z Collecting gitdb==4.0.12 (from -r /home/runner/work/AToM_MLMM/AToM_MLMM/artifacts/g00-cpu/pip-source-lock.txt (line 5))
2026-09-30T20:04:00.4028442Z   Using cached gitdb-4.0.12-py3-none-any.whl.metadata (1.2 kB)
2026-09-30T20:04:00.4385236Z Collecting h5py==3.16.0 (from -r /home/runner/work/AToM_MLMM/AToM_MLMM/artifacts/g00-cpu/pip-source-lock.txt (line 6))
2026-09-30T20:04:00.4398760Z   Using cached h5py-3.16.0-cp311-cp311-manylinux_2_28_x86_64.whl.metadata (3.0 kB)
2026-09-30T20:04:00.4759632Z Collecting lmdb==2.3.0 (from -r /home/runner/work/AToM_MLMM/AToM_MLMM/artifacts/g00-cpu/pip-source-lock.txt (line 7))
2026-09-30T20:04:00.4773565Z   Using cached lmdb-2.3.0-cp311-cp311-manylinux2014_x86_64.manylinux_2_17_x86_64.manylinux_2_28_x86_64.whl.metadata (1.2 kB)
2026-09-30T20:04:00.4812163Z Collecting mace-torch==0.3.16 (from -r /home/runner/work/AToM_MLMM/AToM_MLMM/artifacts/g00-cpu/pip-source-lock.txt (line 8))
2026-09-30T20:04:00.4825005Z   Using cached mace_torch-0.3.16-py3-none-any.whl.metadata (27 kB)
2026-09-30T20:04:00.4956595Z Collecting matscipy==1.1.1 (from -r /home/runner/work/AToM_MLMM/AToM_MLMM/artifacts/g00-cpu/pip-source-lock.txt (line 9))
2026-09-30T20:04:00.4969757Z   Using cached matscipy-1.1.1-cp311-cp311-manylinux_2_17_x86_64.manylinux2014_x86_64.whl.metadata (37 kB)
2026-09-30T20:04:00.6802155Z Collecting orjson==3.12.0 (from -r /home/runner/work/AToM_MLMM/AToM_MLMM/artifacts/g00-cpu/pip-source-lock.txt (line 11))
2026-09-30T20:04:00.6817704Z   Using cached orjson-3.12.0-cp311-cp311-manylinux_2_17_x86_64.manylinux2014_x86_64.whl.metadata (41 kB)
2026-09-30T20:04:00.6894143Z Collecting prettytable==3.18.0 (from -r /home/runner/work/AToM_MLMM/AToM_MLMM/artifacts/g00-cpu/pip-source-lock.txt (line 12))
2026-09-30T20:04:00.6907019Z   Using cached prettytable-3.18.0-py3-none-any.whl.metadata (37 kB)
2026-09-30T20:04:00.6959010Z Collecting python_hostlist==2.3.0 (from -r /home/runner/work/AToM_MLMM/AToM_MLMM/artifacts/g00-cpu/pip-source-lock.txt (line 13))
2026-09-30T20:04:00.6959883Z   Using cached python_hostlist-2.3.0-py3-none-any.whl
2026-09-30T20:04:00.7021340Z Collecting smmap==5.0.3 (from -r /home/runner/work/AToM_MLMM/AToM_MLMM/artifacts/g00-cpu/pip-source-lock.txt (line 14))
2026-09-30T20:04:00.7034160Z   Using cached smmap-5.0.3-py3-none-any.whl.metadata (4.6 kB)
2026-09-30T20:04:00.7065280Z Collecting torch-ema==0.3 (from -r /home/runner/work/AToM_MLMM/AToM_MLMM/artifacts/g00-cpu/pip-source-lock.txt (line 15))
2026-09-30T20:04:00.7077844Z   Using cached torch_ema-0.3-py3-none-any.whl.metadata (415 bytes)
2026-09-30T20:04:00.7145629Z Collecting wcwidth==0.9.1 (from -r /home/runner/work/AToM_MLMM/AToM_MLMM/artifacts/g00-cpu/pip-source-lock.txt (line 16))
2026-09-30T20:04:00.7158514Z   Using cached wcwidth-0.9.1-cp310-abi3-manylinux2014_x86_64.manylinux_2_17_x86_64.whl.metadata (23 kB)
2026-09-30T20:04:00.7223365Z Using cached configargparse-1.8.0-py3-none-any.whl (34 kB)
2026-09-30T20:04:00.7236087Z Using cached gitpython-3.2.0-py3-none-any.whl (228 kB)
2026-09-30T20:04:00.7249262Z Using cached ase-3.29.0-py3-none-any.whl (3.0 MB)
2026-09-30T20:04:00.7273837Z Using cached gitdb-4.0.12-py3-none-any.whl (62 kB)
2026-09-30T20:04:00.7286890Z Using cached h5py-3.16.0-cp311-cp311-manylinux_2_28_x86_64.whl (5.0 MB)
2026-09-30T20:04:00.7318297Z Using cached lmdb-2.3.0-cp311-cp311-manylinux2014_x86_64.manylinux_2_17_x86_64.manylinux_2_28_x86_64.whl (336 kB)
2026-09-30T20:04:00.7331608Z Using cached mace_torch-0.3.16-py3-none-any.whl (316 kB)
2026-09-30T20:04:00.7345306Z Using cached matscipy-1.1.1-cp311-cp311-manylinux_2_17_x86_64.manylinux2014_x86_64.whl (448 kB)
2026-09-30T20:04:00.7359056Z Using cached orjson-3.12.0-cp311-cp311-manylinux_2_17_x86_64.manylinux2014_x86_64.whl (131 kB)
2026-09-30T20:04:00.7372157Z Using cached prettytable-3.18.0-py3-none-any.whl (37 kB)
2026-09-30T20:04:00.7384584Z Using cached smmap-5.0.3-py3-none-any.whl (24 kB)
2026-09-30T20:04:00.7397044Z Using cached torch_ema-0.3-py3-none-any.whl (5.5 kB)
2026-09-30T20:04:00.7410768Z Using cached wcwidth-0.9.1-cp310-abi3-manylinux2014_x86_64.manylinux_2_17_x86_64.whl (768 kB)
2026-09-30T20:04:00.7857430Z Saved ./artifacts/g00-cpu/wheelhouse/configargparse-1.8.0-py3-none-any.whl
2026-09-30T20:04:00.7860309Z Saved ./artifacts/g00-cpu/wheelhouse/gitpython-3.2.0-py3-none-any.whl
2026-09-30T20:04:00.7872700Z Saved ./artifacts/g00-cpu/wheelhouse/ase-3.29.0-py3-none-any.whl
2026-09-30T20:04:00.7875695Z Saved ./artifacts/g00-cpu/wheelhouse/gitdb-4.0.12-py3-none-any.whl
2026-09-30T20:04:00.7893222Z Saved ./artifacts/g00-cpu/wheelhouse/h5py-3.16.0-cp311-cp311-manylinux_2_28_x86_64.whl
2026-09-30T20:04:00.7897889Z Saved ./artifacts/g00-cpu/wheelhouse/lmdb-2.3.0-cp311-cp311-manylinux2014_x86_64.manylinux_2_17_x86_64.manylinux_2_28_x86_64.whl
2026-09-30T20:04:00.7901384Z Saved ./artifacts/g00-cpu/wheelhouse/mace_torch-0.3.16-py3-none-any.whl
2026-09-30T20:04:00.7906182Z Saved ./artifacts/g00-cpu/wheelhouse/matscipy-1.1.1-cp311-cp311-manylinux_2_17_x86_64.manylinux2014_x86_64.whl
2026-09-30T20:04:00.7909379Z Saved ./artifacts/g00-cpu/wheelhouse/orjson-3.12.0-cp311-cp311-manylinux_2_17_x86_64.manylinux2014_x86_64.whl
2026-09-30T20:04:00.7912479Z Saved ./artifacts/g00-cpu/wheelhouse/prettytable-3.18.0-py3-none-any.whl
2026-09-30T20:04:00.7915812Z Saved ./artifacts/g00-cpu/wheelhouse/python_hostlist-2.3.0-py3-none-any.whl
2026-09-30T20:04:00.7918671Z Saved ./artifacts/g00-cpu/wheelhouse/smmap-5.0.3-py3-none-any.whl
2026-09-30T20:04:00.7921905Z Saved ./artifacts/g00-cpu/wheelhouse/torch_ema-0.3-py3-none-any.whl
2026-09-30T20:04:00.7927365Z Saved ./artifacts/g00-cpu/wheelhouse/wcwidth-0.9.1-cp310-abi3-manylinux2014_x86_64.manylinux_2_17_x86_64.whl
2026-09-30T20:04:00.7928440Z Building wheels for collected packages: atom-openmm, openmmml
2026-09-30T20:04:00.7983766Z   Building wheel for atom-openmm (pyproject.toml): started
2026-09-30T20:04:01.0351561Z   Building wheel for atom-openmm (pyproject.toml): finished with status 'done'
2026-09-30T20:04:01.0357376Z   Created wheel for atom-openmm: filename=atom_openmm-8.5.0b0-py3-none-any.whl size=82844 sha256=7bedf1ae2f17a9a710747df3d3739e972bb42b5ddce98a6c8044107d8cf9891b
2026-09-30T20:04:01.0359377Z   Stored in directory: /home/runner/.cache/pip/wheels/0b/52/22/42d3b1b5f51316f8e59eb18fbe939842c4aed85c91ea06c30a
2026-09-30T20:04:01.0426666Z   Building wheel for openmmml (pyproject.toml): started
2026-09-30T20:04:01.2292825Z   Building wheel for openmmml (pyproject.toml): finished with status 'done'
2026-09-30T20:04:01.2297407Z   Created wheel for openmmml: filename=openmmml-1.8-py3-none-any.whl size=50526 sha256=fb90ba4eca95a69bb998e1101c78c4c7b14227e150391b389ab642e6bfa12cfc
2026-09-30T20:04:01.2298977Z   Stored in directory: /home/runner/.cache/pip/wheels/1c/b7/fa/f60d4e3dc773dc1dba591cb42e679ca167c7b12a956d1468c6
2026-09-30T20:04:01.2312799Z Successfully built atom-openmm openmmml
2026-09-30T20:04:01.6081741Z Processing ./wheelhouse/ase-3.29.0-py3-none-any.whl (from -r pip-wheels.lock (line 1))
2026-09-30T20:04:01.6255276Z Processing ./wheelhouse/atom_openmm-8.5.0b0-py3-none-any.whl (from -r pip-wheels.lock (line 2))
2026-09-30T20:04:01.6273027Z Processing ./wheelhouse/configargparse-1.8.0-py3-none-any.whl (from -r pip-wheels.lock (line 3))
2026-09-30T20:04:01.6297250Z Processing ./wheelhouse/gitdb-4.0.12-py3-none-any.whl (from -r pip-wheels.lock (line 4))
2026-09-30T20:04:01.6314421Z Processing ./wheelhouse/gitpython-3.2.0-py3-none-any.whl (from -r pip-wheels.lock (line 5))
2026-09-30T20:04:01.6343160Z Processing ./wheelhouse/h5py-3.16.0-cp311-cp311-manylinux_2_28_x86_64.whl (from -r pip-wheels.lock (line 6))
2026-09-30T20:04:01.6451768Z Processing ./wheelhouse/lmdb-2.3.0-cp311-cp311-manylinux2014_x86_64.manylinux_2_17_x86_64.manylinux_2_28_x86_64.whl (from -r pip-wheels.lock (line 7))
2026-09-30T20:04:01.6471213Z Processing ./wheelhouse/mace_torch-0.3.16-py3-none-any.whl (from -r pip-wheels.lock (line 8))
2026-09-30T20:04:01.6510564Z Processing ./wheelhouse/matscipy-1.1.1-cp311-cp311-manylinux_2_17_x86_64.manylinux2014_x86_64.whl (from -r pip-wheels.lock (line 9))
2026-09-30T20:04:01.6568282Z Processing ./wheelhouse/openmmml-1.8-py3-none-any.whl (from -r pip-wheels.lock (line 10))
2026-09-30T20:04:01.6582186Z Processing ./wheelhouse/orjson-3.12.0-cp311-cp311-manylinux_2_17_x86_64.manylinux2014_x86_64.whl (from -r pip-wheels.lock (line 11))
2026-09-30T20:04:01.6608708Z Processing ./wheelhouse/prettytable-3.18.0-py3-none-any.whl (from -r pip-wheels.lock (line 12))
2026-09-30T20:04:01.6630578Z Processing ./wheelhouse/python_hostlist-2.3.0-py3-none-any.whl (from -r pip-wheels.lock (line 13))
2026-09-30T20:04:01.6643751Z Processing ./wheelhouse/smmap-5.0.3-py3-none-any.whl (from -r pip-wheels.lock (line 14))
2026-09-30T20:04:01.6657900Z Processing ./wheelhouse/torch_ema-0.3-py3-none-any.whl (from -r pip-wheels.lock (line 15))
2026-09-30T20:04:01.6669344Z Processing ./wheelhouse/wcwidth-0.9.1-cp310-abi3-manylinux2014_x86_64.manylinux_2_17_x86_64.whl (from -r pip-wheels.lock (line 16))
2026-09-30T20:04:01.6861770Z Installing collected packages: torch-ema, python-hostlist, openmmml, wcwidth, smmap, prettytable, orjson, matscipy, mace-torch, lmdb, h5py, gitpython, gitdb, configargparse, atom-openmm, ase
2026-09-30T20:04:01.6867320Z   Attempting uninstall: torch-ema
2026-09-30T20:04:01.6887626Z     Found existing installation: torch-ema 0.3
2026-09-30T20:04:01.6902109Z     Uninstalling torch-ema-0.3:
2026-09-30T20:04:01.6909818Z       Successfully uninstalled torch-ema-0.3
2026-09-30T20:04:01.6998588Z   Attempting uninstall: python-hostlist
2026-09-30T20:04:01.7032168Z     Found existing installation: python_hostlist 2.3.0
2026-09-30T20:04:01.7046000Z     Uninstalling python_hostlist-2.3.0:
2026-09-30T20:04:01.8685542Z       Successfully uninstalled python_hostlist-2.3.0
2026-09-30T20:04:01.8851444Z   Attempting uninstall: openmmml
2026-09-30T20:04:01.8878631Z     Found existing installation: openmmml 1.8
2026-09-30T20:04:01.8987373Z     Uninstalling openmmml-1.8:
2026-09-30T20:04:01.8996195Z       Successfully uninstalled openmmml-1.8
2026-09-30T20:04:01.9211647Z   Attempting uninstall: wcwidth
2026-09-30T20:04:01.9239932Z     Found existing installation: wcwidth 0.9.1
2026-09-30T20:04:01.9278559Z     Uninstalling wcwidth-0.9.1:
2026-09-30T20:04:01.9288536Z       Successfully uninstalled wcwidth-0.9.1
2026-09-30T20:04:02.1166254Z   Attempting uninstall: smmap
2026-09-30T20:04:02.1195218Z     Found existing installation: smmap 5.0.3
2026-09-30T20:04:02.1213817Z     Uninstalling smmap-5.0.3:
2026-09-30T20:04:02.1222292Z       Successfully uninstalled smmap-5.0.3
2026-09-30T20:04:02.1363851Z   Attempting uninstall: prettytable
2026-09-30T20:04:02.1396590Z     Found existing installation: prettytable 3.18.0
2026-09-30T20:04:02.1411401Z     Uninstalling prettytable-3.18.0:
2026-09-30T20:04:02.1418466Z       Successfully uninstalled prettytable-3.18.0
2026-09-30T20:04:02.1621205Z   Attempting uninstall: orjson
2026-09-30T20:04:02.1654873Z     Found existing installation: orjson 3.12.0
2026-09-30T20:04:02.1668357Z     Uninstalling orjson-3.12.0:
2026-09-30T20:04:02.1675877Z       Successfully uninstalled orjson-3.12.0
2026-09-30T20:04:02.1746482Z   Attempting uninstall: matscipy
2026-09-30T20:04:02.1785215Z     Found existing installation: matscipy 1.1.1
2026-09-30T20:04:02.1871797Z     Uninstalling matscipy-1.1.1:
2026-09-30T20:04:02.1908376Z       Successfully uninstalled matscipy-1.1.1
2026-09-30T20:04:02.3830967Z   Attempting uninstall: mace-torch
2026-09-30T20:04:02.3863817Z     Found existing installation: mace-torch 0.3.16
2026-09-30T20:04:02.3944996Z     Uninstalling mace-torch-0.3.16:
2026-09-30T20:04:02.4010165Z       Successfully uninstalled mace-torch-0.3.16
2026-09-30T20:04:02.6025831Z   Attempting uninstall: lmdb
2026-09-30T20:04:02.6055716Z     Found existing installation: lmdb 2.3.0
2026-09-30T20:04:02.6071292Z     Uninstalling lmdb-2.3.0:
2026-09-30T20:04:02.6078375Z       Successfully uninstalled lmdb-2.3.0
2026-09-30T20:04:02.6300679Z   Attempting uninstall: h5py
2026-09-30T20:04:02.6328755Z     Found existing installation: h5py 3.16.0
2026-09-30T20:04:02.6381061Z     Uninstalling h5py-3.16.0:
2026-09-30T20:04:02.6395367Z       Successfully uninstalled h5py-3.16.0
2026-09-30T20:04:02.8090688Z   Attempting uninstall: gitpython
2026-09-30T20:04:02.8114056Z     Found existing installation: GitPython 3.2.0
2026-09-30T20:04:02.8149763Z     Uninstalling GitPython-3.2.0:
2026-09-30T20:04:02.8160467Z       Successfully uninstalled GitPython-3.2.0
2026-09-30T20:04:02.8987371Z   Attempting uninstall: gitdb
2026-09-30T20:04:02.9011147Z     Found existing installation: gitdb 4.0.12
2026-09-30T20:04:02.9038489Z     Uninstalling gitdb-4.0.12:
2026-09-30T20:04:02.9047619Z       Successfully uninstalled gitdb-4.0.12
2026-09-30T20:04:02.9350047Z   Attempting uninstall: configargparse
2026-09-30T20:04:02.9376619Z     Found existing installation: ConfigArgParse 1.8.0
2026-09-30T20:04:02.9388595Z     Uninstalling ConfigArgParse-1.8.0:
2026-09-30T20:04:03.0889250Z       Successfully uninstalled ConfigArgParse-1.8.0
2026-09-30T20:04:03.1012220Z   Attempting uninstall: atom-openmm
2026-09-30T20:04:03.1043637Z     Found existing installation: atom-openmm 8.5.0b0
2026-09-30T20:04:03.1072661Z     Uninstalling atom-openmm-8.5.0b0:
2026-09-30T20:04:03.1096268Z       Successfully uninstalled atom-openmm-8.5.0b0
2026-09-30T20:04:03.1609333Z   Attempting uninstall: ase
2026-09-30T20:04:03.1634383Z     Found existing installation: ase 3.29.0
2026-09-30T20:04:03.2426485Z     Uninstalling ase-3.29.0:
2026-09-30T20:04:03.2557454Z       Successfully uninstalled ase-3.29.0
2026-09-30T20:04:04.5950192Z 
2026-09-30T20:04:04.6023551Z Successfully installed ase-3.29.0 atom-openmm-8.5.0b0 configargparse-1.8.0 gitdb-4.0.12 gitpython-3.2.0 h5py-3.16.0 lmdb-2.3.0 mace-torch-0.3.16 matscipy-1.1.1 openmmml-1.8 orjson-3.12.0 prettytable-3.18.0 python-hostlist-2.3.0 smmap-5.0.3 torch-ema-0.3 wcwidth-0.9.1
2026-09-30T20:04:09.3837013Z {
2026-09-30T20:04:09.3837438Z   "status": "passed",
2026-09-30T20:04:09.3838139Z   "checked_files": 51754,
2026-09-30T20:04:09.3838556Z   "regenerable_bytecode_count": 16486,
2026-09-30T20:04:09.3839114Z   "prefix_relocated_without_installed_hash_count": 0,
2026-09-30T20:04:09.3839861Z   "documented_collisions": [
2026-09-30T20:04:09.3840533Z     {
2026-09-30T20:04:09.3840911Z       "path": "lib/python3.11/site-packages/docs/conf.py",
2026-09-30T20:04:09.3841405Z       "owners": [
2026-09-30T20:04:09.3841695Z         {
2026-09-30T20:04:09.3841985Z           "name": "openff-nagl-models",
2026-09-30T20:04:09.3842627Z           "sha256": "e87132e7bf74982a1f851924e906df29e833eb4ed296276568451e05615a0d2d"
2026-09-30T20:04:09.3843262Z         },
2026-09-30T20:04:09.3843529Z         {
2026-09-30T20:04:09.3843848Z           "name": "openff-toolkit-base",
2026-09-30T20:04:09.3844454Z           "sha256": "19ed721347e3528c89076887044679ae6910f2e193a3ed53ae79d6c3d834d973"
2026-09-30T20:04:09.3845064Z         },
2026-09-30T20:04:09.3845334Z         {
2026-09-30T20:04:09.3845650Z           "name": "openff-utilities",
2026-09-30T20:04:09.3846273Z           "sha256": "ed175608234bfdd19e7ab51d0c3ea99dce1e21122174941576bf4fd52c05067a"
2026-09-30T20:04:09.3846896Z         }
2026-09-30T20:04:09.3847157Z       ],
2026-09-30T20:04:09.3847706Z       "installed_sha256": "19ed721347e3528c89076887044679ae6910f2e193a3ed53ae79d6c3d834d973",
2026-09-30T20:04:09.3848510Z       "reason": "Known nonruntime Sphinx configuration collision"
2026-09-30T20:04:09.3849027Z     },
2026-09-30T20:04:09.3849288Z     {
2026-09-30T20:04:09.3849659Z       "path": "lib/python3.11/site-packages/tests/__init__.py",
2026-09-30T20:04:09.3850339Z       "owners": [
2026-09-30T20:04:09.3850641Z         {
2026-09-30T20:04:09.3850922Z           "name": "propka",
2026-09-30T20:04:09.3851277Z           "version": "3.5.1",
2026-09-30T20:04:09.3851638Z           "installer": "conda",
2026-09-30T20:04:09.3852216Z           "sha256": "01ba4719c80b6fe911b091a7c05124b64eeece964e09c058ef8f9805daca546b"
2026-09-30T20:04:09.3852845Z         },
2026-09-30T20:04:09.3853111Z         {
2026-09-30T20:04:09.3853427Z           "name": "mace-torch",
2026-09-30T20:04:09.3853868Z           "version": "0.3.16",
2026-09-30T20:04:09.3854298Z           "installer": "pip",
2026-09-30T20:04:09.3854946Z           "sha256": "93370f0df51084312bf42215b21caa72cb2ed0d2859cb8770282d938d5a260a0"
2026-09-30T20:04:09.3855619Z         }
2026-09-30T20:04:09.3855902Z       ],
2026-09-30T20:04:09.3856493Z       "installed_sha256": "93370f0df51084312bf42215b21caa72cb2ed0d2859cb8770282d938d5a260a0",
2026-09-30T20:04:09.3857534Z       "reason": "Exact bundled test initializer collision; upstream tests are not imported"
2026-09-30T20:04:09.3858252Z     }
2026-09-30T20:04:09.3858528Z   ]
2026-09-30T20:04:09.3858806Z }
2026-09-30T20:04:09.6839090Z pdb2pqr 3.6.1 has requirement docutils<0.18, but you have docutils 0.23.
2026-09-30T20:04:10.8905804Z ##[error]Process completed with exit code 1.
2026-09-30T20:04:10.9375487Z ##[group]Run actions/upload-artifact@ea165f8d65b6e75b540449e92b4886f43607fa02
2026-09-30T20:04:10.9375908Z with:
2026-09-30T20:04:10.9376169Z   name: g00-cpu-bd40066c54a49c7cfbd6c6b8e7fe4c96ac78ae7c-1
2026-09-30T20:04:10.9376515Z   path: artifacts/g00-cpu/
2026-09-30T20:04:10.9376766Z   if-no-files-found: error
2026-09-30T20:04:10.9376987Z   retention-days: 30
2026-09-30T20:04:10.9377198Z   compression-level: 6
2026-09-30T20:04:10.9377408Z   overwrite: false
2026-09-30T20:04:10.9377619Z   include-hidden-files: false
2026-09-30T20:04:10.9377846Z env:
2026-09-30T20:04:10.9378033Z   OPENMM_CPU_THREADS: 2
2026-09-30T20:04:10.9378245Z   OMP_NUM_THREADS: 2
2026-09-30T20:04:10.9378477Z   MAMBA_ROOT_PREFIX: /home/runner/micromamba
2026-09-30T20:04:10.9378793Z   MAMBA_EXE: /home/runner/micromamba-bin/micromamba
2026-09-30T20:04:10.9379157Z   CONDARC: /home/runner/work/_temp/setup-micromamba/.condarc
2026-09-30T20:04:10.9379473Z ##[endgroup]
2026-09-30T20:04:11.1030835Z (node:3835) [DEP0040] DeprecationWarning: The `punycode` module is deprecated. Please use a userland alternative instead.
2026-09-30T20:04:11.1032222Z (Use `node --trace-deprecation ...` to show where the warning was created)
2026-09-30T20:04:11.1184148Z With the provided path, there will be 46 files uploaded
2026-09-30T20:04:11.1190998Z Artifact name is valid!
2026-09-30T20:04:11.1191865Z Root directory input is valid!
2026-09-30T20:04:11.3427788Z Beginning upload of artifact content to blob storage
2026-09-30T20:04:11.9322857Z (node:3835) [DEP0169] DeprecationWarning: `url.parse()` behavior is not standardized and prone to errors that have security implications. Use the WHATWG URL API instead. CVEs are not issued for `url.parse()` vulnerabilities.
2026-09-30T20:04:12.1490468Z Uploaded bytes 8388608
2026-09-30T20:04:12.3226467Z Uploaded bytes 14623504
2026-09-30T20:04:12.3424101Z Finished uploading artifact content to blob storage!
2026-09-30T20:04:12.3425503Z SHA256 digest of uploaded artifact zip is fa42cd7d904f25898a77be6d9e4442a04cd0aa91d33e46f20a8eae2b8ecb87fc
2026-09-30T20:04:12.3427263Z Finalizing artifact upload
2026-09-30T20:04:12.5728823Z Artifact g00-cpu-bd40066c54a49c7cfbd6c6b8e7fe4c96ac78ae7c-1.zip successfully finalized. Artifact ID 11123134094
2026-09-30T20:04:12.5730885Z Artifact g00-cpu-bd40066c54a49c7cfbd6c6b8e7fe4c96ac78ae7c-1 has been successfully uploaded! Final size is 14623504 bytes. Artifact ID is 11123134094
2026-09-30T20:04:12.5736463Z Artifact download URL: https://github.com/georgpou/AToM_MLMM/actions/runs/36769768954/artifacts/11123134094
2026-09-30T20:04:12.5952751Z Post job cleanup.
2026-09-30T20:04:12.7359224Z Will use pre-installed micromamba at /home/runner/micromamba-bin/micromamba
2026-09-30T20:04:12.7524296Z Post job cleanup.
2026-09-30T20:04:12.8427627Z [command]/usr/bin/git version
2026-09-30T20:04:12.8470782Z git version 2.55.0
2026-09-30T20:04:12.8511216Z Temporarily overriding HOME='/home/runner/work/_temp/b1bb8ff5-2f4d-4ae7-a330-b19361d8a0ad' before making global git config changes
2026-09-30T20:04:12.8513042Z Adding repository directory to the temporary git global config as a safe directory
2026-09-30T20:04:12.8517675Z [command]/usr/bin/git config --global --add safe.directory /home/runner/work/AToM_MLMM/AToM_MLMM
2026-09-30T20:04:12.8556478Z [command]/usr/bin/git config --local --name-only --get-regexp core\.sshCommand
2026-09-30T20:04:12.8592613Z [command]/usr/bin/git submodule foreach --recursive sh -c "git config --local --name-only --get-regexp 'core\.sshCommand' && git config --local --unset-all 'core.sshCommand' || :"
2026-09-30T20:04:12.8837793Z [command]/usr/bin/git config --local --name-only --get-regexp http\.https\:\/\/github\.com\/\.extraheader
2026-09-30T20:04:12.8875981Z [command]/usr/bin/git submodule foreach --recursive sh -c "git config --local --name-only --get-regexp 'http\.https\:\/\/github\.com\/\.extraheader' && git config --local --unset-all 'http.https://github.com/.extraheader' || :"
2026-09-30T20:04:12.9136855Z [command]/usr/bin/git config --local --name-only --get-regexp ^includeIf\.gitdir:
2026-09-30T20:04:12.9173032Z [command]/usr/bin/git submodule foreach --recursive git config --local --show-origin --name-only --get-regexp remote.origin.url
2026-09-30T20:04:12.9566929Z Cleaning up orphan processes
2026-09-30T20:04:12.9857239Z ##[warning]Node.js 20 is deprecated. The following actions target Node.js 20 but are being forced to run on Node.js 24: actions/checkout@11d5960a326750d5838078e36cf38b85af677262, actions/upload-artifact@ea165f8d65b6e75b540449e92b4886f43607fa02, mamba-org/setup-micromamba@add3a49764cedee8ee24e82dfde87f5bc2914462. For more information see: https://github.blog/changelog/2025-09-19-deprecation-of-node-20-on-github-actions-runners/
